band_00_mae,band_00_rmse,band_01_mae,band_01_rmse,band_02_mae,band_02_rmse,band_03_mae,band_03_rmse,band_04_mae,band_04_rmse,band_05_mae,band_05_rmse,band_06_mae,band_06_rmse,band_07_mae,band_07_rmse,band_08_mae,band_08_rmse,band_09_mae,band_09_rmse,band_10_mae,band_10_rmse,band_11_mae,band_11_rmse,band_12_mae,band_12_rmse,band_13_mae,band_13_rmse,band_14_mae,band_14_rmse,band_15_mae,band_15_rmse,band_16_mae,band_16_rmse,band_17_mae,band_17_rmse,band_18_mae,band_18_rmse,band_19_mae,band_19_rmse,band_20_mae,band_20_rmse,band_21_mae,band_21_rmse,band_22_mae,band_22_rmse,band_23_mae,band_23_rmse,band_24_mae,band_24_rmse,band_25_mae,band_25_rmse,band_26_mae,band_26_rmse,band_27_mae,band_27_rmse,band_28_mae,band_28_rmse,band_29_mae,band_29_rmse,band_30_mae,band_30_rmse,max_abs_err,mean_abs_err,mse,name,rmse
0.2933492064476013,0.30112138390541077,0.20376482605934143,0.21117864549160004,0.11907360702753067,0.12898921966552734,0.10627678781747818,0.11768597364425659,0.08278165757656097,0.10509078204631805,0.06256334483623505,0.08093862235546112,0.06942665576934814,0.0900002270936966,0.07439084351062775,0.09723455458879471,0.07008019089698792,0.09322458505630493,0.07092337310314178,0.09876217693090439,0.06809112429618835,0.09391339123249054,0.07168325036764145,0.09588092565536499,0.07444038987159729,0.09861089289188385,0.07351265847682953,0.0972430631518364,0.07295593619346619,0.09776103496551514,0.08286915719509125,0.11468513309955597,0.07427903264760971,0.10118628293275833,0.07457129657268524,0.10195478796958923,0.07425561547279358,0.10211147367954254,0.07716123014688492,0.10558170825242996,0.0857124999165535,0.11820521205663681,0.0949045941233635,0.13568100333213806,0.1021241694688797,0.14706538617610931,0.10465510189533234,0.15508955717086792,0.10483038425445557,0.1586279273033142,0.10521221160888672,0.16112510859966278,0.10416308790445328,0.15892621874809265,0.11323778331279755,0.170515775680542,0.10446442663669586,0.15157540142536163,0.1187080666422844,0.1687593162059784,0.11716777831315994,0.15586069226264954,0.990861713886261,0.09845130890607834,0.018749693408608437,p001_neutral_front,0.13692951985824106
0.2882698178291321,0.2965700924396515,0.20430628955364227,0.21325799822807312,0.12066381424665451,0.1337953358888626,0.11106288433074951,0.1266806274652481,0.09770841896533966,0.12625859677791595,0.07408448308706284,0.09548855572938919,0.08305744081735611,0.10643057525157928,0.08956381678581238,0.11480932682752609,0.08507441729307175,0.1096973717212677,0.08900371193885803,0.11817128211259842,0.08416537195444107,0.11070975661277771,0.08539264649152756,0.10997457802295685,0.08743633329868317,0.11191408336162567,0.08618579059839249,0.11026059836149216,0.0860334038734436,0.11103296279907227,0.10288190841674805,0.13626787066459656,0.08854079246520996,0.11486035585403442,0.08877942711114883,0.11511459946632385,0.0883946642279625,0.11500414460897446,0.09268049895763397,0.11960035562515259,0.10104627162218094,0.1308504045009613,0.10968299210071564,0.1450590342283249,0.11812139302492142,0.15639157593250275,0.11944884806871414,0.16223259270191193,0.11930215358734131,0.16491426527500153,0.11656378209590912,0.1620069146156311,0.11561697721481323,0.16034585237503052,0.12360583245754242,0.1726844757795334,0.10890142619609833,0.14674873650074005,0.12251367419958115,0.16684512794017792,0.11691751331090927,0.1516057550907135,0.9914278388023376,0.10984707623720169,0.02088822051882744,p001_neutral_left,0.14452757701846192
0.293620765209198,0.30111053586006165,0.2016332447528839,0.20789797604084015,0.11831951886415482,0.12607461214065552,0.1042577251791954,0.11239538341760635,0.07429846376180649,0.0901094451546669,0.05643986910581589,0.07156514376401901,0.062013570219278336,0.07944449782371521,0.06609218567609787,0.08577572554349899,0.0615573450922966,0.08243715018033981,0.0599643811583519,0.08503620326519012,0.058687761425971985,0.08278444409370422,0.06411922723054886,0.08719601482152939,0.06731321662664413,0.09051109850406647,0.06634259968996048,0.08887182921171188,0.06530967354774475,0.08858402818441391,0.06934869289398193,0.09671682864427567,0.06623011827468872,0.09162838757038116,0.06674155592918396,0.09271526336669922,0.06619412451982498,0.09262514859437943,0.06849198043346405,0.0956677570939064,0.07791121304035187,0.11059138178825378,0.08740021288394928,0.1297680288553238,0.09378454089164734,0.14103350043296814,0.09789393097162247,0.15153464674949646,0.0990925133228302,0.15690122544765472,0.10058155655860901,0.16149204969406128,0.10014867782592773,0.16108548641204834,0.10798824578523636,0.17106027901172638,0.10319957137107849,0.15774045884609222,0.1157911941409111,0.17161960899829865,0.11752890050411224,0.16172140836715698,0.9947217702865601,0.09221461415290833,0.017573053017258644,p001_neutral_right,0.13256339244775928
0.2910132110118866,0.2987893521785736,0.2026900351047516,0.21038851141929626,0.11883683502674103,0.12923045456409454,0.10673555731773376,0.1187683716416359,0.08489999175071716,0.10845529288053513,0.06426800787448883,0.0833955705165863,0.07130735367536545,0.09264891594648361,0.07654470205307007,0.10017180442810059,0.07210024446249008,0.09600429236888885,0.07307524979114532,0.10171659290790558,0.06988948583602905,0.09641624242067337,0.07325930893421173,0.09791766107082367,0.07588567584753036,0.10038318485021591,0.07476342469453812,0.09889478981494904,0.07398105412721634,0.09928660094738007,0.08411696553230286,0.11654326319694519,0.07529210299253464,0.10276205092668533,0.07566806674003601,0.1036616787314415,0.07503056526184082,0.10335653275251389,0.0779762789607048,0.10668312758207321,0.08715027570724487,0.1200336217880249,0.09660980850458145,0.13767240941524506,0.10388083010911942,0.14858266711235046,0.10663299262523651,0.15713633596897125,0.10713235288858414,0.16115298867225647,0.10721846669912338,0.16309086978435516,0.10617409646511078,0.16088883578777313,0.11545839160680771,0.17411644756793976,0.1048492044210434,0.15247249603271484,0.11989104002714157,0.17194680869579315,0.11721924692392349,0.1575726568698883,0.993746280670166,0.09967232495546341,0.019156118854880333,p001_smile_front,0.1384056315865808
0.2877182066440582,0.2959649860858917,0.20279881358146667,0.21182629466056824,0.1194755882024765,0.1324826031923294,0.10940876603126526,0.12480282783508301,0.09464578330516815,0.12287203967571259,0.07215588539838791,0.09347957372665405,0.08082236349582672,0.10433424264192581,0.08718997240066528,0.11271142959594727,0.08306857198476791,0.10809236019849777,0.08679956942796707,0.11635538935661316,0.08260093629360199,0.10967715084552765,0.08425231277942657,0.10967551916837692,0.08671656996011734,0.11211321502923965,0.08575307577848434,0.11079645156860352,0.08566660434007645,0.11161423474550247,0.10078233480453491,0.1346188187599182,0.08812537789344788,0.11566337943077087,0.08833397179841995,0.11608432978391647,0.08803986012935638,0.11600574851036072,0.09189363569021225,0.12017636001110077,0.10027828812599182,0.13218790292739868,0.10910408943891525,0.14778852462768555,0.11715775728225708,0.1587199717760086,0.11903183162212372,0.16585154831409454,0.11927973479032516,0.16927310824394226,0.11701186746358871,0.1678842306137085,0.1161237359046936,0.1659105122089386,0.12400174885988235,0.1785508096218109,0.11035846918821335,0.1535443663597107,0.12351558357477188,0.17344462871551514,0.11895124614238739,0.15873964130878448,0.9915441274642944,0.10907462239265442,0.021291609853506088,p001_smile_left,0.1459164481938417
0.2911008298397064,0.29858750104904175,0.19936349987983704,0.20559804141521454,0.11698286235332489,0.12472327053546906,0.10329258441925049,0.11137422174215317,0.07336310297250748,0.08902069926261902,0.055575769394636154,0.0708610862493515,0.06100761145353317,0.078534334897995,0.06491165608167648,0.08466024696826935,0.060395821928977966,0.08145738393068314,0.058654461055994034,0.08389420062303543,0.05743017792701721,0.08177285641431808,0.06276474893093109,0.08612824231386185,0.06601965427398682,0.08952264487743378,0.06519347429275513,0.08815741539001465,0.064242884516716,0.08791252970695496,0.06827674061059952,0.09590819478034973,0.06518977135419846,0.0909806415438652,0.06568227708339691,0.09203220158815384,0.06510841101408005,0.09185595065355301,0.06740415841341019,0.09487373381853104,0.07667592912912369,0.10953632742166519,0.08589939028024673,0.12808895111083984,0.09226126968860626,0.1391349583864212,0.09622077643871307,0.14913587272167206,0.09739704430103302,0.15416641533374786,0.0987185463309288,0.15841400623321533,0.0982474535703659,0.1579611897468567,0.10569005459547043,0.16754315793514252,0.10077580064535141,0.15437491238117218,0.11306368559598923,0.16789811849594116,0.11479911208152771,0.1582648903131485,0.9961942434310913,0.09071170538663864,0.017094219103455544,p001_smile_right,0.13074486262739177
0.2865835130214691,0.2949172258377075,0.19563037157058716,0.20431387424468994,0.1141885444521904,0.12535804510116577,0.10114302486181259,0.11359155178070068,0.07599307596683502,0.09939517825841904,0.05853654444217682,0.078067347407341,0.0642276182770729,0.08629395067691803,0.06835613399744034,0.0929812639951706,0.06470382958650589,0.08972528576850891,0.06394641846418381,0.094228595495224,0.06169348210096359,0.09010414034128189,0.0656839907169342,0.09210143238306046,0.06866244226694107,0.09507108479738235,0.06828393787145615,0.09421989321708679,0.06712126731872559,0.09421341121196747,0.07328316569328308,0.1082749292254448,0.06787646561861038,0.09726233780384064,0.0680873841047287,0.0976773276925087,0.06766608357429504,0.09774523973464966,0.07059702277183533,0.10080873221158981,0.07887600362300873,0.11144372075796127,0.08724318444728851,0.12528465688228607,0.09654641896486282,0.13578276336193085,0.1014723852276802,0.14409631490707397,0.10390939563512802,0.1487661600112915,0.10337568074464798,0.14931319653987885,0.10537414252758026,0.15032432973384857,0.11302404850721359,0.16089558601379395,0.1064721867442131,0.14654512703418732,0.11964758485555649,0.1623011976480484,0.11951317638158798,0.15461933612823486,0.9910781979560852,0.09380146116018295,0.017175979912281036,p002_neutral_front,0.13105716276602755
0.28846678137779236,0.2959645092487335,0.19554580748081207,0.2022394984960556,0.1143486425280571,0.12242582440376282,0.10012531280517578,0.10833755880594254,0.06856240332126617,0.0841888040304184,0.0523892305791378,0.06796939671039581,0.05717563256621361,0.07502742856740952,0.060753658413887024,0.08081509172916412,0.056486986577510834,0.07772243022918701,0.05377323180437088,0.07959230244159698,0.052707843482494354,0.07782772183418274,0.058370210230350494,0.08246786147356033,0.061716899275779724,0.08613298088312149,0.06088327243924141,0.08477950096130371,0.05917656049132347,0.08386039733886719,0.061618659645318985,0.09011072665452957,0.05966859310865402,0.0865853875875473,0.06009965017437935,0.08760512620210648,0.05988873541355133,0.08742523193359375,0.06235054135322571,0.09023664146661758,0.07136187702417374,0.10425981134176254,0.08141840994358063,0.12217627465724945,0.09142531454563141,0.1334514617919922,0.0986417680978775,0.14555276930332184,0.10231318324804306,0.1524621546268463,0.1035708636045456,0.1562660187482834,0.1057782843708992,0.1580488383769989,0.1141616702079773,0.1698453724384308,0.10884397476911545,0.15686801075935364,0.12365390360355377,0.17388959228992462,0.12421556562185287,0.16546447575092316,0.9952588081359863,0.08934249728918076,0.016576655209064484,p002_neutral_left,0.12875036003469847
0.2842507064342499,0.29318922758102417,0.19650568068027496,0.20662060379981995,0.11562000215053558,0.12883608043193817,0.10402297973632812,0.11916813254356384,0.08366814255714417,0.11094413697719574,0.0653882846236229,0.08710364252328873,0.07219599187374115,0.09647414833307266,0.07744002342224121,0.10417056828737259,0.07425901293754578,0.10103650391101837,0.07551030069589615,0.10695510357618332,0.07269172370433807,0.10183756053447723,0.07571791112422943,0.10320985317230225,0.07870162278413773,0.10615982115268707,0.07862970978021622,0.10567493736743927,0.07794885337352753,0.10584492981433868,0.0869288519024849,0.12247705459594727,0.07958392798900604,0.10919135808944702,0.07974480837583542,0.10951930284500122,0.07910868525505066,0.10902667045593262,0.08267764002084732,0.11278975009918213,0.09090836346149445,0.12365564703941345,0.09859384596347809,0.13618476688861847,0.10721941292285919,0.14619173109531403,0.110564686357975,0.15312696993350983,0.11206185072660446,0.15705054998397827,0.10974134504795074,0.1549718976020813,0.11101441830396652,0.15565454959869385,0.11746034771203995,0.165227472782135,0.1087779551744461,0.14789384603500366,0.11973389238119125,0.16274720430374146,0.11770087480545044,0.15348213911056519,0.9911929368972778,0.1014396920800209,0.019047589972615242,p002_neutral_right,0.13801300653422213
0.285661518573761,0.2936539053916931,0.19405436515808105,0.20200908184051514,0.11331791430711746,0.12324105948209763,0.10015895217657089,0.11108368635177612,0.07340824604034424,0.09430715441703796,0.05640200152993202,0.07439951598644257,0.061789777129888535,0.08221492171287537,0.06573154032230377,0.0885913074016571,0.061772290617227554,0.08528389036655426,0.060453109443187714,0.08920512348413467,0.05847465619444847,0.08557926118373871,0.0629739761352539,0.08815231174230576,0.06592506170272827,0.09113645553588867,0.06523740291595459,0.09002474695444107,0.06376457959413528,0.08974307775497437,0.06904588639736176,0.1021343246102333,0.06445945799350739,0.09268491715192795,0.06484143435955048,0.0933523178100586,0.06429757177829742,0.09325733035802841,0.06715761870145798,0.09616988897323608,0.07608146220445633,0.10777926445007324,0.08524066209793091,0.12321389466524124,0.09476786106824875,0.13396309316158295,0.10021409392356873,0.1433630883693695,0.10281596332788467,0.14867153763771057,0.10291232913732529,0.15078191459178925,0.10464832931756973,0.15168333053588867,0.11261933296918869,0.16319431364536285,0.10571758449077606,0.14852091670036316,0.11941468715667725,0.16507241129875183,0.11855759471654892,0.15581919252872467,0.9931185841560364,0.09167855232954025,0.016702577471733093,p002_smile_front,0.12923845198598247
0.28768205642700195,0.2951173186302185,0.19438698887825012,0.20079337060451508,0.11341851204633713,0.12094361335039139,0.09915345907211304,0.10665260255336761,0.06712052971124649,0.08159948885440826,0.05093783140182495,0.06518678367137909,0.05551743879914284,0.07200963795185089,0.0588492788374424,0.07746048271656036,0.05453309044241905,0.07418980449438095,0.0515645407140255,0.07587767392396927,0.050538163632154465,0.07428079098463058,0.05638599395751953,0.07905875891447067,0.059715382754802704,0.08269105106592178,0.05871695280075073,0.0811261385679245,0.05666257068514824,0.0798199251294136,0.0587146021425724,0.08589867502450943,0.0569770373404026,0.08245273679494858,0.0574125312268734,0.08343201130628586,0.057028912007808685,0.0830865427851677,0.05955231189727783,0.08617755025625229,0.06886784732341766,0.10083615779876709,0.07890123873949051,0.11922164261341095,0.08916523307561874,0.13098585605621338,0.09655112773180008,0.14346210658550262,0.10038655251264572,0.15074710547924042,0.10175079107284546,0.1546587496995926,0.10421396046876907,0.15672224760055542,0.1128702163696289,0.16877101361751556,0.10764623433351517,0.15590637922286987,0.12259387969970703,0.17327189445495605,0.12341833114624023,0.1651114523410797,0.9928362369537354,0.08746322989463806,0.016048932448029518,p002_smile_left,0.12668438123158482
0.28370824456214905,0.29279395937919617,0.19521567225456238,0.2057732194662094,0.1150158941745758,0.12863434851169586,0.1037079319357872,0.11926664412021637,0.08315207809209824,0.11065554618835449,0.06525929272174835,0.08755379915237427,0.07191122323274612,0.09671588987112045,0.07702837884426117,0.10444094240665436,0.0740617960691452,0.10159194469451904,0.07510629296302795,0.10730163007974625,0.07242707163095474,0.10232166945934296,0.07553090900182724,0.10371182858943939,0.07865589112043381,0.10684511810541153,0.07886871695518494,0.10643845051527023,0.07840568572282791,0.10678703337907791,0.08686242252588272,0.12309728562831879,0.08007575571537018,0.1101030707359314,0.08019471168518066,0.11042385548353195,0.07957117259502411,0.11007583141326904,0.0832371786236763,0.11405898630619049,0.09142950177192688,0.12462550401687622,0.09876392781734467,0.1367572695016861,0.10694555938243866,0.14680787920951843,0.10997628420591354,0.15312153100967407,0.11140748113393784,0.15674476325511932,0.10906822979450226,0.1544824093580246,0.11045153439044952,0.15525905787944794,0.1165967807173729,0.1638619750738144,0.1085607260465622,0.14773619174957275,0.11912750452756882,0.16120488941669464,0.1177043542265892,0.15264518558979034,0.9931279420852661,0.10123421996831894,0.01906113512814045,p002_smile_right,0.13806206983867964
0.3085263967514038,0.3164782226085663,0.20348505675792694,0.21184943616390228,0.12968891859054565,0.13916848599910736,0.0943061113357544,0.10555195063352585,0.07550649344921112,0.09588117897510529,0.06346721947193146,0.08256979286670685,0.06936042755842209,0.09099968522787094,0.07101207226514816,0.09418250620365143,0.07007954269647598,0.09357747435569763,0.07412269711494446,0.10094334930181503,0.0766429454088211,0.10488326102495193,0.07650656253099442,0.10275030881166458,0.07944292575120926,0.1054435446858406,0.07446548342704773,0.09983067959547043,0.0724138468503952,0.09767499566078186,0.08791159838438034,0.11989930272102356,0.07659931480884552,0.10489682853221893,0.07979104667901993,0.10826040804386139,0.07804738730192184,0.10666951537132263,0.07546869665384293,0.10335991531610489,0.08821090310811996,0.12392333149909973,0.1067650094628334,0.15692904591560364,0.10861348360776901,0.1610751748085022,0.11453300714492798,0.17565101385116577,0.11407581716775894,0.17816783487796783,0.1289437860250473,0.20503820478916168,0.11689300090074539,0.18415255844593048,0.13269785046577454,0.20815593004226685,0.11997650563716888,0.18049262464046478,0.14586545526981354,0.22093580663204193,0.13326041400432587,0.18665318191051483,0.9937310814857483,0.10474397987127304,0.022701134905219078,p003_neutral_front,0.1506689580013716
0.3086431324481964,0.31737157702445984,0.2077547013759613,0.21718327701091766,0.13229376077651978,0.14339163899421692,0.09749088436365128,0.110469751060009,0.0874883159995079,0.10989784449338913,0.07203551381826401,0.09039516001939774,0.07949688285589218,0.09992454946041107,0.08239448815584183,0.10453718900680542,0.08179941028356552,0.10558680444955826,0.08873552829027176,0.11485547572374344,0.09082797169685364,0.11872115731239319,0.08839572966098785,0.11650014668703079,0.09124091267585754,0.12009798735380173,0.08700349926948547,0.11602415889501572,0.08409477770328522,0.111787348985672,0.1051570326089859,0.1373368501663208,0.08942238986492157,0.11999964714050293,0.09267835319042206,0.12388668954372406,0.08871211856603622,0.11768810451030731,0.08814841508865356,0.11764663457870483,0.1059066578745842,0.1462814211845398,0.1254952847957611,0.17866049706935883,0.128113254904747,0.18283896148204803,0.1354696899652481,0.19898539781570435,0.13638009130954742,0.20339201390743256,0.14915966987609863,0.22477833926677704,0.13681833446025848,0.2051388919353485,0.1542360931634903,0.23312219977378845,0.13472886383533478,0.1957075446844101,0.16481366753578186,0.2434234619140625,0.14980292320251465,0.20622780919075012,0.9079060554504395,0.11822772026062012,0.027280377224087715,p003_neutral_left,0.1651677245229458
0.3138791024684906,0.3214960992336273,0.20436805486679077,0.2116328924894333,0.12912636995315552,0.1367308497428894,0.09190764278173447,0.10018675774335861,0.06344219297170639,0.07754844427108765,0.05517376586794853,0.0752105787396431,0.060772404074668884,0.08421105891466141,0.06356394290924072,0.08915756642818451,0.06403391808271408,0.09118914604187012,0.06698320060968399,0.09739498794078827,0.07216788083314896,0.10617997497320175,0.07611016184091568,0.10935941338539124,0.08098171651363373,0.11428356915712357,0.07681586593389511,0.10844677686691284,0.07485798001289368,0.10513165593147278,0.08179871737957001,0.11263704299926758,0.07923982292413712,0.11256255209445953,0.08208391815423965,0.11534643918275833,0.0796637088060379,0.11334757506847382,0.07760214060544968,0.1122560054063797,0.09209439158439636,0.13764910399913788,0.11152318120002747,0.1724628061056137,0.11420588195323944,0.1795104593038559,0.12195059657096863,0.19517210125923157,0.1226925477385521,0.19906538724899292,0.13813947141170502,0.226958766579628,0.1276370882987976,0.2090461403131485,0.14020703732967377,0.22571323812007904,0.13316963613033295,0.2095440924167633,0.1547994464635849,0.24049566686153412,0.1472322791814804,0.2163698673248291,0.9923590421676636,0.10641127824783325,0.025770999491214752,p003_neutral_right,0.16053348401880135
0.3130733072757721,0.32088765501976013,0.2064073085784912,0.21405114233493805,0.13170339167118073,0.1400538682937622,0.09588164836168289,0.10527634620666504,0.07355493307113647,0.09059850871562958,0.06256017088890076,0.07963752746582031,0.06808052957057953,0.08786780387163162,0.07018903642892838,0.09169415384531021,0.06914789229631424,0.09158428758382797,0.07196079939603806,0.09726859629154205,0.07501328736543655,0.1018744707107544,0.07587511092424393,0.10110907256603241,0.07878540456295013,0.10360290110111237,0.07243846356868744,0.09622029215097427,0.068503737449646,0.09164801239967346,0.07956793159246445,0.1080775335431099,0.07200965285301208,0.09767976403236389,0.07535343617200851,0.1011868491768837,0.07206954061985016,0.0976916253566742,0.07016817480325699,0.09557519108057022,0.08651649951934814,0.1203601211309433,0.10693178325891495,0.15510323643684387,0.10929553955793381,0.16042664647102356,0.11711049824953079,0.17714443802833557,0.11760242283344269,0.18145667016506195,0.13259731233119965,0.20761661231517792,0.12128297239542007,0.18852896988391876,0.13719964027404785,0.2114795297384262,0.12496375292539597,0.1858154535293579,0.15150921046733856,0.22474201023578644,0.13953255116939545,0.19221508502960205,0.989688515663147,0.10475005954504013,0.022632725536823273,p003_smile_front,0.15044176792640823
0.3085748255252838,0.3173958659172058,0.206973135471344,0.2165304273366928,0.13167978823184967,0.142816424369812,0.09676448255777359,0.1096908450126648,0.08581900596618652,0.10823357105255127,0.07101783156394958,0.08949647843837738,0.07830879837274551,0.09888869524002075,0.08125955611467361,0.10349120199680328,0.0806974321603775,0.10457579791545868,0.08707873523235321,0.11341580748558044,0.08935602754354477,0.1174946278333664,0.08720128238201141,0.11544819921255112,0.09002229571342468,0.11887543648481369,0.08541667461395264,0.11430342495441437,0.08218847960233688,0.10972076654434204,0.1018742099404335,0.13389107584953308,0.08710715919733047,0.1175273209810257,0.09027376770973206,0.12128838151693344,0.08625530451536179,0.11510588228702545,0.08577464520931244,0.11480188369750977,0.10364373028278351,0.14380119740962982,0.12357445061206818,0.17714855074882507,0.1265377402305603,0.1815856695175171,0.134339839220047,0.19850176572799683,0.13562099635601044,0.20341728627681732,0.14844746887683868,0.22509591281414032,0.13635456562042236,0.20542626082897186,0.15345244109630585,0.23287983238697052,0.13446956872940063,0.19593054056167603,0.16399158537387848,0.24264779686927795,0.14958058297634125,0.20646131038665771,0.9803232550621033,0.11690220236778259,0.026986023411154747,p003_smile_left,0.1642742323407866
0.3129445016384125,0.320233017206192,0.2030494660139084,0.20958764851093292,0.12866531312465668,0.1357424408197403,0.09201879799365997,0.09969589859247208,0.06378918141126633,0.07706873118877411,0.05478500947356224,0.07341745495796204,0.06036623939871788,0.08244264125823975,0.06305068731307983,0.08738476037979126,0.06339533627033234,0.08936165273189545,0.06662125885486603,0.09577149152755737,0.07144900411367416,0.10376991331577301,0.07508577406406403,0.1067432388663292,0.07973670959472656,0.11144626885652542,0.07556919008493423,0.10540539026260376,0.07378769665956497,0.10208883136510849,0.08104082196950912,0.11009425669908524,0.07811428606510162,0.10934166610240936,0.08074076473712921,0.11195263266563416,0.07840150594711304,0.10956721752882004,0.07689879834651947,0.10897870361804962,0.09175056964159012,0.13474173843860626,0.1109042838215828,0.16910895705223083,0.11406127363443375,0.17698721587657928,0.12071150541305542,0.19118037819862366,0.12074875831604004,0.19422534108161926,0.13523662090301514,0.22075709700584412,0.12515738606452942,0.2032221257686615,0.13693973422050476,0.2181144803762436,0.1312054842710495,0.20312213897705078,0.15173447132110596,0.231764018535614,0.1461123824119568,0.20956046879291534,0.9943623542785645,0.10530884563922882,0.02464744634926319,p003_smile_right,0.15699505198974645
0.30130860209465027,0.3088204562664032,0.1945429891347885,0.2010491043329239,0.1255166232585907,0.1329062283039093,0.0914606973528862,0.0996832624077797,0.06973274052143097,0.08641892671585083,0.05477391555905342,0.07028317451477051,0.05805512145161629,0.07612867653369904,0.05876026675105095,0.07830370217561722,0.05664043128490448,0.07691536098718643,0.05814677104353905,0.0829651802778244,0.0591631643474102,0.08507416397333145,0.059946972876787186,0.08304672688245773,0.06297407299280167,0.08562503755092621,0.059155724942684174,0.08202991634607315,0.058853790163993835,0.08245421200990677,0.0732196718454361,0.10524478554725647,0.06263630092144012,0.08978772163391113,0.06563418358564377,0.09282831102609634,0.06499820947647095,0.09332607686519623,0.062189579010009766,0.09049462527036667,0.0680316761136055,0.1027723103761673,0.07808011770248413,0.12526720762252808,0.07954233139753342,0.12963971495628357,0.08193041384220123,0.138784721493721,0.08072878420352936,0.14032451808452606,0.09082293510437012,0.16146059334278107,0.08256223052740097,0.1460454761981964,0.09267611056566238,0.1629427671432495,0.0850508064031601,0.14280210435390472,0.10372692346572876,0.17200331389904022,0.09837762266397476,0.1481592357158661,0.980967104434967,0.08514786511659622,0.01640496216714382,p004_neutral_front,0.12808185729112387
0.30636540055274963,0.313137948513031,0.19641950726509094,0.20101146399974823,0.1284443587064743,0.1331639140844345,0.09364747256040573,0.09776797890663147,0.06342753022909164,0.07105498760938644,0.0476231575012207,0.059033896774053574,0.04875384271144867,0.06278026849031448,0.04879032075405121,0.06424977630376816,0.04641103371977806,0.06333919614553452,0.045604199171066284,0.06509370356798172,0.04649769142270088,0.06812810152769089,0.04961264505982399,0.07002080976963043,0.05336664617061615,0.07351820915937424,0.0502503328025341,0.07107347995042801,0.0505208745598793,0.07177237421274185,0.059087123721838,0.08108073472976685,0.05401041731238365,0.07858021557331085,0.05750899016857147,0.0823206827044487,0.05679910629987717,0.0825250893831253,0.053845394402742386,0.08024955540895462,0.057695455849170685,0.09247147291898727,0.06371714174747467,0.11061937361955643,0.06353303790092468,0.11193137615919113,0.06440464407205582,0.11913064867258072,0.062312185764312744,0.11969447880983353,0.06951457262039185,0.13511346280574799,0.06405723094940186,0.12346605211496353,0.07109972834587097,0.1337171047925949,0.0696554109454155,0.12169677019119263,0.08536015450954437,0.1428360790014267,0.0872775986790657,0.13007903099060059,0.9954962730407715,0.074704609811306,0.013361760415136814,p004_neutral_left,0.11559308117329867
0.3036870062351227,0.31164297461509705,0.20098340511322021,0.2086459994316101,0.13082244992256165,0.14055235683918,0.09788362681865692,0.1097300723195076,0.08487015217542648,0.10919205844402313,0.06615155935287476,0.08412601053714752,0.0708758756518364,0.0908253863453865,0.07149576395750046,0.09252525866031647,0.0685916393995285,0.08947888016700745,0.07306109368801117,0.09916454553604126,0.07344584167003632,0.09975279867649078,0.07076539844274521,0.09357494860887527,0.07265521585941315,0.09495729953050613,0.06786645948886871,0.08985728025436401,0.0673973560333252,0.08998134732246399,0.09033984690904617,0.12611466646194458,0.07175744324922562,0.0974980890750885,0.07451755553483963,0.10013667494058609,0.07485533505678177,0.10173448175191879,0.07169125229120255,0.09757277369499207,0.07711402326822281,0.10783588141202927,0.088363416492939,0.13084767758846283,0.09028516709804535,0.134708434343338,0.09193246811628342,0.14345577359199524,0.09007303416728973,0.14470896124839783,0.1011752188205719,0.16671334207057953,0.09063364565372467,0.14873772859573364,0.10056543350219727,0.16936038434505463,0.08900804817676544,0.14118584990501404,0.10819640010595322,0.1757103055715561,0.09894494712352753,0.1455548107624054,0.9726517200469971,0.09452539682388306,0.018217992037534714,p004_neutral_right,0.13497404208785746
0.30503207445144653,0.31225335597991943,0.19690151512622833,0.20275233685970306,0.12706321477890015,0.1333300918340683,0.09238588809967041,0.09878187626600266,0.06652235239744186,0.07919067144393921,0.05237414687871933,0.06652268767356873,0.055040739476680756,0.07172244042158127,0.055423155426979065,0.07359985262155533,0.053094200789928436,0.07241515070199966,0.05336218699812889,0.07642941921949387,0.05466746166348457,0.07942315936088562,0.05640304461121559,0.07902926206588745,0.059640657156705856,0.08181711286306381,0.05569576844573021,0.07784672826528549,0.055165812373161316,0.07752394676208496,0.0662463828921318,0.09373817592859268,0.058834172785282135,0.08499390631914139,0.06216698884963989,0.0885910764336586,0.0612185075879097,0.08869246393442154,0.058349642902612686,0.08609381318092346,0.06483398377895355,0.10104796290397644,0.07492397725582123,0.12499051541090012,0.07597685605287552,0.12891483306884766,0.07927742600440979,0.13989396393299103,0.07854948192834854,0.1425233632326126,0.0891035720705986,0.16474753618240356,0.08136051893234253,0.14990507066249847,0.09135299921035767,0.16612330079078674,0.08479876816272736,0.14800633490085602,0.10349730402231216,0.17627070844173431,0.09918797016143799,0.15365667641162872,0.9685618877410889,0.08286303281784058,0.01630830392241478,p004_smile_front,0.12770396987727037
0.30789586901664734,0.3147914707660675,0.19813908636569977,0.20301225781440735,0.12913605570793152,0.13417290151119232,0.09384545683860779,0.09831159561872482,0.06356169283390045,0.07171899080276489,0.04860406368970871,0.06099994480609894,0.0501328781247139,0.06534494459629059,0.05038566142320633,0.06729473918676376,0.048070188611745834,0.06655214726924896,0.0474274568259716,0.06860017031431198,0.048737604171037674,0.0724460631608963,0.05196066200733185,0.07450336962938309,0.05574868246912956,0.07809273898601532,0.05250616744160652,0.07547291368246078,0.05261354148387909,0.0758625790476799,0.06092270091176033,0.08484688401222229,0.05633905157446861,0.08320773392915726,0.05989168956875801,0.08702772855758667,0.05918983370065689,0.08738859742879868,0.05617474392056465,0.08509337157011032,0.06096853315830231,0.09906520694494247,0.0684286430478096,0.11955676972866058,0.06861233711242676,0.12165410816669464,0.07048067450523376,0.13038483262062073,0.06899788230657578,0.131882905960083,0.07769295573234558,0.1498585045337677,0.07183048874139786,0.13743755221366882,0.07982341945171356,0.1488463133573532,0.07767239958047867,0.1362099051475525,0.0944661870598793,0.15895038843154907,0.09529315680265427,0.14455018937587738,0.9949715733528137,0.0782531201839447,0.014892557635903358,p004_smile_left,0.12203506723849239
0.30422064661979675,0.3122279644012451,0.2006067931652069,0.2086120992898941,0.13048027455806732,0.14047186076641083,0.09703905880451202,0.10910596698522568,0.08155694603919983,0.10548824816942215,0.06488807499408722,0.08375222235918045,0.06935539841651917,0.09046551585197449,0.07003113627433777,0.09241122007369995,0.06759361177682877,0.0900421217083931,0.07127315551042557,0.0988917276263237,0.07205570489168167,0.10018973797559738,0.070380300283432,0.09511151164770126,0.07266143709421158,0.09685889631509781,0.06836605072021484,0.09216083586215973,0.06797407567501068,0.09231119602918625,0.08811257779598236,0.1247844249010086,0.07249632477760315,0.10020571202039719,0.0753406435251236,0.10277266055345535,0.07525723427534103,0.10390837490558624,0.07214119285345078,0.10009276121854782,0.07798841595649719,0.1113894060254097,0.08930271118879318,0.1346743255853653,0.09111759811639786,0.13883520662784576,0.09335949271917343,0.1481720507144928,0.0919153094291687,0.14990276098251343,0.10317633301019669,0.1725354939699173,0.09305808693170547,0.15520882606506348,0.10289997607469559,0.17486894130706787,0.09170795977115631,0.14898502826690674,0.11095307022333145,0.18192283809185028,0.1014564111828804,0.1527736485004425,0.8699851036071777,0.09480767697095871,0.018895810469985008,p004_smile_right,0.137462032830833
0.30420932173728943,0.3115658462047577,0.1982094943523407,0.20501327514648438,0.12868665158748627,0.13700854778289795,0.09481899440288544,0.10504959523677826,0.07596351206302643,0.09708498418331146,0.059647124260663986,0.07663117349147797,0.06290575116872787,0.0820489451289177,0.06316344439983368,0.0834563672542572,0.06084601208567619,0.08123723417520523,0.06334439665079117,0.0886652022600174,0.06387051194906235,0.08935309946537018,0.06363266706466675,0.08584681153297424,0.06652456521987915,0.0883508175611496,0.06306092441082001,0.08513586223125458,0.06322485208511353,0.08652184158563614,0.08024424314498901,0.11544787883758545,0.06718210130929947,0.09396975487470627,0.07035329192876816,0.09745685756206512,0.07096534222364426,0.10009699314832687,0.0682215541601181,0.09674087166786194,0.07329041510820389,0.10567532479763031,0.08289394527673721,0.12567724287509918,0.08389165997505188,0.12926411628723145,0.084882453083992,0.13623057305812836,0.08254756033420563,0.13654160499572754,0.09237045049667358,0.15632696449756622,0.08499102294445038,0.1408945769071579,0.0964924544095993,0.15689876675605774,0.091219462454319,0.13784940540790558,0.10771168768405914,0.16471438109874725,0.10298817604780197,0.1421172320842743,0.9919102787971497,0.08944020420312881,0.01670510321855545,p005_neutral_front,0.12924822327040109
0.30390575528144836,0.31169393658638,0.20222784578800201,0.2099810242652893,0.1321084201335907,0.1424519568681717,0.0990767776966095,0.11218447983264923,0.08930207043886185,0.11586926877498627,0.06865367293357849,0.08744031935930252,0.0733482763171196,0.09399351477622986,0.07393047958612442,0.09539733827114105,0.0711839348077774,0.09203682839870453,0.07759655267000198,0.1037926897406578,0.07764604687690735,0.10342374444007874,0.07423613220453262,0.09614129364490509,0.07650502771139145,0.09790541976690292,0.07273715734481812,0.0938514843583107,0.07319536805152893,0.09543876349925995,0.10088757425546646,0.13782675564289093,0.07837843894958496,0.10360054671764374,0.08139332383871078,0.10647086054086685,0.08294085413217545,0.1093200147151947,0.08037388324737549,0.10572715848684311,0.0843423455953598,0.11317963153123856,0.09475792199373245,0.13321515917778015,0.09654790163040161,0.13687367737293243,0.09602594375610352,0.14251628518104553,0.09258274734020233,0.1419144570827484,0.10283758491277695,0.16099995374679565,0.09276827424764633,0.14318010210990906,0.10426803678274155,0.16289196908473969,0.09378685802221298,0.13483338057994843,0.11070401966571808,0.16607293486595154,0.0996350646018982,0.13574258983135223,0.8588333129882812,0.09864936769008636,0.01842992939054966,p005_neutral_left,0.13575687603414296
0.3090346157550812,0.31591129302978516,0.1988244652748108,0.20394723117351532,0.12946230173110962,0.13514582812786102,0.0941484272480011,0.09970676898956299,0.06473543494939804,0.07626848667860031,0.04954312741756439,0.06336071342229843,0.051019567996263504,0.06718310713768005,0.050897564738988876,0.06818073242902756,0.04842228442430496,0.06676032394170761,0.04823586344718933,0.06974156200885773,0.04953623563051224,0.07273279130458832,0.05240413919091225,0.07401227205991745,0.05629624053835869,0.07798413932323456,0.05358258634805679,0.07624757289886475,0.05392450839281082,0.07753215730190277,0.06267621368169785,0.0901002362370491,0.05728403106331825,0.08559343218803406,0.06071236729621887,0.09035593271255493,0.06071600690484047,0.09280040115118027,0.05855816602706909,0.09078750014305115,0.06333757936954498,0.10297820717096329,0.07048072665929794,0.12220453470945358,0.07102008908987045,0.12450973689556122,0.07191960513591766,0.13215264678001404,0.06968905031681061,0.13291111588478088,0.07638800889253616,0.14995737373828888,0.07086092978715897,0.13690999150276184,0.07865969091653824,0.14749787747859955,0.07742084562778473,0.13465934991836548,0.0879296287894249,0.15414418280124664,0.08826597779989243,0.13872916996479034,0.9951605200767517,0.07858875393867493,0.015089324675500393,p005_neutral_right,0.12283861231510389
0.3049989342689514,0.31231650710105896,0.1990780532360077,0.20577503740787506,0.12944044172763824,0.1375790536403656,0.09538336843252182,0.10537365078926086,0.07618343830108643,0.09695013612508774,0.059820506721735,0.0767136737704277,0.06298478692770004,0.08213863521814346,0.06329474598169327,0.0836896076798439,0.06094495579600334,0.08147664368152618,0.0634906217455864,0.08884258568286896,0.06409474462270737,0.08967938274145126,0.06397358328104019,0.08633791655302048,0.06684565544128418,0.08879587799310684,0.0632738471031189,0.085517518222332,0.06331375241279602,0.08673714101314545,0.08017036318778992,0.11516258865594864,0.06720832735300064,0.09425283223390579,0.07023995369672775,0.09752599895000458,0.07039029896259308,0.0994970053434372,0.06767232716083527,0.09615300595760345,0.07318702340126038,0.10567504167556763,0.08312542736530304,0.12614314258098602,0.08428637683391571,0.12996435165405273,0.08541319519281387,0.13714440166950226,0.08303643763065338,0.13758301734924316,0.09287580847740173,0.15742701292037964,0.08528593182563782,0.14171606302261353,0.09687405824661255,0.15793649852275848,0.09107780456542969,0.13797004520893097,0.10797639191150665,0.165273055434227,0.10293563455343246,0.14206264913082123,0.9878079295158386,0.08965048938989639,0.01680673100054264,p005_smile_front,0.1296407767661959
0.3103104531764984,0.3171089291572571,0.1997423768043518,0.20461136102676392,0.13033753633499146,0.13571040332317352,0.09487654268741608,0.10011003166437149,0.06525488197803497,0.07647863030433655,0.049492888152599335,0.06214164197444916,0.05050995945930481,0.06527181714773178,0.05023350566625595,0.06593768298625946,0.04732784256339073,0.06404442340135574,0.04659231752157211,0.06658223271369934,0.04746684432029724,0.06868299841880798,0.050378505140542984,0.06970557570457458,0.05405856668949127,0.07335808873176575,0.05099225044250488,0.07126935571432114,0.051181383430957794,0.07250677794218063,0.05989878252148628,0.08582824468612671,0.053944699466228485,0.0795278251171112,0.05722549557685852,0.08400305360555649,0.05705289915204048,0.08638481795787811,0.05475345253944397,0.08409570157527924,0.058928124606609344,0.09434417635202408,0.06521076709032059,0.11155731976032257,0.0654481053352356,0.11355672776699066,0.06572161614894867,0.1199495792388916,0.06315116584300995,0.12019726634025574,0.06898096948862076,0.135469451546669,0.06395886838436127,0.12320668995380402,0.0718582272529602,0.1328810304403305,0.07154978811740875,0.12092219293117523,0.08211739361286163,0.13913555443286896,0.08337397128343582,0.12547370791435242,0.9951733350753784,0.07555267959833145,0.01363458950072527,p005_smile_left,0.11676724498216642
0.30240434408187866,0.3102792799472809,0.20187057554721832,0.20972515642642975,0.13207799196243286,0.1425522267818451,0.09933353215456009,0.11268608272075653,0.09193973243236542,0.11863106489181519,0.07061868906021118,0.08952407538890839,0.07579075545072556,0.09642831236124039,0.07661759108304977,0.09805042296648026,0.07375006377696991,0.09473375976085663,0.08052050322294235,0.10657810419797897,0.08036763221025467,0.10607153177261353,0.07638174295425415,0.09847651422023773,0.07838667184114456,0.10013967007398605,0.07428693771362305,0.09626725316047668,0.07451551407575607,0.097571961581707,0.10396310687065125,0.14080527424812317,0.0797341987490654,0.10588964819908142,0.08245860040187836,0.1087324321269989,0.08363039791584015,0.11082832515239716,0.08093342930078506,0.10740581899881363,0.08500850945711136,0.11567506194114685,0.09531712532043457,0.13507820665836334,0.09729157388210297,0.13876117765903473,0.0967506691813469,0.1443895697593689,0.09350550919771194,0.14407438039779663,0.10382308065891266,0.16182245314121246,0.09373506903648376,0.14431263506412506,0.10589295625686646,0.1642320454120636,0.09404788166284561,0.13453595340251923,0.11218014359474182,0.16707336902618408,0.10106243938207626,0.13749052584171295,0.990039587020874,0.09994977712631226,0.018802566453814507,p005_smile_right,0.13712245058273465
0.30075347423553467,0.30788272619247437,0.1917402297258377,0.1971440315246582,0.1260894238948822,0.13182435929775238,0.09288818389177322,0.09847817569971085,0.06569036841392517,0.0769662857055664,0.05040249973535538,0.06307858973741531,0.05192738398909569,0.06679853796958923,0.05174380540847778,0.06782250106334686,0.04910112917423248,0.06646285951137543,0.048586707562208176,0.06905762851238251,0.049283985048532486,0.0712580755352974,0.05161314457654953,0.07198528200387955,0.054982978850603104,0.07500236481428146,0.05178533121943474,0.0723215714097023,0.051849037408828735,0.07295134663581848,0.06096687912940979,0.08589085191488266,0.05428783968091011,0.07826997339725494,0.05734437331557274,0.08173806965351105,0.05616682395339012,0.08148102462291718,0.052988652139902115,0.07783976197242737,0.05731099843978882,0.08826938271522522,0.06360810250043869,0.1051865741610527,0.06290401518344879,0.106082484126091,0.06452389806509018,0.11451371014118195,0.06342539936304092,0.11730793118476868,0.0715831071138382,0.13541196286678314,0.06631514430046082,0.12440025061368942,0.07557331025600433,0.13918736577033997,0.07128147780895233,0.12329864501953125,0.08704979717731476,0.14873656630516052,0.08628912270069122,0.13155102729797363,0.9951172471046448,0.07549110800027847,0.013332751579582691,p006_neutral_front,0.11546753474281285
0.29773804545402527,0.30559301376342773,0.19494540989398956,0.20283283293247223,0.12956587970256805,0.1404024362564087,0.0983581691980362,0.11217419803142548,0.08615130931138992,0.1127607673406601,0.06781762838363647,0.0879366397857666,0.07187376171350479,0.09400734305381775,0.0726858526468277,0.09588506072759628,0.07061193883419037,0.09367723017930984,0.0753144919872284,0.10330125689506531,0.07545670866966248,0.10327838361263275,0.07329206168651581,0.0976317897439003,0.07565106451511383,0.09951929748058319,0.07304803282022476,0.09662717580795288,0.07382415980100632,0.09816715866327286,0.09555193781852722,0.13294357061386108,0.07782868295907974,0.10472512245178223,0.07958623021841049,0.10622748732566833,0.079585961997509,0.10713218152523041,0.07679297775030136,0.10302569717168808,0.0804944559931755,0.10867541283369064,0.0885520800948143,0.1236097663640976,0.0894508957862854,0.12564076483249664,0.08942407369613647,0.12963150441646576,0.08706890791654587,0.12957888841629028,0.09516200423240662,0.1454715132713318,0.0869109034538269,0.1317175030708313,0.09646549075841904,0.14865101873874664,0.08745300769805908,0.12537281215190887,0.10437561571598053,0.15457607805728912,0.09863639622926712,0.13250833749771118,0.991003155708313,0.09515996277332306,0.01711217686533928,p006_neutral_left,0.1308135194287627
0.29346179962158203,0.30030396580696106,0.18275584280490875,0.18695299327373505,0.12024905532598495,0.12452122569084167,0.08809968084096909,0.09131287038326263,0.059081435203552246,0.06478980928659439,0.04301692545413971,0.05043373629450798,0.04308786615729332,0.052030015736818314,0.042304664850234985,0.05196048691868782,0.039043232798576355,0.0497761107981205,0.037070371210575104,0.049617476761341095,0.03697194159030914,0.05048966780304909,0.040130604058504105,0.052696675062179565,0.043292440474033356,0.05559314787387848,0.039862729609012604,0.05282938852906227,0.03983098641037941,0.053331464529037476,0.04637725278735161,0.06106759235262871,0.040860939770936966,0.05660424754023552,0.04352284222841263,0.05989015847444534,0.04226541891694069,0.059272781014442444,0.039826225489377975,0.05659430846571922,0.04200325906276703,0.06345106661319733,0.04466305300593376,0.07357022166252136,0.04398130625486374,0.07319365441799164,0.04345596581697464,0.0771138072013855,0.04136526212096214,0.07746284455060959,0.04572553560137749,0.0882781371474266,0.04328455775976181,0.08121699094772339,0.05025557056069374,0.09060421586036682,0.05116802826523781,0.08240096271038055,0.06243809685111046,0.09983275085687637,0.06687309592962265,0.0919094830751419,0.9957767128944397,0.06117341294884682,0.008774337358772755,p006_neutral_right,0.09367143299198936
0.3004406988620758,0.30751630663871765,0.19169127941131592,0.19691090285778046,0.12625525891780853,0.13184314966201782,0.09326594322919846,0.09861426800489426,0.06612648069858551,0.07709325850009918,0.05047047138214111,0.062755286693573,0.051807671785354614,0.06638935953378677,0.051604997366666794,0.0674937516450882,0.048893529921770096,0.06610240042209625,0.04851410910487175,0.06871917098760605,0.0492030493915081,0.07078120857477188,0.05146050080657005,0.07137497514486313,0.05487069487571716,0.07437459379434586,0.05168694630265236,0.07157223671674728,0.051876503974199295,0.0721738263964653,0.06136142835021019,0.08531781286001205,0.05425763502717018,0.07726683467626572,0.0571247860789299,0.08053334802389145,0.05598946660757065,0.08005721122026443,0.05315050110220909,0.07661120593547821,0.057460982352495193,0.08692070841789246,0.06394132226705551,0.10374285280704498,0.06370075047016144,0.10501521080732346,0.06500321626663208,0.11294496804475784,0.06357532739639282,0.11531686037778854,0.07112766802310944,0.1324390023946762,0.065538689494133,0.12121517956256866,0.07408016175031662,0.1348785161972046,0.06998437643051147,0.11906391382217407,0.08512531965970993,0.14324460923671722,0.0853181779384613,0.12673094868659973,0.9949150681495667,0.07532531023025513,0.013007652945816517,p006_smile_front,0.11405109795971505
0.29965314269065857,0.3074178397655487,0.1958255171775818,0.20342488586902618,0.13025698065757751,0.1405760794878006,0.09854605793952942,0.11171469837427139,0.08485576510429382,0.11073785275220871,0.06684541702270508,0.0864153727889061,0.07086388021707535,0.0924922525882721,0.071597620844841,0.09440154582262039,0.069428950548172,0.09215650707483292,0.07368401437997818,0.10149552673101425,0.07397894561290741,0.10169073194265366,0.07212179899215698,0.09632769972085953,0.07449358701705933,0.09818052500486374,0.07179464399814606,0.09500835090875626,0.07238484174013138,0.09631767868995667,0.09301682561635971,0.13020136952400208,0.07620728015899658,0.10272405296564102,0.077918641269207,0.10418214648962021,0.07777675986289978,0.10502975434064865,0.07497257739305496,0.10090328007936478,0.07882089167833328,0.10686282813549042,0.08705633878707886,0.1226021870970726,0.08792863041162491,0.12491749227046967,0.08810824900865555,0.12940126657485962,0.08589751273393631,0.1296476125717163,0.09417260438203812,0.1460060328245163,0.08604086190462112,0.13206778466701508,0.0956265926361084,0.14885205030441284,0.08691421896219254,0.12584435939788818,0.10393887013196945,0.1548345386981964,0.09868559241294861,0.13306093215942383,0.9243063926696777,0.0941835418343544,0.016957273706793785,p006_smile_left,0.13022009716934552
0.2938007414340973,0.3005608916282654,0.18317686021327972,0.18728166818618774,0.12012919783592224,0.12430694699287415,0.08783350884914398,0.09093786776065826,0.058428943157196045,0.06393477320671082,0.04231589660048485,0.049311213195323944,0.04231831803917885,0.050696998834609985,0.04140396788716316,0.05035078153014183,0.03797593340277672,0.047921597957611084,0.035841792821884155,0.047502871602773666,0.03555653616786003,0.048007551580667496,0.03868807852268219,0.050167616456747055,0.041862811893224716,0.053025417029857635,0.0382995642721653,0.0501299612224102,0.0381377711892128,0.050499267876148224,0.0446317158639431,0.05816499888896942,0.03905825689435005,0.053350936621427536,0.04174978658556938,0.056579120457172394,0.04043034464120865,0.055846478790044785,0.037944477051496506,0.053106170147657394,0.039838045835494995,0.059133533388376236,0.04213802143931389,0.06827818602323532,0.041436567902565,0.06787567585706711,0.04072533920407295,0.07119297981262207,0.03860301524400711,0.07124271988868713,0.04265137389302254,0.08106689900159836,0.04055643081665039,0.07455597072839737,0.047351885586977005,0.08351488411426544,0.048708900809288025,0.07631400972604752,0.05973004922270775,0.09289413690567017,0.06478890776634216,0.08667463064193726,0.995788037776947,0.05955367162823677,0.008304082788527012,p006_smile_right,0.09112674024964908
0.313464492559433,0.3204036056995392,0.20510037243366241,0.21064992249011993,0.13495562970638275,0.14119552075862885,0.1000070720911026,0.10698192566633224,0.07289067655801773,0.08754215389490128,0.056887608021497726,0.07056711614131927,0.058395322412252426,0.0741129145026207,0.05795902758836746,0.07480271905660629,0.05456598848104477,0.0722026526927948,0.05420571193099022,0.07570143043994904,0.054756637662649155,0.07687810063362122,0.05641358345746994,0.0760558545589447,0.05953340232372284,0.07875651866197586,0.05612662062048912,0.07568046450614929,0.05627667158842087,0.07668448239564896,0.0668242871761322,0.09516492486000061,0.05903545767068863,0.08310481160879135,0.06260121613740921,0.08768177032470703,0.06254789233207703,0.08978638797998428,0.05902552977204323,0.08538636565208435,0.06342284381389618,0.09402277320623398,0.07114352285861969,0.11191093176603317,0.07088060677051544,0.11371750384569168,0.07287776470184326,0.12272869795560837,0.07100160419940948,0.12493840605020523,0.07930587977170944,0.14436760544776917,0.07290999591350555,0.1311236321926117,0.08357926458120346,0.1471128910779953,0.07925046980381012,0.1300109177827835,0.09449150413274765,0.1572955995798111,0.09125344455242157,0.13723714649677277,0.9895843267440796,0.08232251554727554,0.015067946165800095,p007_neutral_front,0.12275156278353484
0.30980798602104187,0.31696897745132446,0.20488876104354858,0.2112620770931244,0.1350041627883911,0.14423447847366333,0.10082047432661057,0.11299821734428406,0.08495869487524033,0.11178160458803177,0.06384775787591934,0.08330526947975159,0.06733637303113937,0.08879584074020386,0.06736597418785095,0.08976954221725464,0.06452751159667969,0.08652187883853912,0.06967642903327942,0.09712853282690048,0.07006961107254028,0.09707298874855042,0.06820397824048996,0.0911220982670784,0.0709860622882843,0.0933043584227562,0.06780931353569031,0.08989308029413223,0.06900851428508759,0.09226170182228088,0.09261520951986313,0.12986929714679718,0.07272438704967499,0.09928370267152786,0.07450215518474579,0.10119995474815369,0.0762600377202034,0.1046980693936348,0.07324676215648651,0.10034456849098206,0.07377813756465912,0.10290580242872238,0.08035925775766373,0.11751436442136765,0.0811537355184555,0.12027599662542343,0.07880575209856033,0.12320738285779953,0.07452752441167831,0.12175619602203369,0.08251187205314636,0.13778278231620789,0.07556462287902832,0.12247566133737564,0.08466888219118118,0.136241152882576,0.08082195371389389,0.11706650257110596,0.09049753099679947,0.13987217843532562,0.08422773331403732,0.11942103505134583,0.9921083450317383,0.09002872556447983,0.01617143303155899,p007_neutral_left,0.12716694944661916
0.314962774515152,0.3217211067676544,0.20366273820400238,0.2083153873682022,0.1336081475019455,0.13812893629074097,0.09778579324483871,0.10133194923400879,0.06544744968414307,0.07121840119361877,0.04978146776556969,0.058141108602285385,0.04987926036119461,0.05980708822607994,0.0488722138106823,0.05938544496893883,0.0449097640812397,0.05655450373888016,0.04228696972131729,0.05547509342432022,0.042477864772081375,0.05676153674721718,0.04574229568243027,0.05871545895934105,0.04908013343811035,0.06173070892691612,0.04523926228284836,0.05872378870844841,0.044926706701517105,0.05922205373644829,0.05137098953127861,0.06691155582666397,0.04711739718914032,0.0649295225739479,0.05149727314710617,0.0713547021150589,0.05085720121860504,0.073184072971344,0.04705318063497543,0.06899657845497131,0.05086325481534004,0.07881070673465729,0.05661105364561081,0.09506086260080338,0.0555356927216053,0.09522906690835953,0.05722573399543762,0.10433506965637207,0.05519968643784523,0.10674245655536652,0.06165355071425438,0.12378598004579544,0.05603015422821045,0.11294827610254288,0.06469783931970596,0.12714168429374695,0.06185350939631462,0.11316221952438354,0.0757194310426712,0.13836133480072021,0.07641152292490005,0.12230043113231659,0.9949525594711304,0.07091696560382843,0.012174195609986782,p007_neutral_right,0.11033673735427735
0.31087979674339294,0.3179016411304474,0.20304323732852936,0.2087354212999344,0.13360260426998138,0.14016981422901154,0.09921107441186905,0.10687825083732605,0.07383345812559128,0.09026461094617844,0.057536590844392776,0.07192440330982208,0.059291210025548935,0.07575225085020065,0.0588882714509964,0.07653237134218216,0.055644888430833817,0.07389049977064133,0.055830102413892746,0.07826780527830124,0.0562950074672699,0.0790458396077156,0.057483796030282974,0.07744435220956802,0.060467224568128586,0.07991619408130646,0.05710655823349953,0.07678665965795517,0.05728905275464058,0.07787090539932251,0.06928809732198715,0.09914278984069824,0.060140009969472885,0.0841430276632309,0.0635034367442131,0.08819429576396942,0.0635572150349617,0.09015799313783646,0.06026099994778633,0.08600854873657227,0.06455500423908234,0.09388606995344162,0.07241445034742355,0.11113458126783371,0.07245469093322754,0.11343125253915787,0.07411343604326248,0.12140755355358124,0.07198644429445267,0.1230340227484703,0.08032744377851486,0.14168862998485565,0.07380644232034683,0.12836973369121552,0.08466490358114243,0.14415468275547028,0.08012808859348297,0.12661905586719513,0.09567908197641373,0.15379904210567474,0.09234027564525604,0.133758082985878,0.9868621826171875,0.08309382945299149,0.01490925345569849,p007_smile_front,0.12210345390568807
0.30760273337364197,0.3147631287574768,0.2042994201183319,0.2104918360710144,0.13508416712284088,0.14413264393806458,0.1019086092710495,0.11372794955968857,0.0889376848936081,0.11536936461925507,0.06616076827049255,0.0847286731004715,0.07000254839658737,0.09013644605875015,0.06983926892280579,0.09058534353971481,0.06623911112546921,0.0863434448838234,0.0717698261141777,0.09740884602069855,0.07138454914093018,0.09622570872306824,0.06839590519666672,0.0887560024857521,0.07052447646856308,0.09014691412448883,0.06631999462842941,0.08563029021024704,0.06685168296098709,0.08726351708173752,0.09333062916994095,0.12896940112113953,0.07056409120559692,0.09392164647579193,0.07277566194534302,0.09594079852104187,0.07450529932975769,0.09939976036548615,0.07120054960250854,0.09482217580080032,0.0723194032907486,0.09684275090694427,0.07980457693338394,0.11133367568254471,0.08070135116577148,0.11426626145839691,0.07869250327348709,0.11689765751361847,0.07465800642967224,0.11534783244132996,0.08369262516498566,0.13157880306243896,0.07582501322031021,0.11619548499584198,0.08630840480327606,0.13239522278308868,0.07962863147258759,0.11028023064136505,0.09225159883499146,0.13694645464420319,0.08329519629478455,0.11418462544679642,0.9925002455711365,0.09016682207584381,0.0154538219794631,p007_smile_left,0.12431340225198206
0.31361573934555054,0.3204179108142853,0.20265212655067444,0.20726512372493744,0.13285620510578156,0.13737723231315613,0.09725672006607056,0.10081352293491364,0.06523061543703079,0.07117864489555359,0.0494525171816349,0.057964447885751724,0.04954378679394722,0.05971699208021164,0.048380788415670395,0.05921714007854462,0.04449726641178131,0.056508999317884445,0.04193689674139023,0.05556431785225868,0.04216281324625015,0.056943729519844055,0.045395467430353165,0.058932628482580185,0.048759929835796356,0.06193237379193306,0.044940296560525894,0.0588727667927742,0.04470738768577576,0.05931755155324936,0.0512201189994812,0.0670868456363678,0.046875085681676865,0.06500070542097092,0.05094679445028305,0.07096408307552338,0.05031096935272217,0.07257247716188431,0.04672897234559059,0.06869672983884811,0.05052132159471512,0.07852350175380707,0.056340787559747696,0.09457053989171982,0.05549841746687889,0.09522460401058197,0.05702967941761017,0.1038033589720726,0.054948218166828156,0.10593880712985992,0.06141720712184906,0.12267787754535675,0.05594361200928688,0.1119946762919426,0.06430352479219437,0.12495839595794678,0.06217094883322716,0.11230525374412537,0.07553673535585403,0.1354948878288269,0.07670759409666061,0.12080002576112747,0.9934509992599487,0.07057972997426987,0.012028423137962818,p007_smile_right,0.10967416805229396
0.3677334189414978,0.38024085760116577,0.2809429466724396,0.29158085584640503,0.24485598504543304,0.25626763701438904,0.23656617105007172,0.24424676597118378,0.1880735158920288,0.19824519753456116,0.13006721436977386,0.14078938961029053,0.11832825094461441,0.13083291053771973,0.1250382661819458,0.13595561683177948,0.11844564974308014,0.1287752091884613,0.10319741815328598,0.1152280867099762,0.09570513665676117,0.10825656354427338,0.12221230566501617,0.13323965668678284,0.12789031863212585,0.13789160549640656,0.0972134992480278,0.10954856127500534,0.09218824654817581,0.1042691096663475,0.1087036207318306,0.12555810809135437,0.09519131481647491,0.10822208970785141,0.11789659410715103,0.13030552864074707,0.10999001562595367,0.12205614149570465,0.10098303109407425,0.1140623688697815,0.10169395059347153,0.11771493405103683,0.08645056933164597,0.10941024124622345,0.08534887433052063,0.11387386918067932,0.07974858582019806,0.11185374110937119,0.06530076265335083,0.10100290924310684,0.06545811891555786,0.10410673916339874,0.0664452612400055,0.10308046638965607,0.07064264267683029,0.10687912255525589,0.07900390774011612,0.098917156457901,0.08793357014656067,0.10821021348237991,0.09068992733955383,0.1057576909661293,0.9767272472381592,0.12451695650815964,0.02420859783887863,p008_neutral_front,0.15559112390775584
0.37013816833496094,0.38256311416625977,0.28393709659576416,0.29459232091903687,0.249852254986763,0.26128560304641724,0.2426213026046753,0.25055915117263794,0.19779005646705627,0.209054633975029,0.13774055242538452,0.14907988905906677,0.1256110966205597,0.13887740671634674,0.1321541965007782,0.1445171982049942,0.1253291517496109,0.13708025217056274,0.11246985197067261,0.12702085077762604,0.10489581525325775,0.12031051516532898,0.1305665671825409,0.14363373816013336,0.13568644225597382,0.14751604199409485,0.10447358340024948,0.11911744624376297,0.09998279809951782,0.11480759084224701,0.12201328575611115,0.14477381110191345,0.10331668704748154,0.11960749328136444,0.12605492770671844,0.1407713145017624,0.11808156222105026,0.13270822167396545,0.1090535894036293,0.12439253181219101,0.10980970412492752,0.12813884019851685,0.09489784389734268,0.12086305022239685,0.09421084076166153,0.12558922171592712,0.08817895501852036,0.12339340150356293,0.0735354870557785,0.11231956630945206,0.07331663370132446,0.11455567181110382,0.07259427756071091,0.11111010611057281,0.07735390961170197,0.11848969012498856,0.08102880418300629,0.10252023488283157,0.08884087204933167,0.11573988199234009,0.0877152606844902,0.1065393015742302,0.9681568741798401,0.13139638304710388,0.026683660224080086,p008_neutral_left,0.1633513398294611
0.3671188950538635,0.37968680262565613,0.2779388725757599,0.28871381282806396,0.24139615893363953,0.2529911994934082,0.23141442239284515,0.23926298320293427,0.1784949153661728,0.18848790228366852,0.12094556540250778,0.13184671103954315,0.10837285220623016,0.12100400030612946,0.11552182585000992,0.12617425620555878,0.10938174277544022,0.11915793269872665,0.0926990956068039,0.10305464267730713,0.0855991393327713,0.09633760899305344,0.11427038908004761,0.12381371855735779,0.12107013911008835,0.12920625507831573,0.09083426743745804,0.10095376521348953,0.08548444509506226,0.09476424753665924,0.09458290040493011,0.10531561076641083,0.08780921250581741,0.09772048890590668,0.11171245574951172,0.12134268879890442,0.10328347235918045,0.11226359009742737,0.09395425021648407,0.10378549247980118,0.09564174711704254,0.10880731791257858,0.07818171381950378,0.09924454241991043,0.0728028267621994,0.09951161593198776,0.06645020097494125,0.09835807979106903,0.051588188856840134,0.08836058527231216,0.05147929862141609,0.0906715840101242,0.051806867122650146,0.08846038579940796,0.06558820605278015,0.09624744951725006,0.08257536590099335,0.09643380343914032,0.09222910553216934,0.10585186630487442,0.09621522575616837,0.10652134567499161,0.9768899083137512,0.11730635911226273,0.022020619362592697,p008_neutral_right,0.1483934613202101
0.36751535534858704,0.38012152910232544,0.2793899476528168,0.29015055298805237,0.24404530227184296,0.25553080439567566,0.23606953024864197,0.24373753368854523,0.18653827905654907,0.19656828045845032,0.12976805865764618,0.14040488004684448,0.11770886927843094,0.13013339042663574,0.12486929446458817,0.1356654018163681,0.11812610924243927,0.1281031370162964,0.1019449457526207,0.11327365040779114,0.09455796331167221,0.10645192861557007,0.1219637542963028,0.13239485025405884,0.1275026500225067,0.13660959899425507,0.0963885560631752,0.1078077182173729,0.09070521593093872,0.10169526189565659,0.10270469635725021,0.11725963652133942,0.09309342503547668,0.10506211221218109,0.11665291339159012,0.12776760756969452,0.10780873149633408,0.11849258095026016,0.09864632040262222,0.110310398042202,0.10112278163433075,0.11642049998044968,0.08570463210344315,0.10908962786197662,0.08274086564779282,0.11187127977609634,0.07818186283111572,0.11221259832382202,0.06308924406766891,0.10225564241409302,0.06274338811635971,0.10509639233350754,0.06365463137626648,0.10312820971012115,0.07019180804491043,0.10921325534582138,0.07952066510915756,0.09843156486749649,0.08929312974214554,0.10991744697093964,0.09073764830827713,0.10481714457273483,0.9499655365943909,0.1233244240283966,0.023891346529126167,p008_smile_front,0.15456825847866104
0.37090009450912476,0.3833220601081848,0.2851898968219757,0.29581817984580994,0.25074052810668945,0.26211944222450256,0.24366441369056702,0.25152868032455444,0.19842804968357086,0.2095031440258026,0.13881553709506989,0.15004029870033264,0.12704364955425262,0.14024436473846436,0.13396944105625153,0.14624781906604767,0.12711535394191742,0.13879121840000153,0.1137244701385498,0.12817208468914032,0.1061258539557457,0.12150426208972931,0.13164328038692474,0.14489394426345825,0.13652044534683228,0.14840686321258545,0.10495065152645111,0.11983831226825714,0.10019272565841675,0.11527325212955475,0.12048383802175522,0.14321771264076233,0.10308930277824402,0.11974389106035233,0.1260242462158203,0.14104463160037994,0.11762591451406479,0.13260667026042938,0.10813869535923004,0.12380307167768478,0.10885155200958252,0.12794539332389832,0.09407439082860947,0.12117015570402145,0.09334588795900345,0.1259656399488449,0.08803143352270126,0.12482782453298569,0.07354762405157089,0.11455459892749786,0.07338257879018784,0.11710488051176071,0.07332352548837662,0.11421067267656326,0.07692297548055649,0.12122267484664917,0.08033822476863861,0.1039578840136528,0.0877310261130333,0.11717833578586578,0.08619695901870728,0.10703336447477341,0.9714329838752747,0.1316196322441101,0.026964087039232254,p008_smile_left,0.16420745122932837
0.3675864338874817,0.3801809549331665,0.2792949378490448,0.28997623920440674,0.24338561296463013,0.25479912757873535,0.23389364778995514,0.24152608215808868,0.1818222850561142,0.19159071147441864,0.12511864304542542,0.13571016490459442,0.11305508017539978,0.12537933886051178,0.11984938383102417,0.1303362250328064,0.11350663751363754,0.12321866303682327,0.09666667133569717,0.10724122822284698,0.0894441083073616,0.10063399374485016,0.11754848808050156,0.12770827114582062,0.12340596318244934,0.1322212964296341,0.09287042915821075,0.10377677530050278,0.08732336014509201,0.09747148305177689,0.09666404873132706,0.10837959498167038,0.0895441547036171,0.1004595011472702,0.11302049458026886,0.12360440194606781,0.10460766404867172,0.11460550129413605,0.0954320952296257,0.10630538314580917,0.09719614684581757,0.11190757900476456,0.08069203794002533,0.10365822911262512,0.07636336237192154,0.10529229789972305,0.07102186977863312,0.10496711730957031,0.05623511224985123,0.09559767693281174,0.05627838149666786,0.09873611479997635,0.057204149663448334,0.09711556136608124,0.06636572629213333,0.10253504663705826,0.08120160549879074,0.09938840568065643,0.09033218771219254,0.10788820683956146,0.09371943026781082,0.10693425685167313,0.9725263118743896,0.11970172077417374,0.02288522943854332,p008_smile_right,0.1512786483233616
0.33384257555007935,0.3417593538761139,0.2282310426235199,0.23455651104450226,0.14855840802192688,0.15803053975105286,0.11845032125711441,0.12938731908798218,0.08192349225282669,0.10272540152072906,0.06844709813594818,0.08879365772008896,0.07052762806415558,0.09230433404445648,0.06293642520904541,0.08573202043771744,0.06406597048044205,0.08712954074144363,0.06506485491991043,0.08933380246162415,0.06617849320173264,0.09042727947235107,0.06850768625736237,0.0918138325214386,0.06898307055234909,0.0919884443283081,0.06558337807655334,0.08788818120956421,0.067049540579319,0.08993516117334366,0.07933423668146133,0.10666168481111526,0.07042226940393448,0.09599769115447998,0.07178150117397308,0.0981137752532959,0.07841082662343979,0.10662051290273666,0.08171626925468445,0.11178980767726898,0.09157180786132812,0.12613613903522491,0.10643380880355835,0.14854922890663147,0.11184687167406082,0.1568213254213333,0.11787821352481842,0.1689884066581726,0.11532256752252579,0.16762670874595642,0.12307717651128769,0.18033036589622498,0.11778365075588226,0.17056693136692047,0.12860225141048431,0.18212687969207764,0.12255939841270447,0.16572293639183044,0.14302413165569305,0.18817655742168427,0.1472701132297516,0.18222257494926453,0.996267557144165,0.10598696768283844,0.021573159843683243,p009_neutral_front,0.14687804411716288
0.3333873152732849,0.34141138195991516,0.22986429929733276,0.23623590171337128,0.14980702102184296,0.1594747006893158,0.12019065767526627,0.13120630383491516,0.09408173710107803,0.11817886680364609,0.07217057794332504,0.09083619713783264,0.07621206343173981,0.09659635275602341,0.06902291625738144,0.08957263827323914,0.07017115503549576,0.09097252786159515,0.075355663895607,0.09801887720823288,0.07562656700611115,0.09827627241611481,0.0758572667837143,0.09828151017427444,0.07635083049535751,0.0990137904882431,0.07239606231451035,0.0945468321442604,0.07429543137550354,0.09722162038087845,0.09784132987260818,0.12712633609771729,0.07772689312696457,0.10279210656881332,0.0779670923948288,0.10349694639444351,0.0848768875002861,0.11232779175043106,0.08959869295358658,0.1184544563293457,0.0987977609038353,0.13285040855407715,0.1134481132030487,0.15586860477924347,0.12013348191976547,0.16503824293613434,0.1244739219546318,0.17619507014751434,0.12144795805215836,0.17427273094654083,0.1265338957309723,0.18324440717697144,0.12065119296312332,0.1720740646123886,0.13047349452972412,0.18442679941654205,0.1225266084074974,0.16232983767986298,0.14192061126232147,0.1858958601951599,0.14731433987617493,0.17881007492542267,0.9823631048202515,0.111635223031044,0.02274150587618351,p009_neutral_left,0.15080287091492492
0.3380476236343384,0.34582874178886414,0.2310572862625122,0.2373746782541275,0.1509900838136673,0.16096004843711853,0.12019063532352448,0.13281646370887756,0.08302464336156845,0.10550250858068466,0.07034517824649811,0.09175030887126923,0.07219904661178589,0.09505073726177216,0.06456425786018372,0.08836380392313004,0.06510914862155914,0.089305080473423,0.06585326045751572,0.09134576469659805,0.06754935532808304,0.09316631406545639,0.0702032819390297,0.09519555419683456,0.07076498866081238,0.09549824893474579,0.06684937328100204,0.09012392908334732,0.0684492290019989,0.09216827154159546,0.07828740030527115,0.10621039569377899,0.07234543561935425,0.09882573783397675,0.07399452477693558,0.10132057964801788,0.082116037607193,0.1126527190208435,0.0854952409863472,0.11767744272947311,0.09635350108146667,0.13188454508781433,0.11368688941001892,0.1562412530183792,0.12038137018680573,0.16613119840621948,0.12825143337249756,0.17894679307937622,0.1270723193883896,0.17786236107349396,0.13843901455402374,0.19401933252811432,0.1341923475265503,0.18503712117671967,0.14438621699810028,0.19345873594284058,0.14162737131118774,0.18425585329532623,0.15851756930351257,0.20069564878940582,0.16315987706184387,0.19802670180797577,0.9952387809753418,0.11173630505800247,0.02354290895164013,p009_neutral_right,0.15343698690876373
0.33650341629981995,0.3447733223438263,0.22964194416999817,0.23681505024433136,0.14875662326812744,0.1598273366689682,0.11818806827068329,0.1315341293811798,0.08519936352968216,0.11002808064222336,0.07011941820383072,0.09262708574533463,0.07273998856544495,0.09630437940359116,0.06605739891529083,0.08975052833557129,0.06716310977935791,0.09099335223436356,0.06942225992679596,0.09446363151073456,0.0703473761677742,0.09555133432149887,0.07206902652978897,0.09679566323757172,0.07272570580244064,0.09730996191501617,0.06952253729104996,0.09333162009716034,0.07120979577302933,0.09565171599388123,0.0859503522515297,0.1156340166926384,0.0753362625837326,0.10249272733926773,0.07687411457300186,0.10468607395887375,0.08408618718385696,0.11427702754735947,0.0886731743812561,0.12062493711709976,0.09950195997953415,0.13562406599521637,0.11580181866884232,0.1592751145362854,0.12241683155298233,0.16856743395328522,0.12910246849060059,0.18068954348564148,0.1270444393157959,0.1789272278547287,0.1355116218328476,0.191804438829422,0.13019251823425293,0.1810966432094574,0.14193086326122284,0.1933717578649521,0.13333410024642944,0.17459790408611298,0.15486222505569458,0.19861948490142822,0.15723243355751038,0.1918020248413086,0.9955849051475525,0.11218642443418503,0.0236193984746933,p009_smile_front,0.15368603864597882
0.3392068147659302,0.3472822308540344,0.23426175117492676,0.24094556272029877,0.15279242396354675,0.16338323056697845,0.12199603766202927,0.13520734012126923,0.09348494559526443,0.11993036419153214,0.07319868355989456,0.09488026052713394,0.07712427526712418,0.10021404176950455,0.07019184529781342,0.09319149702787399,0.07142429798841476,0.09458360821008682,0.07604846358299255,0.10085219889879227,0.07683973014354706,0.10171927511692047,0.0776233896613121,0.10235178470611572,0.07845103740692139,0.1032572090625763,0.074910007417202,0.0988076701760292,0.07694817334413528,0.10171151906251907,0.09771381318569183,0.12878721952438354,0.08096137642860413,0.10794971883296967,0.08178221434354782,0.10931839793920517,0.08929873257875443,0.11976444721221924,0.09433680772781372,0.12682360410690308,0.10442470759153366,0.14115466177463531,0.1202431321144104,0.1654011309146881,0.12692232429981232,0.1750396192073822,0.1325385868549347,0.1869795322418213,0.12981164455413818,0.18498246371746063,0.13589882850646973,0.19584694504737854,0.12955790758132935,0.1841634064912796,0.13906338810920715,0.19550207257270813,0.13104248046875,0.1755123734474182,0.14967495203018188,0.19712264835834503,0.154394268989563,0.19052815437316895,0.9652972221374512,0.1158830001950264,0.024869270622730255,p009_smile_left,0.15769993856286138
0.3395644724369049,0.3475401997566223,0.2322995364665985,0.23912568390369415,0.15146204829216003,0.1621190905570984,0.1202755868434906,0.13366879522800446,0.08293210715055466,0.10598130524158478,0.0703606829047203,0.09272608160972595,0.07237812876701355,0.09621921181678772,0.06474727392196655,0.08937034755945206,0.06521888822317123,0.09008565545082092,0.06578347086906433,0.0917743369936943,0.06742657721042633,0.09357079863548279,0.07003112137317657,0.0953705906867981,0.07054731249809265,0.09548661857843399,0.066409632563591,0.09008407592773438,0.06787677854299545,0.09224395453929901,0.07781213521957397,0.10596904158592224,0.07182129472494125,0.0991625264286995,0.07380478084087372,0.10209529101848602,0.08242636919021606,0.11407269537448883,0.08585135638713837,0.11895957589149475,0.0967031717300415,0.13299749791622162,0.11412380635738373,0.1575821191072464,0.12067283689975739,0.16699190437793732,0.12886203825473785,0.18030771613121033,0.12781170010566711,0.17932893335819244,0.13955947756767273,0.1959604173898697,0.13528509438037872,0.18688902258872986,0.14579278230667114,0.19604527950286865,0.14220578968524933,0.18603605031967163,0.15959499776363373,0.20370438694953918,0.16346170008182526,0.20036514103412628,0.9953116178512573,0.11204615980386734,0.023920802399516106,p009_smile_right,0.15466351347204066
0.33292651176452637,0.34105241298675537,0.22632195055484772,0.23183439671993256,0.14437898993492126,0.15070213377475739,0.11240500211715698,0.11768390983343124,0.07033565640449524,0.08109232038259506,0.05879152566194534,0.07109207659959793,0.06169585511088371,0.077010378241539,0.054235175251960754,0.07169097661972046,0.05604437366127968,0.07413820922374725,0.05636191740632057,0.07736346870660782,0.05891998112201691,0.0813278928399086,0.06265126913785934,0.0842396467924118,0.06292494386434555,0.08422953635454178,0.05815473943948746,0.07736847549676895,0.05793002247810364,0.07700501382350922,0.06664612889289856,0.09017479419708252,0.059347476810216904,0.08128491789102554,0.05967231094837189,0.08149611949920654,0.06337781995534897,0.08551892638206482,0.06442536413669586,0.08888132125139236,0.07535062730312347,0.10852552950382233,0.09098850935697556,0.1385672688484192,0.09543032944202423,0.1486770361661911,0.10117500275373459,0.16339780390262604,0.0981205552816391,0.16226226091384888,0.10596694052219391,0.17876392602920532,0.099553182721138,0.16615670919418335,0.11128007620573044,0.17951355874538422,0.10593827068805695,0.16232797503471375,0.12737062573432922,0.18622131645679474,0.13168023526668549,0.1756460815668106,0.9940987825393677,0.09453676640987396,0.019366716966032982,p010_neutral_front,0.1391643523537295
0.3303091526031494,0.3390830159187317,0.22783702611923218,0.23468202352523804,0.14662185311317444,0.1556851863861084,0.11569252610206604,0.12478505074977875,0.0888674333691597,0.10949267446994781,0.06857659667730331,0.08451554924249649,0.07408164441585541,0.09208153933286667,0.06781794130802155,0.08681546151638031,0.06959626078605652,0.0896742045879364,0.07527481019496918,0.097631074488163,0.07613784819841385,0.09886493533849716,0.0763511136174202,0.09919601678848267,0.07613920420408249,0.09931132197380066,0.07066422700881958,0.09355226159095764,0.07092268019914627,0.09389307349920273,0.09458760172128677,0.12337265908718109,0.07333341985940933,0.09882424771785736,0.07252389937639236,0.09804689884185791,0.07682095468044281,0.10133766382932663,0.08047235012054443,0.10746554285287857,0.09198229014873505,0.12856625020503998,0.10796041786670685,0.15570369362831116,0.11399684846401215,0.16520489752292633,0.11852378398180008,0.17889751493930817,0.11536505073308945,0.17755605280399323,0.1201741173863411,0.1863553524017334,0.11398156732320786,0.1744443029165268,0.12645317614078522,0.19044063985347748,0.11725547909736633,0.16367845237255096,0.1405283510684967,0.19263505935668945,0.14598241448402405,0.18124878406524658,0.9899091124534607,0.10790467262268066,0.022457342594861984,p010_neutral_left,0.14985774119097747
0.3354913890361786,0.3435531258583069,0.22842879593372345,0.23381909728050232,0.14658117294311523,0.1528494656085968,0.11396507918834686,0.11926715075969696,0.06986583024263382,0.07972986251115799,0.05856876075267792,0.07270690053701401,0.0608501061797142,0.07906081527471542,0.052700795233249664,0.07391197979450226,0.05426841229200363,0.07634685933589935,0.05445735529065132,0.08012346178293228,0.058126259595155716,0.08675180375576019,0.06292233616113663,0.09112567454576492,0.0636134147644043,0.09194181859493256,0.058750905096530914,0.08397476375102997,0.05869795382022858,0.08343518525362015,0.06465601176023483,0.0903971716761589,0.06004051864147186,0.08835145831108093,0.05997560918331146,0.0878148227930069,0.06415657699108124,0.09336411207914352,0.06418512761592865,0.09559561312198639,0.07451504468917847,0.11527904868125916,0.09074854850769043,0.14668786525726318,0.09649885445833206,0.15819388628005981,0.1026935875415802,0.17436328530311584,0.10001341253519058,0.17420656979084015,0.10950398445129395,0.19383490085601807,0.10362724214792252,0.1826096475124359,0.11216822266578674,0.19036172330379486,0.11195550113916397,0.18218833208084106,0.12746796011924744,0.19776086509227753,0.13380064070224762,0.1917298585176468,0.994481086730957,0.09527603536844254,0.021400053054094315,p010_neutral_right,0.14628756971832677
0.3351702392101288,0.3431733548641205,0.2284194678068161,0.2338578701019287,0.14618614315986633,0.15253399312496185,0.11425455659627914,0.1196461170911789,0.0730372965335846,0.0845983624458313,0.06062360107898712,0.07291272282600403,0.06362436711788177,0.07869154959917068,0.05623907595872879,0.0730719268321991,0.05804889276623726,0.07543420046567917,0.05881131812930107,0.0788787305355072,0.06115749105811119,0.08218535780906677,0.06454533338546753,0.08467964828014374,0.06481113284826279,0.08454691618680954,0.060051027685403824,0.07799908518791199,0.059938106685876846,0.07796850055456161,0.0698745995759964,0.09336928278207779,0.061604663729667664,0.08223404735326767,0.06191411241889,0.08244507759809494,0.06562136858701706,0.08654852211475372,0.06695280969142914,0.08987881243228912,0.07854107022285461,0.10921598225831985,0.0947250947356224,0.13860657811164856,0.0995912179350853,0.14892111718654633,0.1052665114402771,0.16288936138153076,0.10200143605470657,0.16148553788661957,0.1094990223646164,0.17710652947425842,0.10286720842123032,0.16444551944732666,0.114665187895298,0.17820218205451965,0.10807883739471436,0.1595371663570404,0.12978383898735046,0.18425530195236206,0.13334473967552185,0.17323800921440125,0.9945927858352661,0.0970790907740593,0.019449543207883835,p010_smile_front,0.13946161912111818
0.3304263651371002,0.3391713798046112,0.2283349484205246,0.23533566296100616,0.14739888906478882,0.156746968626976,0.11701437085866928,0.12642212212085724,0.09263039380311966,0.11440867930650711,0.07023933529853821,0.08655957132577896,0.075953409075737,0.09443968534469604,0.06962419301271439,0.08880038559436798,0.07115617394447327,0.0910198763012886,0.07764545828104019,0.10004297643899918,0.0781426727771759,0.10074001550674438,0.07777330279350281,0.10023479163646698,0.07740757614374161,0.10010533034801483,0.07179664075374603,0.09418287128210068,0.07221114635467529,0.09483523666858673,0.09894651174545288,0.1283576637506485,0.07464092969894409,0.09975789487361908,0.07350688427686691,0.09846144914627075,0.0780244842171669,0.10233493894338608,0.08222133666276932,0.10829984396696091,0.09316739439964294,0.12838439643383026,0.10882066935300827,0.15483790636062622,0.11561224609613419,0.1650545299053192,0.11942008137702942,0.1779790222644806,0.1159476563334465,0.17656446993350983,0.11998306214809418,0.18378931283950806,0.11415587365627289,0.17253179848194122,0.12601633369922638,0.1882239729166031,0.11704294383525848,0.16062943637371063,0.13982079923152924,0.1896519809961319,0.146176278591156,0.17908084392547607,0.9737677574157715,0.10907970368862152,0.022475970908999443,p010_smile_left,0.1499198816334893
0.33191409707069397,0.33987873792648315,0.22460384666919708,0.2295357882976532,0.14322836697101593,0.14898239076137543,0.11108175665140152,0.11579934507608414,0.06700177490711212,0.0761038064956665,0.05571094527840614,0.06839562207460403,0.057629913091659546,0.0740475058555603,0.04955078288912773,0.06876496970653534,0.05115606635808945,0.07116162776947021,0.05151761695742607,0.07490691542625427,0.05510485917329788,0.08117684721946716,0.05998197942972183,0.08570589125156403,0.06077613681554794,0.0866122767329216,0.05628662556409836,0.07916617393493652,0.0563427172601223,0.07873233407735825,0.06228210777044296,0.08593280613422394,0.05751388147473335,0.08344315737485886,0.057374924421310425,0.08293897658586502,0.06135779619216919,0.08813472092151642,0.06150515750050545,0.09056022018194199,0.07111503183841705,0.10935872048139572,0.08597002923488617,0.138710156083107,0.09135814011096954,0.15013110637664795,0.09631560742855072,0.1647106558084488,0.09319299459457397,0.16412022709846497,0.10180025547742844,0.1823093295097351,0.09667836874723434,0.17197899520397186,0.10496501624584198,0.17802663147449493,0.1066942885518074,0.17201919853687286,0.12174270302057266,0.18498824536800385,0.12996847927570343,0.18088139593601227,0.9927353858947754,0.09135452657938004,0.019539961591362953,p010_smile_right,0.13978541265583813
0.33225396275520325,0.3417654037475586,0.2275921106338501,0.23738548159599304,0.1408037394285202,0.15224500000476837,0.10517052561044693,0.11649030447006226,0.06826699525117874,0.08703740686178207,0.06232502683997154,0.08374793827533722,0.06908829510211945,0.09487862884998322,0.0647037923336029,0.09197436273097992,0.06737674027681351,0.09542756527662277,0.0693688616156578,0.10025202482938766,0.07307760417461395,0.10584015399217606,0.07664743065834045,0.10856658220291138,0.07756845653057098,0.10944841057062149,0.07335943728685379,0.10438262671232224,0.0741463229060173,0.10649475455284119,0.08324776589870453,0.11896655708551407,0.07639890164136887,0.11264289915561676,0.07725189626216888,0.11352740228176117,0.08265374600887299,0.11994732916355133,0.08092495054006577,0.11881568282842636,0.09044890850782394,0.13593263924121857,0.10845066606998444,0.16886891424655914,0.11131754517555237,0.1749306619167328,0.12054768949747086,0.19426262378692627,0.11867163330316544,0.19296547770500183,0.12900803983211517,0.2122376561164856,0.12065016478300095,0.19580557942390442,0.1350463181734085,0.21416325867176056,0.12456632405519485,0.18924206495285034,0.14874671399593353,0.21933887898921967,0.14771661162376404,0.2016570270061493,0.989360511302948,0.10766705870628357,0.02560446783900261,p011_neutral_front,0.16001396138775706
0.3290899693965912,0.33867204189300537,0.22984571754932404,0.23937471210956573,0.14671720564365387,0.15832547843456268,0.11394351720809937,0.1255706250667572,0.09323750436306,0.11574837565422058,0.07158754020929337,0.09252144396305084,0.07856569439172745,0.10324285924434662,0.07308941334486008,0.09970959275960922,0.07536283880472183,0.10427287966012955,0.08251824229955673,0.11398124694824219,0.0836651548743248,0.11657185107469559,0.08478040993213654,0.11760382354259491,0.0860707089304924,0.11873912066221237,0.08368629962205887,0.1155577003955841,0.08551733195781708,0.11784105002880096,0.10751865059137344,0.14726881682872772,0.08793851733207703,0.12325722724199295,0.08749379962682724,0.12303043901920319,0.09135112911462784,0.12660863995552063,0.09280727803707123,0.12941856682300568,0.10236433893442154,0.1489771008491516,0.11716840416193008,0.1777467131614685,0.12106956541538239,0.18439717590808868,0.1270580142736435,0.20126010477542877,0.12446319311857224,0.20018167793750763,0.12929457426071167,0.2104416787624359,0.12229909002780914,0.19523468613624573,0.1360251009464264,0.2167319357395172,0.12387456744909286,0.18052135407924652,0.14801490306854248,0.21616818010807037,0.1510082185268402,0.19712978601455688,0.9869677424430847,0.11573179066181183,0.027396343648433685,p011_neutral_left,0.16551840879018165
0.33013731241226196,0.3390045166015625,0.2247215211391449,0.2328176200389862,0.13859820365905762,0.14807939529418945,0.10334186255931854,0.1126227080821991,0.061397016048431396,0.07843327522277832,0.05530191957950592,0.07767276465892792,0.061380673199892044,0.08860655128955841,0.055534835904836655,0.08510389178991318,0.05779121443629265,0.08761288225650787,0.05940302461385727,0.09289781004190445,0.0643661692738533,0.10114482790231705,0.0694941058754921,0.10524038225412369,0.07097184658050537,0.10681761056184769,0.06656098365783691,0.10001356899738312,0.06742983311414719,0.10193409025669098,0.07384346425533295,0.10959512740373611,0.06894978880882263,0.10715144127607346,0.06924199312925339,0.10692927241325378,0.07579128444194794,0.11671515554189682,0.07335268706083298,0.11487442255020142,0.08008167892694473,0.12818537652492523,0.0966055616736412,0.15989790856838226,0.10027679800987244,0.1682916283607483,0.10793552547693253,0.1857578605413437,0.10555050522089005,0.1841469556093216,0.11677875369787216,0.20495100319385529,0.10993555933237076,0.19096772372722626,0.12075228244066238,0.20038610696792603,0.11870725452899933,0.1892935037612915,0.13654091954231262,0.2063010185956955,0.14012715220451355,0.19679784774780273,0.9938742518424988,0.09939274191856384,0.02379322610795498,p011_neutral_right,0.15425053033281597
0.3331066071987152,0.3426077365875244,0.22833433747291565,0.2379152625799179,0.14138495922088623,0.15265055000782013,0.10597308725118637,0.11698630452156067,0.06798107177019119,0.08636234700679779,0.06209304928779602,0.08350500464439392,0.06878679245710373,0.09462851285934448,0.0637875646352768,0.09134142845869064,0.06637752801179886,0.09463215619325638,0.06792289018630981,0.09912090003490448,0.07180435210466385,0.10483312606811523,0.07558505237102509,0.10751552134752274,0.0762251690030098,0.10800132155418396,0.07136652618646622,0.10205089300870895,0.07170592993497849,0.1036205068230629,0.07985182106494904,0.1149519830942154,0.07376638054847717,0.10955935716629028,0.07453782856464386,0.11030525714159012,0.0798211321234703,0.11661633104085922,0.07798370718955994,0.11550597846508026,0.08783482760190964,0.1331125646829605,0.10612097382545471,0.16677893698215485,0.10910480469465256,0.17329353094100952,0.11835722625255585,0.19288833439350128,0.11643533408641815,0.19177018105983734,0.12687192857265472,0.21156299114227295,0.1186356320977211,0.19530552625656128,0.1327972263097763,0.2132011502981186,0.12322349846363068,0.18925786018371582,0.1470794975757599,0.21858897805213928,0.14655137062072754,0.201468825340271,0.9889007806777954,0.10618577897548676,0.025293095037341118,p011_smile_front,0.15903803016052834
0.3304537236690521,0.3393220901489258,0.23054908215999603,0.2388797253370285,0.14755579829216003,0.15775062143802643,0.11487527191638947,0.12477796524763107,0.09189262241125107,0.11363226920366287,0.06866965442895889,0.08827564865350723,0.07455434650182724,0.09783521294593811,0.06801311671733856,0.09314968436956406,0.06960920989513397,0.09672370553016663,0.0762297734618187,0.10652700066566467,0.07720694690942764,0.10880112648010254,0.07805943489074707,0.1090577021241188,0.0788801833987236,0.10956910252571106,0.07578746229410172,0.1054527685046196,0.07727870345115662,0.10739555954933167,0.0996895506978035,0.13835157454013824,0.07923765480518341,0.11245284974575043,0.07877787947654724,0.11216498166322708,0.08283505588769913,0.11601445823907852,0.0834057554602623,0.11726353317499161,0.09215633571147919,0.136113241314888,0.10664521157741547,0.16635911166667938,0.11042337864637375,0.1730717271566391,0.11582069844007492,0.19029763340950012,0.11291326582431793,0.18958738446235657,0.11832492798566818,0.20183688402175903,0.11113031953573227,0.18546806275844574,0.12509207427501678,0.20832869410514832,0.11359575390815735,0.17141197621822357,0.13791801035404205,0.2086361199617386,0.14085185527801514,0.18810434639453888,0.9903311133384705,0.10866639018058777,0.025095973163843155,p011_smile_left,0.1584170860855708
0.3310886323451996,0.339536190032959,0.22521714866161346,0.23230020701885223,0.14030160009860992,0.1486457884311676,0.10559044033288956,0.11332840472459793,0.062295544892549515,0.07648476958274841,0.05550278350710869,0.07472474873065948,0.06084088608622551,0.08455239981412888,0.05477084964513779,0.08087923377752304,0.05725286155939102,0.08361168950796127,0.05823098123073578,0.08758048713207245,0.0626688301563263,0.09464844316244125,0.06753353774547577,0.09864294528961182,0.06862644851207733,0.09973105788230896,0.06418534368276596,0.09324304014444351,0.06483344733715057,0.09478398412466049,0.07073455303907394,0.10131371021270752,0.06662407517433167,0.10015653073787689,0.06720057874917984,0.10044348239898682,0.07324860990047455,0.1089552566409111,0.07095097005367279,0.10703932493925095,0.07843262702226639,0.12112250179052353,0.09373762458562851,0.150843545794487,0.09609866887331009,0.15692347288131714,0.10241271555423737,0.1727660596370697,0.09938456118106842,0.1706227958202362,0.10863231867551804,0.1884155422449112,0.10173539817333221,0.17459481954574585,0.11177048832178116,0.1844339817762375,0.1094970777630806,0.17156100273132324,0.12721781432628632,0.18980026245117188,0.1319887638092041,0.18076786398887634,0.9934642910957336,0.09641645848751068,0.021413695067167282,p011_smile_right,0.14633418967270528
0.34724417328834534,0.35516291856765747,0.24299287796020508,0.250977486371994,0.15682606399059296,0.17038537561893463,0.12316717952489853,0.1395070105791092,0.0957116186618805,0.12586970627307892,0.08456206321716309,0.11096121370792389,0.09308790415525436,0.12131934612989426,0.08924686908721924,0.11727194488048553,0.09298635274171829,0.12133178114891052,0.10016228258609772,0.13026824593544006,0.10428626835346222,0.1347581148147583,0.10700058937072754,0.13697762787342072,0.1097356304526329,0.1396401822566986,0.10795433819293976,0.13651320338249207,0.1128336563706398,0.1429722011089325,0.13477292656898499,0.17392994463443756,0.12096236646175385,0.15420186519622803,0.12090224772691727,0.15377101302146912,0.128213569521904,0.1644717901945114,0.12967434525489807,0.16538581252098083,0.13868147134780884,0.17479656636714935,0.15796978771686554,0.20066450536251068,0.16261887550354004,0.2070630043745041,0.17196722328662872,0.2209993153810501,0.16822288930416107,0.2168106883764267,0.17757079005241394,0.2321145236492157,0.16679568588733673,0.21614192426204681,0.17781122028827667,0.2284148931503296,0.1616426706314087,0.20500671863555908,0.18370433151721954,0.22867454588413239,0.17794151604175568,0.21555453538894653,0.9917300343513489,0.14347076416015625,0.034100212156772614,p012_neutral_front,0.18466242757196877
0.34774523973464966,0.3562554121017456,0.24080942571163177,0.24795451760292053,0.1533958911895752,0.16362477838993073,0.1185264140367508,0.12933236360549927,0.08902260661125183,0.11081571877002716,0.07327543944120407,0.09191766381263733,0.0818302258849144,0.10276904702186584,0.07817760854959488,0.09963303059339523,0.08275111764669418,0.10557661950588226,0.09051980823278427,0.11424322426319122,0.09510782361030579,0.12048201262950897,0.09892379492521286,0.12586070597171783,0.10331102460622787,0.13092248141765594,0.10363872349262238,0.13134868443012238,0.10913029313087463,0.13872100412845612,0.13138222694396973,0.16475433111190796,0.11723677068948746,0.15041007101535797,0.1181761622428894,0.1520332396030426,0.12450253963470459,0.16152185201644897,0.12747538089752197,0.16440409421920776,0.13812707364559174,0.17785505950450897,0.15618030726909637,0.20332340896129608,0.16078130900859833,0.20898781716823578,0.1700821965932846,0.2244080901145935,0.16767507791519165,0.22204864025115967,0.17311681807041168,0.23275871574878693,0.16383564472198486,0.21822939813137054,0.1740707904100418,0.23185813426971436,0.15920792520046234,0.2058819681406021,0.18077649176120758,0.23110860586166382,0.18131238222122192,0.22040359675884247,0.9286975860595703,0.1390410214662552,0.03302541375160217,p012_neutral_left,0.18172895683297743
0.3508165776729584,0.35897666215896606,0.24366937577724457,0.2527337372303009,0.15823663771152496,0.17331773042678833,0.12570317089557648,0.14283214509487152,0.0942501425743103,0.1216263547539711,0.08500675857067108,0.11220584809780121,0.09147909283638,0.12068051099777222,0.08548245579004288,0.1168115884065628,0.08719571679830551,0.11984474956989288,0.09095641225576401,0.12420842796564102,0.09399378299713135,0.12660633027553558,0.09561232477426529,0.12739869952201843,0.09602925181388855,0.12727011740207672,0.09187225997447968,0.12224313616752625,0.09546013176441193,0.12612877786159515,0.11252046376466751,0.14770686626434326,0.10332673043012619,0.13450516760349274,0.10474099963903427,0.13539519906044006,0.11587673425674438,0.14700381457805634,0.11569584161043167,0.14577488601207733,0.12366268038749695,0.15491317212581635,0.14504505693912506,0.1809343546628952,0.15049158036708832,0.18696993589401245,0.16174976527690887,0.20245985686779022,0.16011863946914673,0.20062141120433807,0.17662079632282257,0.2218858152627945,0.16856184601783752,0.21007780730724335,0.181539386510849,0.223395437002182,0.17067062854766846,0.20830222964286804,0.18889635801315308,0.22636918723583221,0.1789427101612091,0.2105366736650467,0.991421639919281,0.1369197964668274,0.03111637756228447,p012_neutral_right,0.17639834909172045
0.3521258234977722,0.36006101965904236,0.24653194844722748,0.2543708086013794,0.15999718010425568,0.17321598529815674,0.125736802816391,0.14173585176467896,0.09626834094524384,0.12568911910057068,0.08407469838857651,0.10989794135093689,0.0917581096291542,0.11925669014453888,0.0877128466963768,0.11470241844654083,0.09127181768417358,0.118288055062294,0.09803745895624161,0.1265101581811905,0.1021139845252037,0.13066920638084412,0.1049434095621109,0.13292713463306427,0.10789182037115097,0.1355419158935547,0.10679256916046143,0.1330520063638687,0.11242741346359253,0.14002354443073273,0.1336604505777359,0.16889777779579163,0.12186438590288162,0.1524210274219513,0.12251672893762589,0.15327802300453186,0.13095253705978394,0.1649366170167923,0.13177990913391113,0.16496120393276215,0.1402907818555832,0.17430077493190765,0.15960347652435303,0.1996990591287613,0.1638929694890976,0.20503199100494385,0.17392931878566742,0.21984373033046722,0.17078062891960144,0.21663987636566162,0.1814768761396408,0.23309552669525146,0.17108170688152313,0.21821124851703644,0.18302232027053833,0.23218972980976105,0.16659729182720184,0.20870080590248108,0.1891453117132187,0.23332364857196808,0.18217016756534576,0.2183278501033783,0.9917050004005432,0.1448647826910019,0.034172795712947845,p012_smile_front,0.18485885348813522
0.34917590022087097,0.3575301170349121,0.2420862466096878,0.2492183893918991,0.15460078418254852,0.16535745561122894,0.11963794380426407,0.13138800859451294,0.08967947214841843,0.11284061521291733,0.0742194652557373,0.09447184950113297,0.08251263201236725,0.1049095094203949,0.07901123911142349,0.10158777981996536,0.0836196094751358,0.10732687264680862,0.09138692170381546,0.11580805480480194,0.09605860710144043,0.122012197971344,0.10017917305231094,0.12745603919029236,0.10498877614736557,0.1326543092727661,0.10595709830522537,0.13331346213817596,0.11192495375871658,0.14105471968650818,0.13360734283924103,0.1666678637266159,0.12093782424926758,0.15356048941612244,0.12176038324832916,0.15520067512989044,0.12802553176879883,0.16495099663734436,0.1309649497270584,0.16752523183822632,0.1415351927280426,0.18074369430541992,0.1592889279127121,0.2058817595243454,0.16372273862361908,0.21127735078334808,0.17285212874412537,0.226581409573555,0.17030519247055054,0.2242240160703659,0.17572562396526337,0.2350931018590927,0.16661494970321655,0.2209082394838333,0.1765352040529251,0.23405331373214722,0.16203975677490234,0.20889554917812347,0.1830936223268509,0.23338182270526886,0.18380823731422424,0.2231094241142273,0.9426956176757812,0.14116314053535461,0.03380217403173447,p012_smile_left,0.183853675600284
0.3512706756591797,0.3593428432941437,0.2442551702260971,0.2533077001571655,0.1592881828546524,0.17462968826293945,0.1269158124923706,0.1445712298154831,0.09571725130081177,0.12403728067874908,0.08603334426879883,0.11409918963909149,0.09208974987268448,0.1221851035952568,0.0857977494597435,0.11825693398714066,0.08703268319368362,0.12096131592988968,0.09066604822874069,0.12519915401935577,0.09331437945365906,0.1273699402809143,0.09466437250375748,0.1280103474855423,0.09494658559560776,0.127801313996315,0.09054125100374222,0.1224576011300087,0.09383339434862137,0.12586981058120728,0.11066345125436783,0.14634494483470917,0.10098835080862045,0.1332405060529709,0.10247505456209183,0.13391762971878052,0.114166758954525,0.14549921452999115,0.11387338489294052,0.14433272182941437,0.12145861983299255,0.15351875126361847,0.14259333908557892,0.179059699177742,0.14835301041603088,0.1852070540189743,0.15926949679851532,0.2002163976430893,0.15759947896003723,0.19844748079776764,0.17472107708454132,0.21953269839286804,0.1672959178686142,0.20825251936912537,0.18033292889595032,0.22089923918247223,0.17079925537109375,0.20741751790046692,0.18861688673496246,0.22495628893375397,0.17913056910037994,0.2109418660402298,0.9922766089439392,0.13609813153743744,0.030954962596297264,p012_smile_right,0.17594022449768917
0.3387409448623657,0.347583532333374,0.22800888121128082,0.23551258444786072,0.1414736658334732,0.15060098469257355,0.10713695734739304,0.11572322249412537,0.06523920595645905,0.07971430569887161,0.05851181596517563,0.07659705728292465,0.06341386586427689,0.0855022743344307,0.05812322720885277,0.0823097750544548,0.060722511261701584,0.0862015038728714,0.0612076111137867,0.08934392780065536,0.06570364534854889,0.0964655727148056,0.07099618762731552,0.10184437781572342,0.07281254976987839,0.104124054312706,0.0693875253200531,0.09959957748651505,0.06945833563804626,0.10045596957206726,0.0740087702870369,0.10651902854442596,0.07128242403268814,0.10648784786462784,0.071712926030159,0.10704655945301056,0.0753016546368599,0.1113143190741539,0.07491885125637054,0.11232511699199677,0.08540479093790054,0.13153092563152313,0.10093974322080612,0.1618020385503769,0.10274326056241989,0.167196124792099,0.11072933673858643,0.18572978675365448,0.1097308099269867,0.1856205016374588,0.11947103589773178,0.20272532105445862,0.11408942192792892,0.1890508234500885,0.1277451068162918,0.2039586752653122,0.12050024420022964,0.18381161987781525,0.140638530254364,0.20846512913703918,0.1406567543745041,0.19465291500091553,0.9922447800636292,0.1022915169596672,0.023821329697966576,p013_neutral_front,0.15434160067190755
0.33754804730415344,0.34688854217529297,0.2311515510082245,0.23929467797279358,0.1460551619529724,0.1561465710401535,0.11359020322561264,0.12354400008916855,0.08144374191761017,0.10020813345909119,0.06854482740163803,0.08696534484624863,0.07491366565227509,0.09669003635644913,0.06985011696815491,0.09360017627477646,0.0724676176905632,0.09827733039855957,0.07619797438383102,0.10364503413438797,0.07915398478507996,0.10899250954389572,0.08206318318843842,0.11349190026521683,0.08376235514879227,0.11578588932752609,0.08064869046211243,0.11119741201400757,0.08108022809028625,0.11176031082868576,0.09256721287965775,0.12609170377254486,0.0841030403971672,0.11795859038829803,0.08419221639633179,0.11824734508991241,0.08658472448587418,0.1203608512878418,0.08902372419834137,0.12572000920772552,0.1030440628528595,0.14983852207660675,0.12028618901968002,0.17988774180412292,0.12309703230857849,0.18575020134449005,0.1317550390958786,0.20383383333683014,0.1304481476545334,0.20344525575637817,0.13715147972106934,0.21546897292137146,0.13079215586185455,0.20215865969657898,0.1435977667570114,0.21785803139209747,0.13242553174495697,0.19220015406608582,0.15385110676288605,0.2182568609714508,0.15534743666648865,0.20452184975147247,0.9828077554702759,0.11538781970739365,0.02723816968500614,p013_neutral_left,0.16503990331130874
0.33957773447036743,0.3481816351413727,0.22923694550991058,0.23637108504772186,0.14237870275974274,0.1507169008255005,0.1071745753288269,0.11480429023504257,0.062008172273635864,0.07509470731019974,0.054751891642808914,0.07245641946792603,0.058597106486558914,0.08017554879188538,0.05139293521642685,0.0750727429986,0.05282630771398544,0.07723244279623032,0.052588097751140594,0.08002489805221558,0.05736679211258888,0.08778536319732666,0.06288719922304153,0.09276913851499557,0.06392714381217957,0.09393034875392914,0.05823342874646187,0.08534029871225357,0.057152461260557175,0.08435796946287155,0.060390375554561615,0.08839447796344757,0.05802374333143234,0.08915701508522034,0.058026205748319626,0.0887514278292656,0.06202618032693863,0.09467236697673798,0.06104331836104393,0.09468092769384384,0.07180304825305939,0.11329895257949829,0.08851610124111176,0.14577694237232208,0.09097232669591904,0.15294867753982544,0.09939388185739517,0.17238803207874298,0.09841518104076385,0.17264153063297272,0.11008883267641068,0.19368401169776917,0.10483002662658691,0.18031495809555054,0.11707881093025208,0.1913318634033203,0.113345205783844,0.17831175029277802,0.13060949742794037,0.19601023197174072,0.13078512251377106,0.18344222009181976,0.9940769076347351,0.09373217076063156,0.021216409280896187,p013_neutral_right,0.1456585365877887
0.3386274576187134,0.34731703996658325,0.2277599424123764,0.23488295078277588,0.141287699341774,0.14993344247341156,0.10694476962089539,0.11498384177684784,0.06481455266475677,0.07910866290330887,0.05785934627056122,0.07543931156396866,0.06287411600351334,0.08427288383245468,0.05750799551606178,0.08100195974111557,0.06023541837930679,0.08495327085256577,0.06098988652229309,0.08851654827594757,0.06552378088235855,0.09529881924390793,0.07077033072710037,0.10033504664897919,0.07242651283740997,0.10233558714389801,0.06854743510484695,0.09736365079879761,0.06834197044372559,0.09798579663038254,0.07355669885873795,0.1055108904838562,0.07018575072288513,0.10405924171209335,0.07046931982040405,0.10442271083593369,0.073626808822155,0.10805296897888184,0.07371024042367935,0.10958357155323029,0.08510418981313705,0.12969279289245605,0.10161804407835007,0.1608501374721527,0.10410567373037338,0.16723328828811646,0.11211372166872025,0.1852809637784958,0.11091257631778717,0.18485279381275177,0.12077436596155167,0.20178529620170593,0.11507126688957214,0.1878395527601242,0.12873752415180206,0.2028113305568695,0.12080781161785126,0.18184828758239746,0.14145851135253906,0.20664353668689728,0.14103303849697113,0.1923406422138214,0.9935113787651062,0.10219357162714005,0.023458603769540787,p013_smile_front,0.15316201803822246
0.339778870344162,0.3488460183143616,0.23147425055503845,0.23920080065727234,0.14583159983158112,0.1554228663444519,0.11239802837371826,0.12165308743715286,0.07478494942188263,0.09151462465524673,0.06445607542991638,0.08254139870405197,0.07005972415208817,0.09181176126003265,0.06504873931407928,0.08877888321876526,0.0679786205291748,0.09361298382282257,0.06990313529968262,0.0974375531077385,0.07350392639636993,0.10353527218103409,0.0774586871266365,0.10846230387687683,0.07895249128341675,0.11028662323951721,0.07545506209135056,0.1052192971110344,0.07518774271011353,0.10494555532932281,0.08258434385061264,0.1141291931271553,0.07764142751693726,0.11098784953355789,0.07769523561000824,0.11107400059700012,0.07957974076271057,0.1126258596777916,0.08101283013820648,0.11603584885597229,0.09525114297866821,0.13994590938091278,0.11241517961025238,0.1705675572156906,0.11471134424209595,0.1760462075471878,0.1234067976474762,0.1942545622587204,0.12244795262813568,0.1942369043827057,0.12952661514282227,0.20711585879325867,0.12381070107221603,0.19366155564785004,0.13687089085578918,0.20843973755836487,0.1271197348833084,0.18421968817710876,0.1482313871383667,0.20974105596542358,0.1499851793050766,0.19666482508182526,0.9894154667854309,0.10983385145664215,0.02530180849134922,p013_smile_left,0.15906542204812843
0.34074950218200684,0.34933289885520935,0.23040935397148132,0.2375848889350891,0.1434554159641266,0.1519668698310852,0.10819710791110992,0.11607235670089722,0.0634690448641777,0.07738825678825378,0.05626049265265465,0.07491540908813477,0.06034305319190025,0.08293472230434418,0.05325515568256378,0.07801803201436996,0.05484900251030922,0.08034290373325348,0.05450756102800369,0.08291611075401306,0.05909762158989906,0.09015452861785889,0.06442020833492279,0.0947352945804596,0.06530728191137314,0.09569545090198517,0.05926818028092384,0.08725994825363159,0.05800337344408035,0.08627329021692276,0.06135611981153488,0.09064072370529175,0.058778684586286545,0.0908898338675499,0.05890154093503952,0.09052793681621552,0.06305858492851257,0.09626802057027817,0.06195840984582901,0.09596525132656097,0.07273049652576447,0.11449985951185226,0.08950182795524597,0.14695823192596436,0.0921635776758194,0.1541937291622162,0.10063613951206207,0.173414945602417,0.09963716566562653,0.17351838946342468,0.11116919666528702,0.19400253891944885,0.10576748847961426,0.18053999543190002,0.11825274676084518,0.19203469157218933,0.11370740830898285,0.17779377102851868,0.13175566494464874,0.19654184579849243,0.13138775527477264,0.18312819302082062,0.9932925701141357,0.09492216259241104,0.02153991535305977,p013_smile_right,0.14676483009583655
0.34123891592025757,0.34863564372062683,0.2340899407863617,0.2383374124765396,0.15195007622241974,0.15702562034130096,0.11936813592910767,0.12331746518611908,0.0745190903544426,0.08270497620105743,0.05937778204679489,0.06819532066583633,0.05921725556254387,0.0698254257440567,0.04926532506942749,0.06138134375214577,0.049567993730306625,0.06216049566864967,0.04768248274922371,0.06220454350113869,0.048842065036296844,0.06412127614021301,0.052611593157052994,0.06726192682981491,0.05310608074069023,0.06801652163267136,0.050333958119153976,0.06504035741090775,0.05217377468943596,0.06784979999065399,0.06051797419786453,0.07914525270462036,0.05392468348145485,0.07256526499986649,0.05486783757805824,0.07403139024972916,0.060741692781448364,0.0811062753200531,0.05914301425218582,0.07966964691877365,0.06352585554122925,0.0878395363688469,0.07214831560850143,0.10399150103330612,0.07418274134397507,0.10743845999240875,0.0779096782207489,0.11735070496797562,0.07540097087621689,0.11664611846208572,0.08179248869419098,0.12871572375297546,0.07837909460067749,0.1215546503663063,0.08740409463644028,0.13210231065750122,0.08543708175420761,0.12213930487632751,0.10441423952579498,0.14315202832221985,0.11136281490325928,0.1410181224346161,0.9963642954826355,0.0853121280670166,0.014833704568445683,p014_neutral_front,0.12179369675170255
0.33788326382637024,0.3458423614501953,0.23451294004917145,0.23983509838581085,0.1535705327987671,0.16090188920497894,0.12262504547834396,0.1298014521598816,0.09027262032032013,0.1093098446726799,0.06794119626283646,0.08211477100849152,0.07075382769107819,0.0866614356637001,0.06223539263010025,0.07878850400447845,0.06291203200817108,0.07986119389533997,0.06611840426921844,0.08583920449018478,0.06636253744363785,0.08578555285930634,0.06726059317588806,0.08577900379896164,0.06781129539012909,0.08664219081401825,0.06472473591566086,0.0838959738612175,0.06761844456195831,0.08775658160448074,0.08891236782073975,0.11588317900896072,0.07042674720287323,0.09318477660417557,0.0701485425233841,0.09336740523576736,0.07687771320343018,0.10034241527318954,0.078059121966362,0.10260871052742004,0.08134996145963669,0.1106698215007782,0.08949325978755951,0.12451961636543274,0.09261854737997055,0.12853994965553284,0.09376715123653412,0.13617488741874695,0.08901812136173248,0.13391458988189697,0.09187694638967514,0.13912591338157654,0.08662453293800354,0.13090600073337555,0.09406372159719467,0.1410408467054367,0.08870512247085571,0.12302370369434357,0.1059483215212822,0.14437074959278107,0.11387816071510315,0.14018650352954865,0.9836628437042236,0.09724308550357819,0.01765621267259121,p014_neutral_left,0.13287668220041923
0.3411696255207062,0.3485909700393677,0.23415020108222961,0.23847290873527527,0.15255263447761536,0.15781331062316895,0.12019319087266922,0.12478133291006088,0.07315529882907867,0.08108614385128021,0.0602569654583931,0.07112497091293335,0.06019357591867447,0.0739850327372551,0.05078590661287308,0.06698314845561981,0.05159858614206314,0.06838701665401459,0.04980376362800598,0.06934230774641037,0.052579909563064575,0.07415175437927246,0.05748726800084114,0.07906348258256912,0.05878923833370209,0.08100976049900055,0.05632292106747627,0.07780203223228455,0.058468643575906754,0.08117024600505829,0.06350148469209671,0.08702876418828964,0.06065630912780762,0.08687889575958252,0.06134841591119766,0.08771472424268723,0.06773845851421356,0.09715550392866135,0.06530308723449707,0.09491485357284546,0.06933271884918213,0.10232088714838028,0.07866393774747849,0.12003382295370102,0.08132404088973999,0.12526684999465942,0.08644545078277588,0.13652914762496948,0.08516909927129745,0.13690778613090515,0.09359696507453918,0.15227241814136505,0.09034385532140732,0.14591827988624573,0.09746042639017105,0.1518934965133667,0.09879826009273529,0.14844556152820587,0.11327189952135086,0.16173778474330902,0.12046412378549576,0.16148144006729126,0.9943604469299316,0.09068441390991211,0.017497265711426735,p014_neutral_right,0.13227723051011742
0.3393116295337677,0.34678784012794495,0.23291251063346863,0.23725298047065735,0.1511121690273285,0.156288281083107,0.11894627660512924,0.12304672598838806,0.07491660863161087,0.08374609053134918,0.05949678644537926,0.06856588274240494,0.059582747519016266,0.07052214443683624,0.04973435401916504,0.06213199347257614,0.050164204090833664,0.0630296915769577,0.04854543134570122,0.0633721575140953,0.049701567739248276,0.065073162317276,0.05328045040369034,0.06797072291374207,0.05372791737318039,0.06858111917972565,0.050947725772857666,0.06564323604106903,0.05282299965620041,0.06840482354164124,0.06167908012866974,0.08049208670854568,0.05454855039715767,0.07300520688295364,0.055429089814424515,0.07439514249563217,0.061149947345256805,0.08114541321992874,0.059667471796274185,0.07979849725961685,0.06421000510454178,0.08825212717056274,0.0729827731847763,0.1044735312461853,0.07505083829164505,0.10789522528648376,0.07863481342792511,0.11761920154094696,0.0759197324514389,0.1166992038488388,0.08198624849319458,0.12816551327705383,0.07823681086301804,0.12058258056640625,0.08713700622320175,0.13116005063056946,0.08447026461362839,0.12006141245365143,0.10335671156644821,0.14119380712509155,0.10991892963647842,0.1385018527507782,0.9956037402153015,0.08547630906105042,0.014747892506420612,p014_smile_front,0.12144090129120672
0.33724579215049744,0.34509971737861633,0.23349925875663757,0.23850268125534058,0.15265709161758423,0.15919916331768036,0.12173321843147278,0.12792693078517914,0.08758603036403656,0.10478254407644272,0.06619230657815933,0.07849346846342087,0.06838598102331161,0.08219575881958008,0.05930885300040245,0.07394232600927353,0.059834931045770645,0.07468695938587189,0.06217357888817787,0.07990554720163345,0.062271226197481155,0.07960692048072815,0.06357984244823456,0.07968609780073166,0.0637807697057724,0.08006047457456589,0.06024117395281792,0.07669658213853836,0.06274550408124924,0.08014202117919922,0.08240120857954025,0.10724704712629318,0.06502999365329742,0.0851670354604721,0.0649564117193222,0.08547872304916382,0.07179910689592361,0.09269767254590988,0.07242051512002945,0.09450260549783707,0.07548709213733673,0.10201780498027802,0.08359275013208389,0.11619792878627777,0.08669557422399521,0.12055715918540955,0.08780935406684875,0.1282740980386734,0.08262648433446884,0.1260201334953308,0.08598116785287857,0.13262927532196045,0.08054039627313614,0.12418478727340698,0.0878060832619667,0.1343986988067627,0.08282752335071564,0.11747674643993378,0.09996785968542099,0.13868816196918488,0.10735922306776047,0.1338578760623932,0.9819859266281128,0.09286052733659744,0.016353102400898933,p014_smile_left,0.1278792492975265
0.3440861999988556,0.3513641655445099,0.23643015325069427,0.2405880242586136,0.15376923978328705,0.15869306027889252,0.12073460966348648,0.12463811784982681,0.07342937588691711,0.08016391843557358,0.05990960821509361,0.06908033788204193,0.05975028872489929,0.07134542614221573,0.04961720481514931,0.06344465166330338,0.05000247806310654,0.0643390640616417,0.0476173460483551,0.06418338418006897,0.049882251769304276,0.06799871474504471,0.054512377828359604,0.07238372415304184,0.055215831845998764,0.073549285531044,0.05214483290910721,0.06986048072576523,0.05388188362121582,0.07254630327224731,0.05932340770959854,0.07897326350212097,0.05588077753782272,0.07760845124721527,0.05690588429570198,0.07872316241264343,0.06346523016691208,0.08761093020439148,0.06128409504890442,0.08554395288228989,0.06581688672304153,0.09339842200279236,0.07573054730892181,0.11126513034105301,0.07863108813762665,0.11651074141263962,0.08404134958982468,0.12784354388713837,0.0828147605061531,0.12827420234680176,0.09152977168560028,0.14366593956947327,0.0886043831706047,0.13777148723602295,0.09650655090808868,0.1453993022441864,0.09749367088079453,0.14171838760375977,0.11397098749876022,0.1580503284931183,0.12132871150970459,0.15835365653038025,0.9958274960517883,0.08885630965232849,0.016395531594753265,p014_smile_right,0.12804503736870582
0.3416004478931427,0.3504508137702942,0.23651236295700073,0.24433743953704834,0.1508823037147522,0.16018570959568024,0.11736743152141571,0.1264544129371643,0.07903869450092316,0.09573356062173843,0.06850847601890564,0.08704838901758194,0.0738862082362175,0.09609601646661758,0.06853610277175903,0.09229011088609695,0.07047509402036667,0.09559143334627151,0.07262995839118958,0.09999064356088638,0.07529076188802719,0.10527347773313522,0.07789994776248932,0.10809687525033951,0.07801693677902222,0.10805283486843109,0.07319138944149017,0.10071264952421188,0.07373960316181183,0.1009744182229042,0.08426809310913086,0.11364229023456573,0.07513003051280975,0.10510917752981186,0.0745697021484375,0.10439100116491318,0.07894912362098694,0.10952428728342056,0.07886607199907303,0.10996036231517792,0.08739624917507172,0.1265837401151657,0.10160744935274124,0.15347883105278015,0.10402035713195801,0.1584782749414444,0.10980274528265,0.17357516288757324,0.10643009841442108,0.17163865268230438,0.1142992377281189,0.1863517016172409,0.10825289785861969,0.17288926243782043,0.11966840922832489,0.18396861851215363,0.1136406883597374,0.1667405664920807,0.13361552357673645,0.1877719610929489,0.13643856346607208,0.1774132251739502,0.9931965470314026,0.10596264898777008,0.022880690172314644,p015_neutral_front,0.15126364458228106
0.3386390805244446,0.3488534688949585,0.23462820053100586,0.2441033273935318,0.14879752695560455,0.1601405292749405,0.11551533639431,0.12680363655090332,0.0856442004442215,0.10545153170824051,0.07308714836835861,0.09162673354148865,0.08060469478368759,0.10271769016981125,0.07631276547908783,0.10025546699762344,0.0790107250213623,0.10566046833992004,0.08287765830755234,0.11095482856035233,0.08506133407354355,0.11529050022363663,0.08683575689792633,0.11847127974033356,0.08671615272760391,0.11844837665557861,0.08129169791936874,0.1110786572098732,0.08088188618421555,0.11014988273382187,0.09422439336776733,0.12553109228610992,0.08261153846979141,0.11430716514587402,0.08221455663442612,0.11405162513256073,0.08528203517198563,0.1166079193353653,0.08804913610219955,0.12298856675624847,0.10099561512470245,0.14608518779277802,0.11688492447137833,0.17325733602046967,0.12076549977064133,0.1804197132587433,0.12790891528129578,0.19686244428157806,0.12527723610401154,0.195903018116951,0.13055458664894104,0.20467203855514526,0.1248193308711052,0.19390824437141418,0.1348402500152588,0.20531320571899414,0.12660764157772064,0.18524445593357086,0.14466622471809387,0.20548906922340393,0.14830367267131805,0.1959952861070633,0.9867079257965088,0.11516495048999786,0.026482384651899338,p015_neutral_left,0.1627340918550853
0.33856549859046936,0.34808290004730225,0.23266339302062988,0.24191410839557648,0.14699584245681763,0.15888914465904236,0.11329764127731323,0.126731738448143,0.07616086304187775,0.09614534676074982,0.07174625992774963,0.09508933871984482,0.0793638527393341,0.1070631742477417,0.07712343335151672,0.1061471700668335,0.08062652498483658,0.1111290380358696,0.08419328927993774,0.11800765246152878,0.08959066867828369,0.1273065060377121,0.0938933938741684,0.1328449845314026,0.09585495293140411,0.13539370894432068,0.09207765758037567,0.12864714860916138,0.0936451181769371,0.13057880103588104,0.10042869299650192,0.13835589587688446,0.09662014245986938,0.13668619096279144,0.09595399349927902,0.1353527009487152,0.10106398165225983,0.1431407630443573,0.10019686818122864,0.14312900602817535,0.11006326228380203,0.159417524933815,0.1267344355583191,0.18848121166229248,0.12940438091754913,0.19582372903823853,0.13662177324295044,0.2111624777317047,0.1342000812292099,0.2093447744846344,0.14398854970932007,0.22679464519023895,0.13723301887512207,0.21355389058589935,0.14626476168632507,0.21841751039028168,0.14320288598537445,0.20949837565422058,0.15945018827915192,0.2218855619430542,0.16464278101921082,0.21819621324539185,0.9920544028282166,0.12233828753232956,0.030499691143631935,p015_neutral_right,0.17464160771028173
0.34339553117752075,0.3521783649921417,0.23815898597240448,0.24588140845298767,0.1515970230102539,0.16085442900657654,0.11739647388458252,0.12651735544204712,0.07943017780780792,0.09583120793104172,0.06871265172958374,0.08667395263910294,0.07427562773227692,0.09586655348539352,0.06895088404417038,0.09196995943784714,0.07078327983617783,0.0951642245054245,0.07286247611045837,0.09931991249322891,0.07544765621423721,0.10422700643539429,0.07792318612337112,0.1067861020565033,0.07763360440731049,0.1062951609492302,0.0721951350569725,0.09856075048446655,0.07232575863599777,0.09850063174962997,0.08273380249738693,0.110797218978405,0.0734599232673645,0.10216908901929855,0.07303134351968765,0.10168367624282837,0.07719554007053375,0.10640305280685425,0.07673893868923187,0.10626687109470367,0.08622071892023087,0.12368831038475037,0.10161835700273514,0.15155906975269318,0.1042449101805687,0.1567322164773941,0.11096025258302689,0.17273785173892975,0.10799849033355713,0.17117871344089508,0.1164281889796257,0.1863543540239334,0.11007517576217651,0.17287249863147736,0.12224967032670975,0.1854952871799469,0.1151358112692833,0.1668868213891983,0.13630327582359314,0.19019784033298492,0.13798601925373077,0.17852748930454254,0.9943143129348755,0.10625166445970535,0.022763630375266075,p015_smile_front,0.15087620877814392
0.3386869430541992,0.34880882501602173,0.23521392047405243,0.2445146143436432,0.14891095459461212,0.16005222499370575,0.11561980843544006,0.12670904397964478,0.08718426525592804,0.10678695887327194,0.07333860546350479,0.09187186509370804,0.08130191266536713,0.10328803211450577,0.07689522206783295,0.10095679014921188,0.07974737882614136,0.10677247494459152,0.08443250507116318,0.11256217956542969,0.08666139096021652,0.11708486825227737,0.08844739198684692,0.12057330459356308,0.08852773159742355,0.12081491947174072,0.0832991749048233,0.11404362320899963,0.08294709771871567,0.11330524832010269,0.09728842228651047,0.12887561321258545,0.08466755598783493,0.11742467433214188,0.08441970497369766,0.1173461377620697,0.08728192746639252,0.11940517276525497,0.09022930264472961,0.1261110007762909,0.10380171239376068,0.1496252715587616,0.11989839375019073,0.17647305130958557,0.12374631315469742,0.18352515995502472,0.13135702908039093,0.20017972588539124,0.12904959917068481,0.19931212067604065,0.13395266234874725,0.20730255544185638,0.1283104121685028,0.1964562088251114,0.1388353854417801,0.20868398249149323,0.1298014372587204,0.18688639998435974,0.1491793990135193,0.2088118940591812,0.15307894349098206,0.199003666639328,0.987320065498352,0.117301806807518,0.02714548073709011,p015_smile_left,0.16475885632368936
0.34098106622695923,0.3502591550350189,0.2347048670053482,0.24381530284881592,0.14816036820411682,0.16012877225875854,0.11389128118753433,0.12768101692199707,0.07729091495275497,0.09786155819892883,0.0732448622584343,0.09736402332782745,0.08150913566350937,0.11013158410787582,0.07946769893169403,0.10957258194684982,0.08322197198867798,0.11473949253559113,0.08746376633644104,0.12263449281454086,0.0934487134218216,0.13238491117954254,0.09790400415658951,0.137939915060997,0.0999026671051979,0.14042523503303528,0.0956624373793602,0.1328013837337494,0.09719514101743698,0.13451993465423584,0.10408379882574081,0.1425727754831314,0.10048826783895493,0.1408786177635193,0.09967812150716782,0.13929523527622223,0.10476678609848022,0.14693249762058258,0.10420012474060059,0.14725717902183533,0.11539986729621887,0.16529656946659088,0.13404244184494019,0.19662535190582275,0.13758572936058044,0.20564989745616913,0.14525283873081207,0.22135323286056519,0.14279866218566895,0.21918994188308716,0.15397697687149048,0.23803971707820892,0.1470634639263153,0.22413207590579987,0.15648908913135529,0.22868861258029938,0.15401221811771393,0.22035610675811768,0.17035554349422455,0.23210403323173523,0.17557533085346222,0.2282976359128952,0.9894651770591736,0.1274326592683792,0.03259721025824547,p015_smile_right,0.18054697521211888
0.34226247668266296,0.3508952558040619,0.23700661957263947,0.24550217390060425,0.15067614614963531,0.1610783487558365,0.11766573786735535,0.12803761661052704,0.08328474313020706,0.10425922274589539,0.07196986675262451,0.09529826045036316,0.07785491645336151,0.106183260679245,0.07242818921804428,0.10367247462272644,0.07423064112663269,0.10657313466072083,0.0760226845741272,0.11232133954763412,0.07875218987464905,0.11759912222623825,0.08147891610860825,0.11927194893360138,0.0820985734462738,0.11933445185422897,0.07905746251344681,0.11443258821964264,0.0811811089515686,0.11736443638801575,0.093158058822155,0.1355656087398529,0.08481103181838989,0.1225598081946373,0.08711166679859161,0.12373543530702591,0.095085009932518,0.13182321190834045,0.10044269263744354,0.13816401362419128,0.11533752828836441,0.1621236801147461,0.1370571106672287,0.19828175008296967,0.14502963423728943,0.2106742411851883,0.1542910486459732,0.2282552719116211,0.15134988725185394,0.22545932233333588,0.15912878513336182,0.24066151678562164,0.15008728206157684,0.22447511553764343,0.16111281514167786,0.2397662103176117,0.148103728890419,0.213234543800354,0.1695380061864853,0.2405824065208435,0.1684792935848236,0.22432264685630798,0.9911049008369446,0.12343628704547882,0.0315827801823616,p016_neutral_front,0.17771544722494328
0.3387320041656494,0.3479216694831848,0.2356613278388977,0.24482481181621552,0.14988626539707184,0.1615922600030899,0.11715291440486908,0.12916314601898193,0.0932358130812645,0.11649208515882492,0.0756930559873581,0.09880495071411133,0.08354375511407852,0.11080396175384521,0.07923731207847595,0.10880076140165329,0.08234728127717972,0.1139216348528862,0.08767779171466827,0.12161416560411453,0.09032832086086273,0.1259700208902359,0.09241492301225662,0.12799938023090363,0.09373296797275543,0.12874984741210938,0.0912809744477272,0.1251947283744812,0.09350103884935379,0.12780095636844635,0.11108747869729996,0.15181805193424225,0.09611484408378601,0.13233564794063568,0.09625138342380524,0.13232602179050446,0.10076206922531128,0.13657201826572418,0.10496962815523148,0.14321918785572052,0.11897089332342148,0.1673617660999298,0.13707230985164642,0.19851648807525635,0.14319026470184326,0.20827580988407135,0.15088264644145966,0.22541865706443787,0.1477784365415573,0.22351069748401642,0.15152336657047272,0.23221392929553986,0.14354343712329865,0.21773526072502136,0.15348179638385773,0.23329095542430878,0.14102888107299805,0.20301510393619537,0.16112543642520905,0.23048213124275208,0.1637011617422104,0.21560628712177277,0.9878327250480652,0.12665098905563354,0.03179655596613884,p016_neutral_left,0.17831588814836113
0.3444092273712158,0.3526211380958557,0.23803308606147766,0.24595442414283752,0.15056748688220978,0.16039864718914032,0.11504411697387695,0.12522998452186584,0.07266256958246231,0.09163661301136017,0.06388983875513077,0.08928067237138748,0.06945726275444031,0.10004624724388123,0.06311903893947601,0.09651876240968704,0.06460455805063248,0.09815330803394318,0.06634530425071716,0.10323631018400192,0.07136069983243942,0.11188111454248428,0.07548537105321884,0.11505904793739319,0.07619994878768921,0.11503946036100388,0.07151257246732712,0.10631829500198364,0.07298030704259872,0.10784976929426193,0.08070030808448792,0.11570195853710175,0.07598542422056198,0.1125556007027626,0.07755576819181442,0.11283804476261139,0.08642023056745529,0.12448123842477798,0.08864600956439972,0.1274590790271759,0.10220720618963242,0.14913487434387207,0.12541694939136505,0.18731948733329773,0.13296198844909668,0.1996675282716751,0.14346826076507568,0.21896864473819733,0.1411581039428711,0.21727584302425385,0.1532094031572342,0.237269327044487,0.14446058869361877,0.22234836220741272,0.15428179502487183,0.23277774453163147,0.14841574430465698,0.21758155524730682,0.16586823761463165,0.23665611445903778,0.16645556688308716,0.22511982917785645,0.9933463931083679,0.11624473333358765,0.029738925397396088,p016_neutral_right,0.1724497764492494
0.34215301275253296,0.3509972393512726,0.23482967913150787,0.24385182559490204,0.14727726578712463,0.15846817195415497,0.11341188102960587,0.12456265836954117,0.07720308750867844,0.09705504029989243,0.06860821694135666,0.09179078042507172,0.07490735501050949,0.10286416858434677,0.06955156475305557,0.09989795088768005,0.07102607190608978,0.10219190269708633,0.07259561121463776,0.10713623464107513,0.07579977810382843,0.11311005800962448,0.07864122837781906,0.11502151191234589,0.07886538654565811,0.1146889477968216,0.07487824559211731,0.10855614393949509,0.07655004411935806,0.11082916706800461,0.08736489713191986,0.12477428466081619,0.08051334321498871,0.11620490998029709,0.08348742127418518,0.11800180375576019,0.0934712365269661,0.12850308418273926,0.10002817958593369,0.1364579200744629,0.11625438183546066,0.161388099193573,0.1411641538143158,0.20012949407100677,0.15078750252723694,0.21428434550762177,0.16148656606674194,0.23273010551929474,0.15905100107192993,0.23018349707126617,0.16969315707683563,0.24771328270435333,0.16066999733448029,0.23162126541137695,0.17286385595798492,0.2460479736328125,0.16160032153129578,0.22313785552978516,0.1831369400024414,0.24853305518627167,0.18233536183834076,0.23457694053649902,0.9911717772483826,0.12453751266002655,0.03183837607502937,p016_smile_front,0.17843311372900875
0.34033018350601196,0.34941762685775757,0.23712721467018127,0.2461239993572235,0.15062427520751953,0.16226665675640106,0.11747635155916214,0.12956596910953522,0.09276241064071655,0.116175577044487,0.07620624452829361,0.0986427292227745,0.08406586199998856,0.11056061834096909,0.07990192621946335,0.1083526611328125,0.0828402042388916,0.11299076676368713,0.08807731419801712,0.1207432821393013,0.09070956707000732,0.12504391372203827,0.09259674698114395,0.12679347395896912,0.09367962181568146,0.12726038694381714,0.09075677394866943,0.12306539714336395,0.09272953867912292,0.1254156529903412,0.11013173311948776,0.14974652230739594,0.09552372992038727,0.13002315163612366,0.09566548466682434,0.12999160587787628,0.10037139803171158,0.13471505045890808,0.10475251823663712,0.14131027460098267,0.11920323222875595,0.1657084971666336,0.13827578723430634,0.19842128455638885,0.14455533027648926,0.20830795168876648,0.1526731252670288,0.22581160068511963,0.149556502699852,0.22379204630851746,0.15410497784614563,0.23395222425460815,0.14547353982925415,0.21823816001415253,0.1556951105594635,0.2344069927930832,0.14236223697662354,0.20345163345336914,0.16270099580287933,0.2317703664302826,0.1640428900718689,0.21568197011947632,0.9760112762451172,0.12726637721061707,0.03174804896116257,p016_smile_left,0.1781798219809487
0.3440942168235779,0.3521997332572937,0.23746991157531738,0.24482451379299164,0.15000155568122864,0.15921303629875183,0.11434847861528397,0.12374961376190186,0.07119183242321014,0.08850022405385971,0.06289979815483093,0.0865120068192482,0.06844498217105865,0.09712423384189606,0.0622386671602726,0.09364432841539383,0.06389244645833969,0.09559574723243713,0.06541094928979874,0.10058669000864029,0.07070884853601456,0.10957011580467224,0.07519190013408661,0.11338411271572113,0.07603439688682556,0.11357830464839935,0.07124699652194977,0.10482709109783173,0.0724230632185936,0.10592914372682571,0.07910339534282684,0.11253275722265244,0.07532940804958344,0.11060402542352676,0.07667063921689987,0.11092956364154816,0.08489453047513962,0.12193074077367783,0.08645658195018768,0.12482555955648422,0.09978682547807693,0.1466360092163086,0.12232104688882828,0.1846466213464737,0.1291401982307434,0.1964956372976303,0.1393166482448578,0.21586774289608002,0.13696777820587158,0.21436573565006256,0.1492590457201004,0.23498137295246124,0.14059601724147797,0.22002753615379333,0.15000541508197784,0.2292873114347458,0.1448475420475006,0.21551214158535004,0.16133153438568115,0.23291563987731934,0.16212253272533417,0.2221815586090088,0.9912796020507812,0.11433810740709305,0.029001930728554726,p016_smile_right,0.17029953237914286
0.32698914408683777,0.3354787528514862,0.21715456247329712,0.22331099212169647,0.13435477018356323,0.1414601355791092,0.10249843448400497,0.10857193917036057,0.06057463958859444,0.07271940261125565,0.05188225582242012,0.06859140843153,0.05554904788732529,0.07612856477499008,0.0487486869096756,0.07189435511827469,0.05061381310224533,0.07450666278600693,0.05023820325732231,0.07611364126205444,0.053512413054704666,0.08104103058576584,0.058367885649204254,0.0852455273270607,0.05914358049631119,0.0858445018529892,0.055691689252853394,0.08137191087007523,0.05604828521609306,0.08234969526529312,0.061911340802907944,0.08941260725259781,0.05671472102403641,0.08659109473228455,0.05728588625788689,0.08763165771961212,0.061082661151885986,0.09180925041437149,0.05921626463532448,0.09136686474084854,0.06681060045957565,0.10840390622615814,0.07991950213909149,0.13642528653144836,0.08206125348806381,0.14166221022605896,0.08928479999303818,0.16022567451000214,0.08815301954746246,0.16117534041404724,0.09705952554941177,0.1789194643497467,0.09241746366024017,0.1670108586549759,0.10736383497714996,0.18519552052021027,0.10281337052583694,0.16495607793331146,0.12562406063079834,0.19364988803863525,0.12796394526958466,0.1795048862695694,0.990829348564148,0.08829989284276962,0.01918574422597885,p017_neutral_front,0.13851261395980818
0.3279028534889221,0.3368339240550995,0.22140640020370483,0.22830067574977875,0.1397724449634552,0.1481023132801056,0.10880736261606216,0.11644722521305084,0.07797560095787048,0.0958121195435524,0.05910206213593483,0.07715150713920593,0.06259879469871521,0.0841793417930603,0.05580257251858711,0.07988151907920837,0.057365093380212784,0.08296260982751846,0.060386307537555695,0.08816315978765488,0.06198249012231827,0.09146261215209961,0.0647081807255745,0.09422564506530762,0.06577685475349426,0.0955793708562851,0.06307416409254074,0.09263470768928528,0.06426620483398438,0.09428144246339798,0.0792727991938591,0.11370576173067093,0.06544492393732071,0.09891992062330246,0.06493927538394928,0.09908386319875717,0.06799342483282089,0.10160375386476517,0.0678202286362648,0.10266053676605225,0.07583648711442947,0.1212383583188057,0.08850652724504471,0.14874151349067688,0.09177102893590927,0.15377123653888702,0.09760580211877823,0.17200544476509094,0.09612691402435303,0.1735595315694809,0.1027754470705986,0.18861958384513855,0.0974821001291275,0.17626681923866272,0.1110348105430603,0.19760140776634216,0.10376907885074615,0.16991306841373444,0.12618254125118256,0.20351147651672363,0.12997569143772125,0.18715649843215942,0.9932042360305786,0.09541092067956924,0.021719438955187798,p017_neutral_left,0.14737516397001157
0.3276057243347168,0.3361012935638428,0.21846774220466614,0.22475315630435944,0.13604961335659027,0.14351442456245422,0.10416923463344574,0.1109512597322464,0.06005173549056053,0.07273618876934052,0.05174792557954788,0.07014645636081696,0.05475085601210594,0.07707046717405319,0.04780597239732742,0.07304859161376953,0.049625854939222336,0.0754019170999527,0.04885600879788399,0.07678361237049103,0.05282631143927574,0.08340533822774887,0.05816122144460678,0.08789392560720444,0.05921288952231407,0.08886805176734924,0.055713556706905365,0.0838048905134201,0.05623235926032066,0.08493432402610779,0.06027516722679138,0.08883590251207352,0.05711584538221359,0.08975504338741302,0.05748352035880089,0.09025448560714722,0.06166771799325943,0.09573955833911896,0.059200387448072433,0.09454410523176193,0.06595377624034882,0.11022244393825531,0.07813157141208649,0.13804231584072113,0.07936745136976242,0.14269307255744934,0.08536171168088913,0.15984876453876495,0.08345264196395874,0.15990914404392242,0.0920133963227272,0.17775815725326538,0.08773504197597504,0.16613037884235382,0.10049518942832947,0.17922444641590118,0.10023090243339539,0.16651619970798492,0.11985960602760315,0.1886300891637802,0.12534087896347046,0.17933201789855957,0.9947882890701294,0.08694297820329666,0.019307086244225502,p017_neutral_right,0.1389499415049373
0.3271602988243103,0.3358275890350342,0.21782535314559937,0.22412902116775513,0.1350952684879303,0.14245878159999847,0.10310402512550354,0.1094212457537651,0.062433551996946335,0.07544498890638351,0.05273040011525154,0.06952832639217377,0.05626510828733444,0.07659079134464264,0.04956013336777687,0.07244659215211868,0.051480695605278015,0.07515189796686172,0.05133216083049774,0.07677602022886276,0.054310426115989685,0.08138362318277359,0.058702707290649414,0.08485428988933563,0.05927717685699463,0.08543753623962402,0.05530468001961708,0.08055689185857773,0.05537653714418411,0.08118470758199692,0.06252797693014145,0.09009067714214325,0.05594906210899353,0.085118867456913,0.05639490857720375,0.08607847988605499,0.05992387235164642,0.08965635299682617,0.05829975754022598,0.0893608033657074,0.06670314073562622,0.107293501496315,0.08010023832321167,0.1354711800813675,0.08259555697441101,0.14073769748210907,0.08962767571210861,0.15943950414657593,0.08846718072891235,0.16081447899341583,0.09682758152484894,0.1778372824192047,0.09193296730518341,0.16605472564697266,0.10660786926746368,0.18534797430038452,0.10132608562707901,0.1637047976255417,0.12447723001241684,0.19399119913578033,0.1268569529056549,0.17938083410263062,0.9915286302566528,0.08834853768348694,0.01913047581911087,p017_smile_front,0.13831296330825563
0.3300199806690216,0.3393027186393738,0.22300627827644348,0.23058439791202545,0.13991084694862366,0.14904986321926117,0.10862335562705994,0.11734925210475922,0.07841669768095016,0.09629347175359726,0.06139049306511879,0.08108310401439667,0.06600868701934814,0.08934354782104492,0.06032494083046913,0.08658253401517868,0.06315545737743378,0.09149053692817688,0.0663897916674614,0.0965428575873375,0.06892511248588562,0.10111386328935623,0.07260356098413467,0.10539775341749191,0.07434871047735214,0.1074838787317276,0.07235084474086761,0.10578227788209915,0.07378260791301727,0.10787606984376907,0.08779150992631912,0.12471355497837067,0.07575330138206482,0.11340813338756561,0.07546501606702805,0.11378118395805359,0.07798608392477036,0.11521250009536743,0.07838722318410873,0.11804749071598053,0.08801792562007904,0.138459250330925,0.10158181190490723,0.1653992086648941,0.10497180372476578,0.17095723748207092,0.11204355210065842,0.18972156941890717,0.1109728068113327,0.19147305190563202,0.11719400435686111,0.20432360470294952,0.11208253353834152,0.19298706948757172,0.12629573047161102,0.21393752098083496,0.11753043532371521,0.18487147986888885,0.14096418023109436,0.21863946318626404,0.14374685287475586,0.20244626700878143,0.9891214370727539,0.1042029932141304,0.02497842349112034,p017_smile_left,0.15804563736819924
0.3314240276813507,0.34006598591804504,0.22200815379619598,0.22861333191394806,0.1377113312482834,0.14554257690906525,0.10447196662425995,0.11169921606779099,0.060419000685214996,0.0739714577794075,0.05288812145590782,0.07199863344430923,0.05698084458708763,0.08011192828416824,0.05051744729280472,0.07613490521907806,0.05269486829638481,0.07892442494630814,0.052703529596328735,0.08103698492050171,0.057514727115631104,0.08847376704216003,0.06326616555452347,0.09377238899469376,0.06468450278043747,0.09532832354307175,0.06099987402558327,0.08989053219556808,0.061693087220191956,0.09150566160678864,0.065953329205513,0.09559303522109985,0.06299638748168945,0.09658786654472351,0.06337587535381317,0.09700245410203934,0.06807956844568253,0.10341696441173553,0.06561403721570969,0.10216515511274338,0.07309411466121674,0.11807220429182053,0.08716876059770584,0.1472468078136444,0.08905541151762009,0.1527925431728363,0.0962507352232933,0.17076586186885834,0.09462781995534897,0.17074157297611237,0.10457874089479446,0.18970546126365662,0.09946605563163757,0.17744895815849304,0.11178798228502274,0.18953081965446472,0.11060686409473419,0.1770114302635193,0.13003720343112946,0.1978834867477417,0.13406695425510406,0.18768972158432007,0.9943386316299438,0.09312906116247177,0.02114332653582096,p017_smile_right,0.14540745006986733
0.33898448944091797,0.34667783975601196,0.23479293286800385,0.24017657339572906,0.15358226001262665,0.16009576618671417,0.12206662446260452,0.12796476483345032,0.08229013532400131,0.094890296459198,0.06634033471345901,0.0781068429350853,0.06714063882827759,0.08088759332895279,0.057886455208063126,0.07327701151371002,0.058322723954916,0.07449890673160553,0.05782265588641167,0.07637612521648407,0.05854874476790428,0.07736142724752426,0.061493001878261566,0.07941410690546036,0.061589810997247696,0.0795648992061615,0.058056239038705826,0.07568471878767014,0.05966591835021973,0.07802063971757889,0.07154456526041031,0.09444635361433029,0.06114789843559265,0.08166974782943726,0.0610499270260334,0.08140753209590912,0.0657365471124649,0.08660174161195755,0.06556031107902527,0.08681445568799973,0.07159839570522308,0.09589481353759766,0.08179467171430588,0.11285139620304108,0.08428046107292175,0.11738386005163193,0.08778619766235352,0.12711720168590546,0.08418203890323639,0.12544186413288116,0.09019752591848373,0.13704729080200195,0.08621916174888611,0.12826673686504364,0.09823153167963028,0.1389809101819992,0.09722825139760971,0.12689414620399475,0.11820326000452042,0.14852099120616913,0.12414157390594482,0.14458270370960236,0.9979027509689331,0.09315004199743271,0.016367357224225998,p018_neutral_front,0.12793497263932954
0.3392292559146881,0.34723329544067383,0.23479992151260376,0.24011869728565216,0.15337629616260529,0.1597614735364914,0.12181749939918518,0.12736983597278595,0.08959062397480011,0.1050126850605011,0.0647052526473999,0.07661738991737366,0.06601326167583466,0.07976875454187393,0.056738872081041336,0.07180741429328918,0.057352010160684586,0.07321649044752121,0.06064022332429886,0.07858214527368546,0.060471322387456894,0.07861214131116867,0.061924420297145844,0.08013251423835754,0.06267789006233215,0.08138925582170486,0.05971381813287735,0.0786842629313469,0.06205468624830246,0.08171084523200989,0.0845845639705658,0.10950226336717606,0.06413161009550095,0.08635485917329788,0.06346486508846283,0.08626087009906769,0.06796375662088394,0.09074968844652176,0.06969281286001205,0.09364224970340729,0.0753394365310669,0.10518060624599457,0.08473175764083862,0.12171459197998047,0.08894293010234833,0.12750090658664703,0.09184745699167252,0.13806453347206116,0.08941125869750977,0.13809846341609955,0.09317713230848312,0.14591126143932343,0.09001996368169785,0.13896600902080536,0.10045228153467178,0.15076498687267303,0.09701292216777802,0.13380460441112518,0.11644122004508972,0.15608468651771545,0.12301938980817795,0.15011699497699738,0.9917046427726746,0.09520914405584335,0.017564713954925537,p018_neutral_left,0.13253193560393486
0.34420573711395264,0.35178348422050476,0.23891684412956238,0.2444043904542923,0.15659575164318085,0.16335441172122955,0.1242048442363739,0.13078688085079193,0.08261265605688095,0.09645438194274902,0.0681643858551979,0.0813523530960083,0.0694364607334137,0.08505983650684357,0.06063515320420265,0.07816165685653687,0.060856472700834274,0.07930850237607956,0.06058898940682411,0.08167685568332672,0.06207915395498276,0.08348248898983002,0.06513124704360962,0.08568118512630463,0.06563934683799744,0.08632071316242218,0.06190809980034828,0.0818120613694191,0.06376854330301285,0.08448384702205658,0.07387319207191467,0.09918000549077988,0.06611761450767517,0.08890904486179352,0.06617037951946259,0.08884716033935547,0.07204858213663101,0.09626378118991852,0.07125718146562576,0.09532667696475983,0.07818528264760971,0.10551062226295471,0.09111320972442627,0.12611639499664307,0.09469450265169144,0.1323275864124298,0.10008323192596436,0.14385324716567993,0.09753187000751495,0.14311788976192474,0.10707134753465652,0.15931424498558044,0.10314518958330154,0.1508876532316208,0.11408665031194687,0.15967001020908356,0.11484181135892868,0.1529405117034912,0.13308629393577576,0.17042779922485352,0.13930949568748474,0.16785044968128204,0.9971546530723572,0.10024603456258774,0.01901577226817608,p018_neutral_right,0.13789768768248464
0.3389412760734558,0.34670549631118774,0.23455141484737396,0.2402222752571106,0.15270139276981354,0.159674271941185,0.1210951954126358,0.127672016620636,0.08340829610824585,0.09787558019161224,0.0662328377366066,0.07917148619890213,0.06744357198476791,0.0824333131313324,0.05845639482140541,0.07514426112174988,0.059044864028692245,0.07654190063476562,0.059780362993478775,0.07947704941034317,0.060361348092556,0.08028429746627808,0.0629677101969719,0.0821337029337883,0.06324194371700287,0.08246014267206192,0.05988752469420433,0.07882987707853317,0.061601798981428146,0.08128030598163605,0.07599476724863052,0.10064740478992462,0.06342798471450806,0.08519677072763443,0.0632053092122078,0.08485930413007736,0.06775017827749252,0.08973713964223862,0.06826075166463852,0.09068574011325836,0.0747225433588028,0.1004534363746643,0.08535335958003998,0.11756475269794464,0.0884767472743988,0.12264437973499298,0.09213923662900925,0.13238173723220825,0.08912798017263412,0.13086071610450745,0.0950230211019516,0.1416357308626175,0.09122872352600098,0.13292428851127625,0.10398996621370316,0.14491206407546997,0.10148677229881287,0.13056066632270813,0.12349127978086472,0.1539343297481537,0.12908880412578583,0.14944535493850708,0.9912971258163452,0.09556938707828522,0.017080096527934074,p018_smile_front,0.13069084332092312
0.3383687734603882,0.34637728333473206,0.23419758677482605,0.2395806908607483,0.15282785892486572,0.15944431722164154,0.12138954550027847,0.1272626668214798,0.09157881885766983,0.10773623734712601,0.06526979058980942,0.0778389722108841,0.06697048246860504,0.08153179287910461,0.0580049529671669,0.07387711852788925,0.058792032301425934,0.07547292858362198,0.06306640803813934,0.08158987760543823,0.06269672513008118,0.08149798959493637,0.0636768788099289,0.08271954208612442,0.06449485570192337,0.08401385694742203,0.06178654357790947,0.08152561634778976,0.06422630697488785,0.08479216694831848,0.08928689360618591,0.1147553026676178,0.06650268286466599,0.08960482478141785,0.06579943001270294,0.08938765525817871,0.0701560527086258,0.0939459353685379,0.07235802710056305,0.0970337986946106,0.07827018946409225,0.10842595249414444,0.08775236457586288,0.12454722076654434,0.09216687828302383,0.13057619333267212,0.09517712891101837,0.1407184898853302,0.09294208884239197,0.1405680775642395,0.09626233577728271,0.14718040823936462,0.09320244938135147,0.14044012129306793,0.10394953936338425,0.15231403708457947,0.09991678595542908,0.13447807729244232,0.11961475759744644,0.15720543265342712,0.1262107789516449,0.1518450677394867,0.990786612033844,0.09732384979724884,0.01798062026500702,p018_smile_left,0.1340918351914352
0.34442487359046936,0.3520745038986206,0.23945929110050201,0.2453361451625824,0.15701758861541748,0.1643928438425064,0.12447120249271393,0.13189923763275146,0.08356426656246185,0.09908401221036911,0.06915345042943954,0.08360829949378967,0.07063018530607224,0.08751380443572998,0.062028806656599045,0.08088844269514084,0.062249813228845596,0.08207177370786667,0.062213074415922165,0.0847136452794075,0.0636124238371849,0.0861070305109024,0.0663842260837555,0.08785762637853622,0.06667884439229965,0.0882210060954094,0.06291379034519196,0.08386922627687454,0.06471238285303116,0.08647189289331436,0.07530885934829712,0.10216142237186432,0.0670282244682312,0.09064996987581253,0.06688398867845535,0.0902763158082962,0.07258457690477371,0.09720074385404587,0.07200204581022263,0.09630727022886276,0.07908248156309128,0.10608360916376114,0.09218323975801468,0.12608292698860168,0.09593599289655685,0.13240958750247955,0.10116025805473328,0.14297766983509064,0.09841881692409515,0.14163202047348022,0.10777026414871216,0.15696457028388977,0.10390884429216385,0.14838328957557678,0.11473776400089264,0.1565363109111786,0.11554671078920364,0.1500113159418106,0.13366898894309998,0.16692346334457397,0.1399601697921753,0.16513194143772125,0.9975551962852478,0.101160928606987,0.019058100879192352,p018_smile_right,0.13805108068824506
0.3371284604072571,0.34600114822387695,0.22771666944026947,0.23552730679512024,0.1418234258890152,0.15136629343032837,0.10703262686729431,0.11661376059055328,0.06537476181983948,0.08170359581708908,0.05915038660168648,0.07936500757932663,0.06441312283277512,0.08900965005159378,0.05964753031730652,0.0870455801486969,0.06266847997903824,0.09151749312877655,0.06509853154420853,0.09605760872364044,0.07154447585344315,0.10373444110155106,0.07832512259483337,0.10944318026304245,0.08323538303375244,0.11360543221235275,0.08378539234399796,0.11242730170488358,0.08841606974601746,0.11795606464147568,0.10138306021690369,0.13472500443458557,0.09758840501308441,0.13130831718444824,0.0993281900882721,0.1335505098104477,0.10468654334545135,0.14054939150810242,0.10693597793579102,0.14388661086559296,0.11962713301181793,0.16360622644424438,0.13938280940055847,0.19557486474514008,0.14494168758392334,0.20385263860225677,0.15384794771671295,0.22069457173347473,0.1519424468278885,0.2193959653377533,0.16305439174175262,0.23763510584831238,0.1562373787164688,0.22508051991462708,0.1690320521593094,0.2407035231590271,0.15987977385520935,0.22102883458137512,0.18059054017066956,0.2471173256635666,0.1794302761554718,0.23500896990299225,0.9905635118484497,0.12334222346544266,0.030578844249248505,p019_neutral_front,0.1748680767014051
0.3406950533390045,0.35042086243629456,0.2320193350315094,0.24176304042339325,0.1446554809808731,0.15711559355258942,0.10910430550575256,0.12271570414304733,0.07354830205440521,0.09518233686685562,0.06700059771537781,0.09157802909612656,0.07462523132562637,0.1031109169125557,0.0739707499742508,0.10378949344158173,0.07966559380292892,0.11102499812841415,0.08297620713710785,0.11624181270599365,0.08870378136634827,0.12390920519828796,0.09470529854297638,0.1302535980939865,0.09869880974292755,0.13411879539489746,0.09892377257347107,0.13302485644817352,0.10186503827571869,0.1362484097480774,0.11354565620422363,0.15130364894866943,0.1089121624827385,0.14710550010204315,0.10970131307840347,0.14824746549129486,0.11233844608068466,0.151523619890213,0.11622089147567749,0.15734444558620453,0.13189351558685303,0.18342599272727966,0.15112414956092834,0.21609151363372803,0.15740200877189636,0.2248971164226532,0.16719120740890503,0.24449387192726135,0.16632825136184692,0.24539652466773987,0.17440110445022583,0.2594919502735138,0.16853201389312744,0.2482839971780777,0.18187184631824493,0.26712363958358765,0.1694469004869461,0.23993292450904846,0.19172842800617218,0.2709142863750458,0.19050584733486176,0.25658226013183594,0.9572079181671143,0.1346006840467453,0.03661617264151573,p019_neutral_left,0.19135352790454566
0.3396618664264679,0.3476901650428772,0.22965893149375916,0.23571434617042542,0.1433483213186264,0.15046358108520508,0.10785777866840363,0.11410973221063614,0.06223379820585251,0.0734952837228775,0.05373688042163849,0.06927470117807388,0.05707114562392235,0.07654030621051788,0.04936286062002182,0.07138853520154953,0.05061439424753189,0.07305238395929337,0.052425965666770935,0.07584822922945023,0.0593501552939415,0.08406103402376175,0.0663847029209137,0.08983107656240463,0.07083027809858322,0.09336733818054199,0.0698017105460167,0.09081103652715683,0.07417368143796921,0.0965813547372818,0.08477579802274704,0.11096647381782532,0.08369642496109009,0.11069309711456299,0.08610238879919052,0.11403527855873108,0.09305384755134583,0.12324120104312897,0.09355858713388443,0.12435293942689896,0.10553379356861115,0.14075958728790283,0.12554582953453064,0.17156323790550232,0.1297474056482315,0.17858286201953888,0.13980592787265778,0.19616398215293884,0.13864871859550476,0.19527652859687805,0.15178817510604858,0.2168225347995758,0.145246684551239,0.20486417412757874,0.15774793922901154,0.2191244661808014,0.1511440873146057,0.20455119013786316,0.17034032940864563,0.22763578593730927,0.16909895837306976,0.21593508124351501,0.9932496547698975,0.11331159621477127,0.025469552725553513,p019_neutral_right,0.1595918316379429
0.3364662826061249,0.34510183334350586,0.2273550033569336,0.2344561368227005,0.142920583486557,0.15161363780498505,0.1087130531668663,0.11728807538747787,0.06630606204271317,0.08162575215101242,0.05873364955186844,0.07787371426820755,0.06308764219284058,0.0862310454249382,0.056919533759355545,0.08308648318052292,0.05944480746984482,0.08697907626628876,0.06089506298303604,0.0908590629696846,0.06663037091493607,0.0978260487318039,0.07310442626476288,0.1030818372964859,0.0774475634098053,0.10678517818450928,0.0775044858455658,0.10543563961982727,0.0816931203007698,0.1105932742357254,0.09398479759693146,0.12753133475780487,0.08969356119632721,0.12289787083864212,0.0910429060459137,0.1247434988617897,0.09588281810283661,0.13124914467334747,0.09696026146411896,0.13391223549842834,0.10822910070419312,0.15201140940189362,0.126148983836174,0.18197964131832123,0.13049320876598358,0.18954557180404663,0.13824708759784698,0.20495076477527618,0.13581837713718414,0.20323041081428528,0.14598749577999115,0.2204384058713913,0.1390615552663803,0.20758050680160522,0.15163418650627136,0.2223806083202362,0.1431712955236435,0.20274056494235992,0.16392278671264648,0.22821421921253204,0.16333715617656708,0.2159147560596466,0.9923892617225647,0.11520081758499146,0.027345193549990654,p019_smile_front,0.16536382176882178
0.33763501048088074,0.3470461368560791,0.23066164553165436,0.23938240110874176,0.14505989849567413,0.1564861387014389,0.11108437925577164,0.12326444685459137,0.07986441999673843,0.10100991278886795,0.0663512647151947,0.08904629945755005,0.07242003083229065,0.09848137199878693,0.06982336938381195,0.09719531238079071,0.07456648349761963,0.10350967198610306,0.07769527286291122,0.1089615747332573,0.08216633647680283,0.11439497023820877,0.08711212873458862,0.11931496113538742,0.09098795801401138,0.12282223999500275,0.09146443009376526,0.12217053025960922,0.09510450065135956,0.1259072870016098,0.1132240891456604,0.14921197295188904,0.10278261452913284,0.1369316130876541,0.10304370522499084,0.13769736886024475,0.10592028498649597,0.14072652161121368,0.10994862765073776,0.14674217998981476,0.12341483682394028,0.170305073261261,0.14057494699954987,0.19984367489814758,0.14716461300849915,0.2092016488313675,0.15508879721164703,0.22613850235939026,0.15364038944244385,0.2264905422925949,0.15978075563907623,0.23777565360069275,0.1541002243757248,0.22695063054561615,0.16633768379688263,0.24520277976989746,0.15375973284244537,0.21604059636592865,0.174819678068161,0.24648204445838928,0.1741676777601242,0.23141919076442719,0.9645480513572693,0.127421572804451,0.032144591212272644,p019_smile_left,0.17928912742347944
0.34015747904777527,0.34810420870780945,0.23056112229824066,0.23658637702465057,0.14543591439723969,0.1528536081314087,0.11095739156007767,0.11800611019134521,0.0658152848482132,0.07876737415790558,0.05739361047744751,0.07472962141036987,0.06101928651332855,0.08201085776090622,0.05352339893579483,0.07722823321819305,0.05515878275036812,0.0792914628982544,0.05719535052776337,0.08245858550071716,0.06382659077644348,0.09008662402629852,0.0702795460820198,0.09562816470861435,0.07391436398029327,0.09845245629549026,0.07188992202281952,0.09428786486387253,0.0751110389828682,0.09846005588769913,0.08257139474153519,0.10857291519641876,0.08264070004224777,0.10996200889348984,0.08433578163385391,0.11232313513755798,0.09019172936677933,0.12004385888576508,0.09080473333597183,0.12122389674186707,0.10421241074800491,0.1396605223417282,0.12459197640419006,0.170567125082016,0.12867219746112823,0.17802374064922333,0.13861533999443054,0.1950681060552597,0.1373669058084488,0.19408148527145386,0.149417445063591,0.21417753398418427,0.14256145060062408,0.2021048367023468,0.1535232812166214,0.21397684514522552,0.1482873409986496,0.20085644721984863,0.16613474488258362,0.22116389870643616,0.16664573550224304,0.21119725704193115,0.9944760203361511,0.11364874243736267,0.025355609133839607,p019_smile_right,0.15923444707047407
0.38997307419776917,0.40099695324897766,0.3206372559070587,0.32906121015548706,0.25865697860717773,0.2692677974700928,0.2496282160282135,0.2566450536251068,0.18523205816745758,0.1947016566991806,0.13729621469974518,0.14767970144748688,0.13637802004814148,0.14733491837978363,0.12254578620195389,0.1334388256072998,0.10458789765834808,0.1161845251917839,0.10188589245080948,0.11397131532430649,0.1173543781042099,0.12810781598091125,0.13053643703460693,0.14185473322868347,0.13906645774841309,0.14908361434936523,0.11785362660884857,0.12942978739738464,0.10689137876033783,0.1185738742351532,0.10944303870201111,0.1232050210237503,0.10605952143669128,0.11969692260026932,0.13675270974636078,0.14998739957809448,0.12420875579118729,0.13669267296791077,0.1119750514626503,0.1265098750591278,0.12669532001018524,0.14780272543430328,0.11898935586214066,0.15099576115608215,0.10490987449884415,0.14596736431121826,0.09458241611719131,0.14480789005756378,0.08272814750671387,0.13736702501773834,0.07708719372749329,0.13319851458072662,0.07599477469921112,0.12122253328561783,0.10032518208026886,0.13835109770298004,0.10972285270690918,0.1268341988325119,0.1271548569202423,0.14445926249027252,0.14664800465106964,0.15905116498470306,0.9681002497673035,0.14102603495121002,0.029975099489092827,p020_neutral_front,0.1731331842515837
0.3885738253593445,0.39964377880096436,0.32006293535232544,0.3285299241542816,0.25753435492515564,0.26820123195648193,0.24896666407585144,0.25610607862472534,0.1853628009557724,0.19510512053966522,0.13751235604286194,0.1483345776796341,0.13631148636341095,0.14789249002933502,0.12280777096748352,0.1348525434732437,0.10545937716960907,0.11856227368116379,0.10230696201324463,0.11645065248012543,0.11810142546892166,0.1311625838279724,0.131245955824852,0.14525972306728363,0.13993096351623535,0.15277908742427826,0.11998272687196732,0.13479703664779663,0.10962536931037903,0.12487387657165527,0.11270687729120255,0.13031929731369019,0.10908454656600952,0.12680113315582275,0.13898347318172455,0.15620818734169006,0.12666137516498566,0.14332106709480286,0.11464152485132217,0.13335517048835754,0.1289473921060562,0.15470033884048462,0.1213609054684639,0.1577301323413849,0.10840582847595215,0.15376529097557068,0.09908486902713776,0.15380465984344482,0.08866440504789352,0.14813262224197388,0.08250845968723297,0.14348316192626953,0.08137992769479752,0.13229936361312866,0.10553163290023804,0.15103739500045776,0.1140790730714798,0.13583779335021973,0.1323031187057495,0.15519152581691742,0.15218737721443176,0.16644056141376495,0.9750616550445557,0.14323672652244568,0.03140302747488022,p020_neutral_left,0.17720899377537308
0.3879605829715729,0.39907780289649963,0.31795746088027954,0.3264646828174591,0.25546738505363464,0.2662371098995209,0.24660620093345642,0.2536731958389282,0.1822189837694168,0.19178535044193268,0.13357046246528625,0.14388616383075714,0.13272856175899506,0.14360210299491882,0.11885445564985275,0.12960052490234375,0.10109233856201172,0.11240224540233612,0.09796543419361115,0.10927827656269073,0.1139553040266037,0.12394367903470993,0.12746430933475494,0.137901172041893,0.13611935079097748,0.1452203392982483,0.11528657376766205,0.12573911249637604,0.10468827933073044,0.11518338322639465,0.10714546591043472,0.11932679265737534,0.10363151878118515,0.11605812609195709,0.13460654020309448,0.146774023771286,0.12300316989421844,0.13482877612113953,0.11023178696632385,0.12386903166770935,0.12406694144010544,0.14362160861492157,0.11598623543977737,0.1459728330373764,0.1019241139292717,0.14057378470897675,0.09130113571882248,0.13885138928890228,0.0792221948504448,0.13121061027050018,0.0746026560664177,0.12787750363349915,0.07397042214870453,0.1163722425699234,0.09772367775440216,0.13200688362121582,0.10971041768789291,0.12499154359102249,0.12532147765159607,0.1402703821659088,0.14587043225765228,0.1573527306318283,0.9732434153556824,0.13839560747146606,0.02882690727710724,p020_neutral_right,0.16978488530227664
0.38958483934402466,0.40062031149864197,0.3212747871875763,0.3297724425792694,0.25858813524246216,0.26931750774383545,0.2513340711593628,0.2583962380886078,0.1882966160774231,0.1978907436132431,0.13965094089508057,0.1502847671508789,0.13877379894256592,0.15010689198970795,0.12526936829090118,0.13655346632003784,0.10779540240764618,0.1202760860323906,0.10512133687734604,0.11858014762401581,0.1206420287489891,0.13300223648548126,0.13333812355995178,0.14649420976638794,0.14145910739898682,0.1536092758178711,0.12067060172557831,0.13457778096199036,0.10998093336820602,0.12439341843128204,0.11334284394979477,0.13037315011024475,0.10929080843925476,0.1260455846786499,0.13951492309570312,0.15578047931194305,0.12662576138973236,0.14198869466781616,0.11507318168878555,0.13263332843780518,0.13145530223846436,0.15647698938846588,0.12617045640945435,0.1625005453824997,0.11459017544984818,0.1600579172372818,0.10603015869855881,0.16021524369716644,0.09553730487823486,0.15341590344905853,0.08957532048225403,0.14925026893615723,0.08676986396312714,0.1364106684923172,0.10980601608753204,0.15380138158798218,0.11423658579587936,0.13563933968544006,0.1323818862438202,0.15452037751674652,0.14782890677452087,0.16272489726543427,0.9725075960159302,0.1454833596944809,0.031950563192367554,p020_smile_front,0.17874720471203892
0.38965341448783875,0.400658518075943,0.3210325837135315,0.3295114040374756,0.25874167680740356,0.2693480849266052,0.2517368197441101,0.2587535083293915,0.18918576836585999,0.1986943930387497,0.14104069769382477,0.15138830244541168,0.14071334898471832,0.1519104540348053,0.12732580304145813,0.13884703814983368,0.10945867002010345,0.12193985283374786,0.10654404014348984,0.11964242160320282,0.12198521196842194,0.134199321269989,0.13495205342769623,0.1481092870235443,0.14337311685085297,0.15525537729263306,0.12226638942956924,0.13596944510936737,0.11122269183397293,0.12487325817346573,0.11373863369226456,0.12969303131103516,0.11049789935350418,0.12654751539230347,0.14045339822769165,0.15589392185211182,0.12753750383853912,0.14239555597305298,0.11556486040353775,0.1324857920408249,0.13103044033050537,0.15488764643669128,0.12357386946678162,0.15768982470035553,0.1113634780049324,0.15479493141174316,0.10286228358745575,0.15493842959403992,0.0929531455039978,0.14948536455631256,0.08484411984682083,0.14386208355426788,0.0820532888174057,0.1332208514213562,0.10060689598321915,0.14861434698104858,0.10642102360725403,0.13141964375972748,0.12308353185653687,0.14921849966049194,0.14153756201267242,0.1578054428100586,0.9055600166320801,0.14442957937717438,0.031612228602170944,p020_smile_left,0.1777982806502103
0.3881528675556183,0.39925816655158997,0.3184807300567627,0.32698360085487366,0.2555493414402008,0.26631948351860046,0.24659888446331024,0.2536539137363434,0.18249879777431488,0.19199734926223755,0.13318264484405518,0.14354307949543,0.13209086656570435,0.14306780695915222,0.11863494664430618,0.12926335632801056,0.10113299638032913,0.11234621703624725,0.0980515256524086,0.10925057530403137,0.11404767632484436,0.12363245338201523,0.12744247913360596,0.1373823881149292,0.13623349368572235,0.14473538100719452,0.1153462752699852,0.12517227232456207,0.10458745062351227,0.11447866261005402,0.10700061917304993,0.1183963343501091,0.10370424389839172,0.1152188777923584,0.13484616577625275,0.14608290791511536,0.12282409518957138,0.13347463309764862,0.11013384908437729,0.1223951205611229,0.12482798099517822,0.14292436838150024,0.11713631451129913,0.14537499845027924,0.10287085175514221,0.13936066627502441,0.09225266426801682,0.13737978041172028,0.07974963635206223,0.12924239039421082,0.07403944432735443,0.1245298907160759,0.07248198986053467,0.11222037672996521,0.09581763297319412,0.12844060361385345,0.1060929074883461,0.11980042606592178,0.12195518612861633,0.1363862007856369,0.14169642329216003,0.15310144424438477,0.9652131795883179,0.13804714381694794,0.02850990928709507,p020_smile_right,0.16884877638613516
0.38919857144355774,0.40032437443733215,0.318688303232193,0.32712897658348083,0.2559874951839447,0.266602486371994,0.2496596872806549,0.2566327750682831,0.188519686460495,0.19786779582500458,0.1384345144033432,0.14882652461528778,0.13771222531795502,0.14876869320869446,0.12523342669010162,0.13645637035369873,0.10780525207519531,0.12051732838153839,0.10435529798269272,0.11859241127967834,0.12006835639476776,0.13424304127693176,0.13348735868930817,0.14923450350761414,0.1417180895805359,0.15770266950130463,0.12154092639684677,0.1400466114282608,0.11046881228685379,0.1297813206911087,0.11359624564647675,0.1352519392967224,0.10899699479341507,0.13109710812568665,0.13713867962360382,0.1582167148590088,0.12358181923627853,0.143431156873703,0.11292513459920883,0.13509520888328552,0.129368856549263,0.1589699685573578,0.127496138215065,0.16655391454696655,0.12356100231409073,0.1684257537126541,0.12127600610256195,0.1725359410047531,0.11702749878168106,0.17032702267169952,0.11425070464611053,0.16820093989372253,0.11256993561983109,0.15990065038204193,0.12964943051338196,0.17425796389579773,0.12797464430332184,0.15361866354942322,0.1436452716588974,0.1708928644657135,0.1538364291191101,0.17410309612751007,0.9790543913841248,0.14967311918735504,0.033662084490060806,p021_neutral_front,0.18347229897197234
0.3898898959159851,0.40109607577323914,0.3203906714916229,0.32881438732147217,0.2582348883152008,0.2688150703907013,0.25295546650886536,0.25984877347946167,0.19264885783195496,0.20197255909442902,0.14266620576381683,0.1529473066329956,0.1419404000043869,0.15312360227108002,0.12955458462238312,0.1413090080022812,0.11215513944625854,0.12590043246746063,0.10867680609226227,0.12351831793785095,0.12427062541246414,0.13930030167102814,0.13783472776412964,0.15501165390014648,0.14609374105930328,0.16319303214550018,0.12606769800186157,0.14621926844120026,0.1154286339879036,0.13619151711463928,0.11853945255279541,0.1414170265197754,0.11376529932022095,0.137062206864357,0.14209619164466858,0.16438907384872437,0.1279335618019104,0.14917846024036407,0.11824348568916321,0.14227451384067535,0.13476887345314026,0.16602522134780884,0.13030482828617096,0.16980265080928802,0.12459617108106613,0.1704665720462799,0.1206221655011177,0.1727508157491684,0.11503836512565613,0.1703907698392868,0.10811560600996017,0.1640690714120865,0.10590201616287231,0.15625007450580597,0.12175842374563217,0.17123685777187347,0.12165521830320358,0.14782945811748505,0.13828830420970917,0.16712336242198944,0.1519821137189865,0.16988562047481537,0.9754758477210999,0.151371031999588,0.03450232371687889,p021_neutral_left,0.1857480113403072
0.38950303196907043,0.40061476826667786,0.31912246346473694,0.3276001811027527,0.2560260593891144,0.26670920848846436,0.25028693675994873,0.2572445571422577,0.18924981355667114,0.1985265165567398,0.1396881639957428,0.14953863620758057,0.139204204082489,0.14993344247341156,0.12633016705513,0.13727326691150665,0.10857543349266052,0.1204763799905777,0.10514715313911438,0.11748882383108139,0.12176145613193512,0.13387754559516907,0.13511797785758972,0.14842280745506287,0.14389164745807648,0.15670575201511383,0.12151049822568893,0.13619674742221832,0.1098608672618866,0.1250169724225998,0.11135277897119522,0.12782403826713562,0.10799916833639145,0.12532463669776917,0.13652339577674866,0.15254169702529907,0.12413813173770905,0.13998378813266754,0.11186601221561432,0.12925997376441956,0.1279298961162567,0.1510472446680069,0.1260128915309906,0.1586640477180481,0.12142230570316315,0.1609412133693695,0.11908372491598129,0.16464754939079285,0.11463985592126846,0.16220225393772125,0.11462361365556717,0.16300682723522186,0.11226511001586914,0.1545669585466385,0.1271885633468628,0.16479195654392242,0.12570324540138245,0.14753489196300507,0.13911589980125427,0.160548135638237,0.1471548080444336,0.1636093109846115,0.9208191633224487,0.14910848438739777,0.03246388956904411,p021_neutral_right,0.18017738362248498
0.38886821269989014,0.3999598026275635,0.31819775700569153,0.3266594707965851,0.2546570897102356,0.2653084695339203,0.24852022528648376,0.25556254386901855,0.18689678609371185,0.19628353416919708,0.13597707450389862,0.14635950326919556,0.13572245836257935,0.14694535732269287,0.12346092611551285,0.13470152020454407,0.10533999651670456,0.11813709139823914,0.10244400054216385,0.11672578752040863,0.1179223582148552,0.13204140961170197,0.13112995028495789,0.14676514267921448,0.13985620439052582,0.15562641620635986,0.11958108097314835,0.1377587914466858,0.10847841948270798,0.12737339735031128,0.11110330373048782,0.13264574110507965,0.10696475952863693,0.12851040065288544,0.13456685841083527,0.1554364413022995,0.12102506309747696,0.14081083238124847,0.11065012961626053,0.13233675062656403,0.12676933407783508,0.15544955432415009,0.12546822428703308,0.16342048346996307,0.12247375398874283,0.16619554162025452,0.12132769823074341,0.17143648862838745,0.11785911023616791,0.17023885250091553,0.1157236322760582,0.16909541189670563,0.1138775423169136,0.1609698385000229,0.13020239770412445,0.17532466351985931,0.12624114751815796,0.15264686942100525,0.14238524436950684,0.17036865651607513,0.15073436498641968,0.17101933062076569,0.9742155075073242,0.14820720255374908,0.033146459609270096,p021_smile_front,0.18206169176757117
0.39004769921302795,0.40120646357536316,0.3199978470802307,0.3283713757991791,0.2581205368041992,0.26863276958465576,0.25300976634025574,0.2598358392715454,0.19352318346500397,0.20273038744926453,0.14404070377349854,0.15406642854213715,0.14384020864963531,0.15473459661006927,0.1313757747411728,0.14282646775245667,0.11385055631399155,0.12737850844860077,0.11013783514499664,0.12486788630485535,0.12556420266628265,0.1406266689300537,0.1388297975063324,0.15604974329471588,0.1468542367219925,0.16400569677352905,0.12647677958011627,0.14685764908790588,0.11535774171352386,0.13614358007907867,0.11837207525968552,0.1416783183813095,0.1137879490852356,0.13755667209625244,0.14144115149974823,0.16424833238124847,0.12660980224609375,0.14792250096797943,0.11689484864473343,0.14113874733448029,0.13395677506923676,0.16641093790531158,0.1302756667137146,0.17103560268878937,0.12637096643447876,0.17361192405223846,0.12413665652275085,0.17753273248672485,0.12011876702308655,0.17679566144943237,0.11370901018381119,0.17081765830516815,0.11196788400411606,0.16453152894973755,0.12611272931098938,0.17926645278930664,0.12305693328380585,0.1520105004310608,0.13923224806785583,0.17174383997917175,0.149983748793602,0.16923218965530396,0.95792555809021,0.15248720347881317,0.03509759530425072,p021_smile_left,0.18734352218385006
0.3895607888698578,0.40065720677375793,0.31939762830734253,0.32781973481178284,0.2560844123363495,0.26672327518463135,0.2501394748687744,0.25705257058143616,0.1889854073524475,0.1981787532567978,0.13913123309612274,0.14883103966712952,0.13876979053020477,0.14927642047405243,0.12621061503887177,0.13695251941680908,0.10771939903497696,0.11931736767292023,0.10462946444749832,0.1165882870554924,0.12093247473239899,0.13267028331756592,0.1344161182641983,0.14732898771762848,0.143158420920372,0.15551818907260895,0.12072483450174332,0.13489358127117157,0.10925962775945663,0.12377376109361649,0.11045125871896744,0.12628556787967682,0.1072491779923439,0.1240202933549881,0.1359795331954956,0.15140628814697266,0.12352419644594193,0.13872204720973969,0.11112160235643387,0.12784643471240997,0.12717391550540924,0.1497204452753067,0.12499390542507172,0.15709634125232697,0.12020323425531387,0.1591862142086029,0.1178017184138298,0.16267609596252441,0.11362434178590775,0.16029173135757446,0.11358611285686493,0.16105914115905762,0.11139346659183502,0.1529448926448822,0.12600670754909515,0.1632016897201538,0.12446480989456177,0.14658071100711823,0.13751815259456635,0.15952129662036896,0.14636066555976868,0.1635027825832367,0.8976383209228516,0.1484089195728302,0.0321570485830307,p021_smile_right,0.17932386506829118
0.38627904653549194,0.39750194549560547,0.3162517249584198,0.3248305022716522,0.2546606957912445,0.26545819640159607,0.25031235814094543,0.2574310898780823,0.1937481015920639,0.203691303730011,0.14311112463474274,0.15434694290161133,0.1430499404668808,0.1551329791545868,0.13148783147335052,0.14394047856330872,0.11411882191896439,0.12851810455322266,0.11319288611412048,0.1302288919687271,0.12817327678203583,0.1446836143732071,0.13963429629802704,0.15677067637443542,0.14662925899028778,0.16332083940505981,0.12513257563114166,0.14403888583183289,0.11448927968740463,0.13424290716648102,0.12344164401292801,0.14924493432044983,0.11331307888031006,0.13552749156951904,0.14167143404483795,0.16253216564655304,0.12872718274593353,0.14861442148685455,0.1182117685675621,0.1406901627779007,0.13412600755691528,0.16387663781642914,0.13041803240776062,0.17151446640491486,0.12384876608848572,0.1749650090932846,0.11521810293197632,0.1733575314283371,0.10506986826658249,0.16543816030025482,0.09989713877439499,0.16239643096923828,0.09621140360832214,0.14991728961467743,0.11599409580230713,0.1644582897424698,0.12079349160194397,0.14647765457630157,0.1364818811416626,0.16292992234230042,0.15157198905944824,0.16807380318641663,0.974358320236206,0.15017132461071014,0.03420699015259743,p022_neutral_front,0.18495131833160158
0.3868183493614197,0.3980281352996826,0.3179207146167755,0.3264939785003662,0.25662484765052795,0.26740720868110657,0.2534840703010559,0.2605963945388794,0.19889269769191742,0.20907799899578094,0.14941777288913727,0.16145794093608856,0.14962323009967804,0.16287174820899963,0.13845519721508026,0.15356162190437317,0.12259429693222046,0.14181287586688995,0.12159713357686996,0.14434389770030975,0.13606618344783783,0.15947289764881134,0.14805737137794495,0.1736421138048172,0.1546829789876938,0.18021416664123535,0.13553333282470703,0.16384588181972504,0.125640869140625,0.15377147495746613,0.13465672731399536,0.16846169531345367,0.1252617985010147,0.15610770881175995,0.14959493279457092,0.18062354624271393,0.1345335990190506,0.16237303614616394,0.1285335272550583,0.15969884395599365,0.1477697193622589,0.19002830982208252,0.1460026502609253,0.19770075380802155,0.14459246397018433,0.20551206171512604,0.14041469991207123,0.20811130106449127,0.1348215490579605,0.20580457150936127,0.12613756954669952,0.19624294340610504,0.12374567985534668,0.188608780503273,0.13985270261764526,0.20647768676280975,0.13604478538036346,0.1721838265657425,0.15343335270881653,0.19493235647678375,0.165024995803833,0.18745817244052887,0.9568283557891846,0.16212472319602966,0.040770672261714935,p022_neutral_left,0.20191748874655444
0.38623178005218506,0.3977476954460144,0.31701067090034485,0.3258647322654724,0.25463274121284485,0.2655870020389557,0.25141671299934387,0.2588236927986145,0.19629038870334625,0.2066206932067871,0.14755089581012726,0.15888001024723053,0.1484525203704834,0.16079479455947876,0.13644158840179443,0.15038709342479706,0.11863350123167038,0.13393975794315338,0.11759863048791885,0.1347503364086151,0.13358661532402039,0.15061743557453156,0.14513364434242249,0.16325068473815918,0.15218700468540192,0.169258251786232,0.12849391996860504,0.14702358841896057,0.11711777001619339,0.13614574074745178,0.1246568039059639,0.14645949006080627,0.11560769379138947,0.13693201541900635,0.14292028546333313,0.16197745501995087,0.13060875236988068,0.14996550977230072,0.1181807667016983,0.1391943246126175,0.13332973420619965,0.16062361001968384,0.13010606169700623,0.16823863983154297,0.1257198452949524,0.17409539222717285,0.11914985626935959,0.17403341829776764,0.11020440608263016,0.167319193482399,0.10691936314105988,0.16842176020145416,0.10250295698642731,0.1578759104013443,0.11503929644823074,0.16546764969825745,0.12096326798200607,0.15251359343528748,0.13021717965602875,0.16034755110740662,0.1428353488445282,0.16239523887634277,0.9665322303771973,0.15225547552108765,0.034836266189813614,p022_neutral_right,0.1866447593419478
0.3881418704986572,0.39921483397483826,0.31707674264907837,0.32555264234542847,0.2546200752258301,0.2653069794178009,0.2500809133052826,0.2571465075016022,0.1926247924566269,0.20253998041152954,0.14089198410511017,0.15192249417304993,0.1406080275774002,0.15254542231559753,0.12895841896533966,0.1412174552679062,0.11163193732500076,0.12578818202018738,0.11106673628091812,0.12804602086544037,0.1261683702468872,0.1424417793750763,0.13797512650489807,0.15472815930843353,0.14524777233600616,0.16164882481098175,0.12413928657770157,0.14263039827346802,0.11373709887266159,0.1329110860824585,0.12290351837873459,0.14833152294158936,0.11275818943977356,0.13442711532115936,0.14087185263633728,0.161317840218544,0.12805061042308807,0.14709670841693878,0.11814708262681961,0.13977643847465515,0.1344912201166153,0.16349691152572632,0.13075095415115356,0.17067626118659973,0.12369653582572937,0.17336273193359375,0.11466538906097412,0.17113341391086578,0.10414215922355652,0.16296686232089996,0.09905888140201569,0.15896067023277283,0.09597023576498032,0.14674203097820282,0.11714828014373779,0.16266438364982605,0.1220158040523529,0.14566504955291748,0.13864997029304504,0.1634325236082077,0.1551826149225235,0.17188338935375214,0.9773750305175781,0.14972589910030365,0.033863361924886703,p022_smile_front,0.18402000414326347
0.3871256113052368,0.3986373245716095,0.3180108666419983,0.3271274268627167,0.2562706768512726,0.2676464319229126,0.25336676836013794,0.26104849576950073,0.19902563095092773,0.20985926687717438,0.1496252566576004,0.1627349704504013,0.14976336061954498,0.16423146426677704,0.1387946605682373,0.15545877814292908,0.12310518324375153,0.14407780766487122,0.12179675698280334,0.14593546092510223,0.13622885942459106,0.16077618300914764,0.1483391970396042,0.17491011321544647,0.15505139529705048,0.18149146437644958,0.13558469712734222,0.1650637984275818,0.12578260898590088,0.1552180051803589,0.13509276509284973,0.16979233920574188,0.12502209842205048,0.1571209728717804,0.14944982528686523,0.1808612048625946,0.13433855772018433,0.16291314363479614,0.12817135453224182,0.16042478382587433,0.14681915938854218,0.18941724300384521,0.1439078450202942,0.1947248876094818,0.14259085059165955,0.20279905200004578,0.1380430907011032,0.20476824045181274,0.13234643638134003,0.202714204788208,0.12351179867982864,0.19210411608219147,0.12181282788515091,0.18623578548431396,0.13764157891273499,0.2025218904018402,0.13553977012634277,0.17141355574131012,0.1522703766822815,0.19221614301204681,0.16532664000988007,0.18782687187194824,0.9767435193061829,0.16160573065280914,0.040678709745407104,p022_smile_left,0.20168963717902588
0.38679298758506775,0.39827921986579895,0.31695035099983215,0.3258419632911682,0.25552135705947876,0.26657959818840027,0.25137799978256226,0.2589263319969177,0.19571885466575623,0.2060827612876892,0.14641277492046356,0.15797169506549835,0.146958127617836,0.15952514111995697,0.13500270247459412,0.14918603003025055,0.11758407950401306,0.13332785665988922,0.11646699905395508,0.13402166962623596,0.13239067792892456,0.1499328911304474,0.14437061548233032,0.1631043702363968,0.15136221051216125,0.16904765367507935,0.1278950721025467,0.1467231959104538,0.11679786443710327,0.13622242212295532,0.12415485084056854,0.14621835947036743,0.11523596942424774,0.1366834044456482,0.14216171205043793,0.16156813502311707,0.13018129765987396,0.14988355338573456,0.1179908737540245,0.13922172784805298,0.13300159573554993,0.16057732701301575,0.12994477152824402,0.16893994808197021,0.12560270726680756,0.17527897655963898,0.11893245577812195,0.17524893581867218,0.10990384221076965,0.1686461865901947,0.10687755793333054,0.16992154717445374,0.10259684175252914,0.15946930646896362,0.11503491550683975,0.16661299765110016,0.12176939845085144,0.1545933187007904,0.13073475658893585,0.1621195524930954,0.14439347386360168,0.16503560543060303,0.9541898369789124,0.15194451808929443,0.034954264760017395,p022_smile_right,0.1869605968112463
0.30713948607444763,0.31399261951446533,0.20377890765666962,0.21067963540554047,0.12839174270629883,0.13671183586120605,0.09613984078168869,0.10570897161960602,0.07253691554069519,0.09192268550395966,0.05711611360311508,0.07629483938217163,0.0736125111579895,0.09582330286502838,0.065007284283638,0.08886317908763885,0.061751168221235275,0.08725553005933762,0.07150617986917496,0.10116593539714813,0.0796494260430336,0.11070986092090607,0.08288756757974625,0.11368807405233383,0.08397898077964783,0.11387839913368225,0.08158665150403976,0.11181745678186417,0.07695376127958298,0.10690182447433472,0.08894875645637512,0.12781885266304016,0.08283964544534683,0.11625194549560547,0.08198310434818268,0.11391478031873703,0.07794385403394699,0.10964373499155045,0.08217760920524597,0.11609794944524765,0.0937625840306282,0.13282155990600586,0.103028804063797,0.14790886640548706,0.10991579294204712,0.15876463055610657,0.1168728768825531,0.1713828146457672,0.12113174051046371,0.17922724783420563,0.1239444836974144,0.18481139838695526,0.12713859975337982,0.18890036642551422,0.1395035684108734,0.2067381888628006,0.12362779676914215,0.1760583221912384,0.14778734743595123,0.2093324065208435,0.13669471442699432,0.18092475831508636,0.9942767024040222,0.10643602162599564,0.022554859519004822,p023_neutral_front,0.15018275373359227
0.31218740344047546,0.3196738362312317,0.20727430284023285,0.21465596556663513,0.13177013397216797,0.14057780802249908,0.09916353970766068,0.10895079374313354,0.07270108908414841,0.09057312458753586,0.05853128805756569,0.07884407043457031,0.07485552877187729,0.09888946264982224,0.06752916425466537,0.09315148741006851,0.06564907729625702,0.09309714287519455,0.07436814159154892,0.10535278916358948,0.08293603360652924,0.11599444597959518,0.08762193471193314,0.12129803001880646,0.08974847942590714,0.12261109799146652,0.089179627597332,0.12249524891376495,0.08485471457242966,0.11743488162755966,0.09480409324169159,0.1323513239622116,0.09101355075836182,0.12759724259376526,0.09057900309562683,0.12642604112625122,0.08569210767745972,0.12081977725028992,0.090715192258358,0.1291913092136383,0.1034986600279808,0.15062563121318817,0.11151604354381561,0.1662660539150238,0.11842453479766846,0.17775613069534302,0.12578484416007996,0.19195117056369781,0.13079248368740082,0.2013230174779892,0.1307288259267807,0.20346389710903168,0.13472434878349304,0.20855823159217834,0.14632734656333923,0.2267087996006012,0.13025324046611786,0.1936326026916504,0.1532008796930313,0.2271692156791687,0.14534127712249756,0.20086725056171417,0.975348949432373,0.1123208999633789,0.02616305649280548,p023_neutral_left,0.16174998143061867
0.30741629004478455,0.3141050338745117,0.20267035067081451,0.20844511687755585,0.127845898270607,0.1350446492433548,0.09546295553445816,0.10366728901863098,0.06889955699443817,0.0854777842760086,0.05379540100693703,0.07152058929204941,0.06958623230457306,0.09099160879850388,0.06129218637943268,0.0842675045132637,0.058379970490932465,0.08218128979206085,0.06783013790845871,0.0961577445268631,0.07672876864671707,0.10702785104513168,0.0806136205792427,0.11065264791250229,0.08235888183116913,0.11150414496660233,0.07967609912157059,0.10788524895906448,0.0757482647895813,0.10343623161315918,0.0852464810013771,0.12054002285003662,0.08084981888532639,0.1114690825343132,0.08003750443458557,0.10939639806747437,0.07829084992408752,0.1088361144065857,0.08069749921560287,0.11315978318452835,0.09078046679496765,0.12776222825050354,0.10116308927536011,0.14512905478477478,0.10779636353254318,0.15765228867530823,0.11413980275392532,0.1691557914018631,0.11745583266019821,0.17596779763698578,0.12261359393596649,0.18528594076633453,0.12446346133947372,0.18849928677082062,0.1343039870262146,0.2001831978559494,0.12494318187236786,0.1792895793914795,0.1437794268131256,0.20356598496437073,0.1365382820367813,0.1807079017162323,0.9936609268188477,0.10425438731908798,0.02179390750825405,p023_neutral_right,0.14762759738021225
0.3073295056819916,0.3142634928226471,0.20396114885807037,0.21081382036209106,0.12854750454425812,0.13675907254219055,0.09650591760873795,0.10582578927278519,0.0728810653090477,0.0915914997458458,0.05755910277366638,0.07626248151063919,0.07394952327013016,0.09597083181142807,0.06582789868116379,0.08920586109161377,0.06277801841497421,0.08758877217769623,0.0725892037153244,0.10145746916532516,0.08060570061206818,0.11094247549772263,0.08378081768751144,0.11396071314811707,0.08500004559755325,0.11422418802976608,0.08301519602537155,0.11240436136722565,0.0787222757935524,0.1075565293431282,0.09108921140432358,0.12846025824546814,0.08472713083028793,0.11697576940059662,0.08398361504077911,0.11505578458309174,0.08014273643493652,0.11084526032209396,0.08447596430778503,0.11758557707071304,0.09608279913663864,0.134865403175354,0.10544172674417496,0.1502770632505417,0.11244957149028778,0.1613364815711975,0.11935964971780777,0.17401553690433502,0.12354809045791626,0.18186408281326294,0.12618756294250488,0.18718959391117096,0.12924106419086456,0.19111092388629913,0.1419210284948349,0.20941321551799774,0.12557804584503174,0.17799203097820282,0.15019209682941437,0.2121448516845703,0.13893480598926544,0.1835930198431015,0.9946625828742981,0.10795507580041885,0.02293199487030506,p023_smile_front,0.15143313663232713
0.3107762038707733,0.31800755858421326,0.20623451471328735,0.21329057216644287,0.1298818588256836,0.13825637102127075,0.0969972014427185,0.1064193993806839,0.07128658145666122,0.08902457356452942,0.05663829669356346,0.07601858675479889,0.07269368320703506,0.09628799557685852,0.0660247728228569,0.09111989289522171,0.06473195552825928,0.0918806940317154,0.07395574450492859,0.10470939427614212,0.08240746706724167,0.11512192338705063,0.0871865525841713,0.12075049430131912,0.08951003104448318,0.12221916019916534,0.08916150778532028,0.1224125400185585,0.08488276600837708,0.11712106317281723,0.09585145115852356,0.13272996246814728,0.0909353718161583,0.1268753707408905,0.09042417258024216,0.12567031383514404,0.08531394600868225,0.11942847818136215,0.09097462147474289,0.12911610305309296,0.10389713943004608,0.1510763019323349,0.11161353439092636,0.16570082306861877,0.11912964284420013,0.1780056655406952,0.1263384222984314,0.19208145141601562,0.13153938949108124,0.2019803375005722,0.13113410770893097,0.2028794139623642,0.13591322302818298,0.2098185122013092,0.14804691076278687,0.22865505516529083,0.13181358575820923,0.1957763284444809,0.15535223484039307,0.22999940812587738,0.1476978212594986,0.2045620232820511,0.9756507873535156,0.11221014708280563,0.026136575266718864,p023_smile_left,0.16166810219310074
0.30958452820777893,0.3165433704853058,0.20527535676956177,0.21202579140663147,0.12896880507469177,0.1375531107187271,0.09636411815881729,0.10671388357877731,0.07175862044095993,0.092180997133255,0.05684669315814972,0.07673374563455582,0.07305102050304413,0.09670425951480865,0.065597765147686,0.09081824868917465,0.06345545500516891,0.08982110768556595,0.0736708715558052,0.10511310398578644,0.08248079568147659,0.11531173437833786,0.08620931208133698,0.11841815710067749,0.08808298408985138,0.11974608898162842,0.08594870567321777,0.11734079569578171,0.0824899971485138,0.11391547322273254,0.09368297457695007,0.13451313972473145,0.08799369633197784,0.12203260511159897,0.08689144998788834,0.1197298988699913,0.08537708222866058,0.1194959208369255,0.08794243633747101,0.12352005392313004,0.09786399453878403,0.13678041100502014,0.10829497873783112,0.15307563543319702,0.1151968464255333,0.16552583873271942,0.12122122198343277,0.17575061321258545,0.1244230791926384,0.181986004114151,0.12980572879314423,0.19143357872962952,0.13184216618537903,0.1947624534368515,0.1423172950744629,0.20740269124507904,0.13221003115177155,0.18601290881633759,0.15183036029338837,0.21149171888828278,0.14397047460079193,0.1884695589542389,0.9939236640930176,0.11003856360912323,0.023826027289032936,p023_smile_right,0.15435681808405138
0.3084190785884857,0.3148603141307831,0.20294536650180817,0.20792929828166962,0.12994730472564697,0.13543912768363953,0.09906253963708878,0.10398316383361816,0.07115954905748367,0.08040093630552292,0.05304545909166336,0.06569809466600418,0.06641830503940582,0.08157453685998917,0.05550043657422066,0.07275574654340744,0.049770452082157135,0.06861276924610138,0.05637778341770172,0.07805788516998291,0.06359169632196426,0.08675671368837357,0.06687011569738388,0.09037208557128906,0.06846214085817337,0.09140858799219131,0.0659731924533844,0.08856629580259323,0.06165962293744087,0.08317152410745621,0.07021761685609818,0.09606008976697922,0.06609003245830536,0.0917685478925705,0.06593885272741318,0.09105651080608368,0.06117605045437813,0.08522021025419235,0.06578519195318222,0.09313620626926422,0.0795573890209198,0.11714402586221695,0.0896800085902214,0.13693192601203918,0.09613652527332306,0.14950346946716309,0.10202063620090485,0.16243013739585876,0.10494507104158401,0.16948655247688293,0.10652074962854385,0.17479091882705688,0.10776873677968979,0.1759779304265976,0.11934223026037216,0.19270113110542297,0.1064135804772377,0.16252721846103668,0.12918120622634888,0.1944066882133484,0.12286260724067688,0.1680927574634552,0.9946721196174622,0.09396939724683762,0.018940137699246407,p024_neutral_front,0.13762317282800307
0.31319019198417664,0.3202022314071655,0.2082800567150116,0.2144833356142044,0.1346672922372818,0.14183901250362396,0.10370252281427383,0.11094902455806732,0.07608173787593842,0.08869802206754684,0.05799366906285286,0.07516408711671829,0.07158830016851425,0.09122507274150848,0.06156550347805023,0.08353456109762192,0.056983742862939835,0.08106454461812973,0.06369542330503464,0.08980721235275269,0.0708904042840004,0.09832251071929932,0.07472879439592361,0.10278654098510742,0.07656662166118622,0.10413253307342529,0.07502284646034241,0.10334312915802002,0.07034585624933243,0.09771744906902313,0.0795099288225174,0.10981958359479904,0.07494010031223297,0.10577189177274704,0.07467971742153168,0.10498777776956558,0.06889402866363525,0.09778570383787155,0.0748363807797432,0.10729783028364182,0.08920362591743469,0.1312609165906906,0.0974690243601799,0.14765891432762146,0.10485979169607162,0.1604907214641571,0.11091205477714539,0.17353077232837677,0.11492731422185898,0.1821732372045517,0.11352650076150894,0.1831454038619995,0.11625292897224426,0.18714408576488495,0.12624597549438477,0.20455171167850494,0.11158893257379532,0.17104792594909668,0.13297078013420105,0.2037804126739502,0.12732015550136566,0.17750628292560577,0.9895756244659424,0.10108190029859543,0.021681657060980797,p024_neutral_left,0.14724692547208174
0.31582534313201904,0.32208606600761414,0.21053563058376312,0.2152027040719986,0.1364063322544098,0.14172090590000153,0.10473515838384628,0.10980173945426941,0.07447593659162521,0.08313135802745819,0.05709473043680191,0.07034866511821747,0.071043461561203,0.08671627938747406,0.058719102293252945,0.07708387821912766,0.0516774021089077,0.07164677232503891,0.058189280331134796,0.08080141246318817,0.06691529601812363,0.0917060449719429,0.07077103853225708,0.09595640748739243,0.07197888195514679,0.09631970524787903,0.06746996194124222,0.09059619158506393,0.06206361949443817,0.08386313170194626,0.0673837885260582,0.09081199765205383,0.06638302654027939,0.09136921912431717,0.06580109894275665,0.09008778631687164,0.06244809925556183,0.0867857113480568,0.06578372418880463,0.09245701879262924,0.07975466549396515,0.11473334580659866,0.0919647142291069,0.13632625341415405,0.09905906766653061,0.1499531865119934,0.10601779818534851,0.16366255283355713,0.10933935642242432,0.17137333750724792,0.11371148377656937,0.18112412095069885,0.11494866013526917,0.18386341631412506,0.12322817742824554,0.19491535425186157,0.11599359661340714,0.17527659237384796,0.13287009298801422,0.19863173365592957,0.12751492857933044,0.17646510899066925,0.9956464767456055,0.09743577241897583,0.019972050562500954,p024_neutral_right,0.14132250550602674
0.3109152019023895,0.31736788153648376,0.20517805218696594,0.21033431589603424,0.13158857822418213,0.137322798371315,0.10025691241025925,0.10547765344381332,0.07156506925821304,0.08119863271713257,0.0535474494099617,0.06670068204402924,0.06697973608970642,0.08272209018468857,0.05609385669231415,0.07394395768642426,0.050576984882354736,0.06996416300535202,0.05701056122779846,0.07933500409126282,0.0643032118678093,0.0881744921207428,0.06768947839736938,0.09184296429157257,0.06937297433614731,0.0929284393787384,0.06699182838201523,0.09015945345163345,0.06270428001880646,0.084804467856884,0.07076770067214966,0.0970863625407219,0.06703568249940872,0.09326755255460739,0.0667743906378746,0.09241929650306702,0.062038760632276535,0.0867658481001854,0.06642583757638931,0.09426798671483994,0.08014194667339325,0.11797404289245605,0.09040874987840652,0.13802185654640198,0.09686186909675598,0.15062803030014038,0.10277791321277618,0.1637466996908188,0.10567496716976166,0.170835942029953,0.10709129273891449,0.17605635523796082,0.10818635672330856,0.17701174318790436,0.11945713311433792,0.19337143003940582,0.10672276467084885,0.16332891583442688,0.12910237908363342,0.19485005736351013,0.12314334511756897,0.1689225733280182,0.9966607093811035,0.09476195275783539,0.01927916705608368,p024_smile_front,0.1388494402440416
0.3131513297557831,0.31996119022369385,0.20837222039699554,0.2138449102640152,0.1349467784166336,0.1410495787858963,0.10401470214128494,0.10997380316257477,0.07607537508010864,0.08700066059827805,0.05829581990838051,0.07325054705142975,0.07190988212823868,0.09000945091247559,0.06193212419748306,0.0821552649140358,0.05764760449528694,0.07952424138784409,0.06409676373004913,0.08841454237699509,0.07139071822166443,0.09732522070407867,0.0753946304321289,0.1019788309931755,0.07737894356250763,0.10330245643854141,0.07621651887893677,0.10240382701158524,0.07174742966890335,0.09660402685403824,0.07996051758527756,0.10815638303756714,0.07648144662380219,0.10487623512744904,0.076104536652565,0.10408059507608414,0.07031600922346115,0.0966397225856781,0.07635192573070526,0.10628639906644821,0.09118476510047913,0.13118907809257507,0.09993387758731842,0.1484861671924591,0.10717904567718506,0.16121892631053925,0.11354993283748627,0.1746359020471573,0.11757277697324753,0.1831011027097702,0.11609381437301636,0.18426917493343353,0.11869994550943375,0.18765951693058014,0.128585547208786,0.20474238693714142,0.11330092698335648,0.1707042008638382,0.13449370861053467,0.20327873528003693,0.12826764583587646,0.17671070992946625,0.9934903383255005,0.10228557139635086,0.02157696522772312,p024_smile_left,0.14689099777632095
0.31614771485328674,0.3223530650138855,0.21099206805229187,0.21553459763526917,0.1367778480052948,0.14194481074810028,0.10528533160686493,0.11006343364715576,0.07474696636199951,0.08278582245111465,0.057643868029117584,0.06998668611049652,0.07148810476064682,0.08609102666378021,0.05890429764986038,0.07615048438310623,0.051306914538145065,0.07037879526615143,0.05740894749760628,0.07905983179807663,0.0659518614411354,0.08969904482364655,0.06968092173337936,0.09375288337469101,0.0706728920340538,0.09398747235536575,0.06594789028167725,0.08823296427726746,0.06044868007302284,0.08137914538383484,0.06529273092746735,0.08776212483644485,0.06454232335090637,0.08864910155534744,0.06413792073726654,0.08764531463384628,0.06096513196825981,0.08457528799772263,0.06411682069301605,0.08993302285671234,0.07792256772518158,0.11173983663320541,0.09005269408226013,0.13312304019927979,0.09690453112125397,0.1464034765958786,0.1039019525051117,0.16009333729743958,0.10724484920501709,0.1678149551153183,0.11154738813638687,0.1773415356874466,0.11285770684480667,0.18006044626235962,0.12120064347982407,0.19123701751232147,0.11406882852315903,0.17174039781093597,0.13097639381885529,0.19525516033172607,0.125583678483963,0.17326754331588745,0.9963100552558899,0.09629283100366592,0.019406218081712723,p024_smile_right,0.13930620259598178
0.3053877055644989,0.3121919631958008,0.2000882923603058,0.20600098371505737,0.12543083727359772,0.131888747215271,0.09263215214014053,0.09891512244939804,0.06365732103586197,0.07550227642059326,0.046284325420856476,0.06113722175359726,0.05945153161883354,0.07682213187217712,0.04966391995549202,0.06841150671243668,0.04504340514540672,0.06525928527116776,0.0518994964659214,0.07497352361679077,0.059162504971027374,0.08366397023200989,0.06332211196422577,0.08831870555877686,0.0656554326415062,0.09030262380838394,0.06308592855930328,0.08827392756938934,0.0587424598634243,0.0840081125497818,0.06865318864583969,0.09783867746591568,0.06315549463033676,0.09258769452571869,0.06346923857927322,0.09213127940893173,0.06038307398557663,0.08942119032144547,0.06325113028287888,0.09535887092351913,0.07240395247936249,0.11321913450956345,0.08071385324001312,0.13145698606967926,0.08791553229093552,0.14518582820892334,0.09360060095787048,0.15833011269569397,0.09713361412286758,0.16668306291103363,0.10055556893348694,0.17443276941776276,0.1033802479505539,0.17933213710784912,0.11421272158622742,0.19651031494140625,0.10495888441801071,0.1721164733171463,0.1254207193851471,0.20277662575244904,0.1215345561504364,0.17950044572353363,0.991317629814148,0.08937104046344757,0.018944576382637024,p025_neutral_front,0.13763929810427333
0.30002009868621826,0.30693483352661133,0.19500795006752014,0.20079180598258972,0.12365679442882538,0.12993329763412476,0.09223039448261261,0.09836740791797638,0.06304934620857239,0.07477793842554092,0.0442914254963398,0.05865855515003204,0.05531900376081467,0.07188355177640915,0.0456368662416935,0.06360269337892532,0.04081330820918083,0.060326267033815384,0.04612409323453903,0.06845232844352722,0.051953624933958054,0.0756395012140274,0.05546177551150322,0.07980138808488846,0.057696688920259476,0.08159254491329193,0.05598381534218788,0.0815756544470787,0.05221082270145416,0.07787442952394485,0.06111082807183266,0.09072723239660263,0.055137764662504196,0.08542995899915695,0.055514831095933914,0.08528919517993927,0.05151555687189102,0.08052046597003937,0.05306126922369003,0.08444428443908691,0.05998189374804497,0.10176181048154831,0.06508203595876694,0.11780944466590881,0.06920281052589417,0.12652531266212463,0.07311244308948517,0.13989143073558807,0.07560230791568756,0.14821523427963257,0.07665889710187912,0.15394431352615356,0.07790365815162659,0.15536631643772125,0.08850764483213425,0.17728649079799652,0.07900582253932953,0.14310599863529205,0.09866167604923248,0.1804506927728653,0.09723062068223953,0.15416401624679565,0.9898371696472168,0.07796590775251389,0.015931401401758194,p025_neutral_left,0.12621965537014507
0.3044646084308624,0.3111072778701782,0.1988292932510376,0.20424377918243408,0.12541627883911133,0.13173282146453857,0.09304215759038925,0.09933790564537048,0.06186652556061745,0.0729207694530487,0.04557187110185623,0.061600856482982635,0.058072153478860855,0.07691730558872223,0.04878350347280502,0.06922633200883865,0.044592712074518204,0.06622697412967682,0.05097394064068794,0.0757669061422348,0.05914054065942764,0.08692508935928345,0.06391501426696777,0.09292934089899063,0.0671711266040802,0.09619510918855667,0.06536104530096054,0.09438002854585648,0.06232567876577377,0.09130784869194031,0.06937108933925629,0.09951617568731308,0.06754262745380402,0.10134901851415634,0.06771399080753326,0.10029325634241104,0.0659535601735115,0.10003913938999176,0.06729044765233994,0.1037127748131752,0.07454472035169601,0.11899339407682419,0.081866055727005,0.1361173689365387,0.08733691275119781,0.14783045649528503,0.09189208596944809,0.16004398465156555,0.09428820013999939,0.16713708639144897,0.09807382524013519,0.17672187089920044,0.09969024360179901,0.1805742233991623,0.10633976012468338,0.18980765342712402,0.1028071790933609,0.1752186268568039,0.11695007979869843,0.19535739719867706,0.11756960302591324,0.17953753471374512,0.8806426525115967,0.0890035629272461,0.019330274313688278,p025_neutral_right,0.13903335683816412
0.3047711253166199,0.3116728663444519,0.19999012351036072,0.20586954057216644,0.12680022418498993,0.13307438790798187,0.09453799575567245,0.10036400705575943,0.06511832773685455,0.07557713240385056,0.046683214604854584,0.06051677465438843,0.05927626043558121,0.07512816786766052,0.04803401231765747,0.06536699831485748,0.042206231504678726,0.060513004660606384,0.048321038484573364,0.06889848411083221,0.055068835616111755,0.07709105312824249,0.058522239327430725,0.08082574605941772,0.06030120328068733,0.08206256479024887,0.05746482312679291,0.07970741391181946,0.05312800034880638,0.07517692446708679,0.06251193583011627,0.08788570016622543,0.05736538767814636,0.08402692526578903,0.057883042842149734,0.08395259082317352,0.054667215794324875,0.08078031241893768,0.056504927575588226,0.08470965921878815,0.06477204710245132,0.10213956981897354,0.07234283536672592,0.12039592117071152,0.07794710993766785,0.13137318193912506,0.08311207592487335,0.14518582820892334,0.08607151359319687,0.15332624316215515,0.08933211117982864,0.16231215000152588,0.09095077216625214,0.1649419516324997,0.10210207104682922,0.1838991641998291,0.09221658110618591,0.15645863115787506,0.11351340264081955,0.19029100239276886,0.10986641049385071,0.16500884294509888,0.9948335886001587,0.08360281586647034,0.016915107145905495,p025_smile_front,0.13005809142804417
0.30274951457977295,0.3099214732646942,0.1981332153081894,0.20447158813476562,0.1253807693719864,0.13235971331596375,0.09345205128192902,0.10028303414583206,0.06432802230119705,0.07676658779382706,0.046530138701200485,0.06176936998963356,0.05840024724602699,0.07615076005458832,0.0488310307264328,0.06786322593688965,0.044210970401763916,0.06473260372877121,0.049782611429691315,0.07294804602861404,0.05616675317287445,0.08080390840768814,0.05991384759545326,0.08520229905843735,0.06213219836354256,0.08694866299629211,0.06053359434008598,0.08692996203899384,0.05640171095728874,0.08278954029083252,0.06506061553955078,0.09521463513374329,0.06010281294584274,0.09129288792610168,0.06046314910054207,0.09110034257173538,0.05620410665869713,0.08603620529174805,0.05803385004401207,0.09020905941724777,0.0664333775639534,0.10900794714689255,0.07246632874011993,0.12554295361042023,0.07718177139759064,0.13487859070301056,0.08228574693202972,0.14931856095790863,0.08560146391391754,0.15840408205986023,0.08684530109167099,0.16432420909404755,0.08835285156965256,0.16664652526378632,0.09954506903886795,0.1892353594303131,0.0877547413110733,0.15415877103805542,0.10923002660274506,0.19312579929828644,0.10606114566326141,0.16545863449573517,0.9462919235229492,0.08350759744644165,0.017574088647961617,p025_smile_left,0.13256729856175548
0.30213844776153564,0.3087092936038971,0.1963707059621811,0.20138002932071686,0.1240050345659256,0.129752516746521,0.09196963906288147,0.09726060926914215,0.06066105514764786,0.07006031274795532,0.04385920241475105,0.05768239125609398,0.05587026849389076,0.07206868380308151,0.046051785349845886,0.06388024240732193,0.041311684995889664,0.06018295884132385,0.04704701155424118,0.0685637891292572,0.05455140024423599,0.07841556519269943,0.05876746028661728,0.08346680551767349,0.06161043420433998,0.08621587604284286,0.059411562979221344,0.08428396284580231,0.05609886348247528,0.08124459534883499,0.06317960470914841,0.08952265977859497,0.06078033521771431,0.09051214903593063,0.06122875586152077,0.089951291680336,0.059336863458156586,0.08934878557920456,0.06056942418217659,0.09271630644798279,0.06732185930013657,0.10724183171987534,0.07381552457809448,0.12358371913433075,0.0788176879286766,0.133827343583107,0.08256485313177109,0.14499852061271667,0.08452247828245163,0.1512036919593811,0.08773551136255264,0.15988999605178833,0.0890640988945961,0.16287460923194885,0.09571578353643417,0.17286846041679382,0.09209001809358597,0.15775474905967712,0.10624901950359344,0.178700253367424,0.1077071875333786,0.1632968634366989,0.9887880086898804,0.08292825520038605,0.016704438254237175,p025_smile_right,0.1292456508136238
0.3090788722038269,0.3156359791755676,0.20616911351680756,0.21176010370254517,0.13246846199035645,0.13909070193767548,0.1005626693367958,0.10729648172855377,0.07520383596420288,0.08774877339601517,0.05513548105955124,0.06966379284858704,0.06899623572826385,0.08554169535636902,0.05777722969651222,0.07612932473421097,0.051626283675432205,0.0713958814740181,0.0592474639415741,0.08156918734312057,0.06608301401138306,0.09005679190158844,0.06871896982192993,0.09279360622167587,0.06986681371927261,0.09342199563980103,0.06669681519269943,0.09038088470697403,0.061989497393369675,0.08494366705417633,0.07256505638360977,0.09863590449094772,0.06570185720920563,0.09247002750635147,0.06503552198410034,0.09130387753248215,0.060743510723114014,0.08679132163524628,0.06413515657186508,0.09225013852119446,0.07532951235771179,0.11215639859437943,0.08452281355857849,0.13063567876815796,0.09085708856582642,0.1423075944185257,0.09657187759876251,0.15601341426372528,0.09972672164440155,0.16400744020938873,0.10253219306468964,0.1714216023683548,0.10483241826295853,0.17459437251091003,0.11676779389381409,0.19126830995082855,0.10599276423454285,0.1647341400384903,0.12896133959293365,0.19624872505664825,0.12242945283651352,0.17092210054397583,0.9956927299499512,0.09376118332147598,0.019006190821528435,p026_neutral_front,0.1378629421618748
0.30943042039871216,0.31594136357307434,0.20591950416564941,0.2113974690437317,0.13264970481395721,0.13928046822547913,0.10095911473035812,0.10817700624465942,0.07321243733167648,0.08621791005134583,0.05644819512963295,0.07147671282291412,0.07001058757305145,0.08829168230295181,0.0604211762547493,0.07966973632574081,0.0561254620552063,0.07559192180633545,0.06352588534355164,0.08642706274986267,0.07163222134113312,0.09703285992145538,0.0753776952624321,0.10130397230386734,0.07705280184745789,0.10256904363632202,0.07379510998725891,0.0980626791715622,0.06934899836778641,0.09247482568025589,0.07632525265216827,0.10214753448963165,0.07355481386184692,0.09948650002479553,0.07259584218263626,0.09784025698900223,0.07048462331295013,0.0964554026722908,0.07346130162477493,0.10141661763191223,0.08582983165979385,0.12076602131128311,0.09762342274188995,0.1410934329032898,0.10497557371854782,0.1548781841993332,0.11187657713890076,0.1680738776922226,0.11557688564062119,0.17574286460876465,0.1212451159954071,0.18587452173233032,0.12388260662555695,0.18964453041553497,0.13336001336574554,0.20053790509700775,0.12622514367103577,0.1827303171157837,0.1444280743598938,0.20585675537586212,0.138543039560318,0.18523940443992615,0.9950306415557861,0.10213867574930191,0.021051522344350815,p026_neutral_left,0.14509142753571216
0.3087732195854187,0.31600308418273926,0.20612381398677826,0.21250750124454498,0.13197506964206696,0.1393577754497528,0.10013614594936371,0.10775119811296463,0.0744682252407074,0.0877775251865387,0.056063830852508545,0.07248309999704361,0.07032893598079681,0.08998772501945496,0.061589546501636505,0.08307670056819916,0.058909881860017776,0.08230236172676086,0.0667366310954094,0.09260909259319305,0.07456494122743607,0.10243412852287292,0.07935456931591034,0.10856707394123077,0.08227867633104324,0.1111530289053917,0.08270702511072159,0.11231889575719833,0.07933656871318817,0.1072799488902092,0.08855292946100235,0.11935221403837204,0.0847897082567215,0.11649810522794724,0.08446504920721054,0.11577323079109192,0.07895052433013916,0.108139269053936,0.08519285917282104,0.11863639205694199,0.09944736212491989,0.14353761076927185,0.10720925778150558,0.15829682350158691,0.1144067570567131,0.17102095484733582,0.12084440886974335,0.184968039393425,0.1252911239862442,0.19473211467266083,0.1231687068939209,0.19327497482299805,0.1271759271621704,0.20003166794776917,0.13778069615364075,0.2182053029537201,0.12307970225811005,0.18340344727039337,0.1446879506111145,0.21808400750160217,0.13928283751010895,0.19218769669532776,0.9818021655082703,0.10702792555093765,0.023726094514131546,p026_neutral_right,0.15403277090973708
0.307597815990448,0.31405895948410034,0.20462149381637573,0.20975802838802338,0.13120244443416595,0.13721731305122375,0.09956857562065125,0.10543078929185867,0.07427944242954254,0.08554374426603317,0.05344434082508087,0.06647753715515137,0.06691592186689377,0.08188477903604507,0.0557345412671566,0.07238293439149857,0.049674514681100845,0.06764879822731018,0.05725567042827606,0.07769522815942764,0.063796766102314,0.08560904115438461,0.06618725508451462,0.08805377781391144,0.06743907928466797,0.08878742903470993,0.06432551890611649,0.08584599196910858,0.05977708846330643,0.08072970807552338,0.07123631983995438,0.09566900879144669,0.0631372407078743,0.08772303909063339,0.062348395586013794,0.08660666644573212,0.058054085820913315,0.08202971518039703,0.06141754239797592,0.08746413886547089,0.0721883475780487,0.10634810477495193,0.081200510263443,0.12437865883111954,0.08785171061754227,0.13635458052158356,0.09274095296859741,0.14859946072101593,0.09527122229337692,0.15566374361515045,0.09735038876533508,0.16199442744255066,0.09905923902988434,0.1643933802843094,0.11019165068864822,0.18014046549797058,0.09988297522068024,0.15389780700206757,0.12204046547412872,0.18424396216869354,0.11678626388311386,0.16040238738059998,0.9957700967788696,0.09073659032583237,0.017537375912070274,p026_smile_front,0.1324287578740746
0.3102036118507385,0.3173843324184418,0.20694172382354736,0.21326173841953278,0.13230422139167786,0.13963276147842407,0.10026572644710541,0.10777979344129562,0.07399654388427734,0.08701449632644653,0.05597218871116638,0.0718822032213211,0.07061660289764404,0.08963370323181152,0.061873409897089005,0.08254903554916382,0.05895017459988594,0.08151465654373169,0.06690706312656403,0.0917547419667244,0.07487844675779343,0.1016789898276329,0.079477459192276,0.10765902698040009,0.08215024322271347,0.11007209122180939,0.08210439234972,0.11045464873313904,0.07847315818071365,0.10512430220842361,0.08731810748577118,0.11645380407571793,0.0838078036904335,0.11392945051193237,0.08337128907442093,0.11312597990036011,0.07798673957586288,0.10570162534713745,0.08402428030967712,0.11565838009119034,0.0987015888094902,0.14099830389022827,0.10751044005155563,0.1575174331665039,0.1150536984205246,0.170643150806427,0.12179088592529297,0.18459643423557281,0.12623992562294006,0.1939999908208847,0.12466303259134293,0.19375315308570862,0.1281554251909256,0.199264794588089,0.13855375349521637,0.21668101847171783,0.12387771904468536,0.1829701066017151,0.1453593671321869,0.2161543369293213,0.13983385264873505,0.19046439230442047,0.9841070175170898,0.10714558511972427,0.023471243679523468,p026_smile_left,0.15320327568144054
0.3105229139328003,0.31698083877563477,0.20701590180397034,0.2125236988067627,0.1330634206533432,0.13980336487293243,0.10109947621822357,0.10857332497835159,0.07379534095525742,0.08725892752408981,0.05629832670092583,0.07169097661972046,0.06984253227710724,0.08821775764226913,0.06026254966855049,0.07964054495096207,0.05587078630924225,0.0756242647767067,0.06336244940757751,0.08659214526414871,0.07118259370326996,0.09680084139108658,0.07470066100358963,0.10088822990655899,0.0762263834476471,0.10197260230779648,0.07285234332084656,0.09738052636384964,0.06834056228399277,0.09172354638576508,0.07587208598852158,0.10200180113315582,0.07207821309566498,0.09817056357860565,0.0709185004234314,0.09623165428638458,0.06869358569383621,0.09476757794618607,0.07170678675174713,0.09961769729852676,0.08354847878217697,0.11811939626932144,0.09510724991559982,0.13817326724529266,0.10266494005918503,0.15245306491851807,0.10911151766777039,0.16510577499866486,0.1125793606042862,0.1724555939435959,0.11797001212835312,0.18213386833667755,0.1207762137055397,0.1858261078596115,0.1300482153892517,0.19597214460372925,0.12350945919752121,0.17915873229503632,0.14147207140922546,0.20129229128360748,0.13658390939235687,0.18189960718154907,0.9953289031982422,0.10088595747947693,0.020613443106412888,p026_smile_right,0.14357382458656204
0.3072679042816162,0.31432044506073,0.2031584233045578,0.20942315459251404,0.13085536658763885,0.13766570389270782,0.09938855469226837,0.10582629591226578,0.06968387961387634,0.08048712462186813,0.05206366628408432,0.06728313863277435,0.06485294550657272,0.08255305886268616,0.053158100694417953,0.07303149253129959,0.04685809090733528,0.06882593780755997,0.05228007957339287,0.07654765993356705,0.0588449090719223,0.08440288156270981,0.06179582327604294,0.08733575791120529,0.06315888464450836,0.08788640797138214,0.0609184168279171,0.08694139122962952,0.05704963952302933,0.08300600200891495,0.06501707434654236,0.09364202618598938,0.061935074627399445,0.09335317462682724,0.06285885721445084,0.09408275783061981,0.059782251715660095,0.09079302102327347,0.061551064252853394,0.09461279213428497,0.06975143402814865,0.11129194498062134,0.07608360052108765,0.12622909247875214,0.08048512041568756,0.1346796303987503,0.08618393540382385,0.14867044985294342,0.0896700918674469,0.15729579329490662,0.09191058576107025,0.16439083218574524,0.09409581869840622,0.16815602779388428,0.10544082522392273,0.1874721497297287,0.09421100467443466,0.15965536236763,0.11661135405302048,0.19465385377407074,0.11235686391592026,0.17023305594921112,0.9958130717277527,0.0874035507440567,0.018182089552283287,p027_neutral_front,0.13484097875751008
0.30867433547973633,0.3161088228225708,0.2049080729484558,0.21189630031585693,0.13190177083015442,0.13959087431430817,0.1005219966173172,0.10829274356365204,0.07083159685134888,0.0832393616437912,0.05422542616724968,0.07090502977371216,0.06725605577230453,0.08681847900152206,0.056699469685554504,0.077797070145607,0.05170020833611488,0.07421012967824936,0.05744887515902519,0.08230654895305634,0.06447761505842209,0.0912693440914154,0.06802737712860107,0.09534933418035507,0.06961145251989365,0.09614229947328568,0.06808115541934967,0.0954177975654602,0.06403488665819168,0.09087054431438446,0.07151176035404205,0.10009988397359848,0.06926697492599487,0.10072610527276993,0.06972315907478333,0.10069233179092407,0.06635532528162003,0.09720127284526825,0.06966587156057358,0.10350815206766129,0.07935689389705658,0.12143398076295853,0.08571958541870117,0.13543701171875,0.09113433957099915,0.14559143781661987,0.09760957956314087,0.1601068675518036,0.10204360634088516,0.16995778679847717,0.10306904464960098,0.17475539445877075,0.10703271627426147,0.18112319707870483,0.11757896095514297,0.198685422539711,0.10593631118535995,0.17154033482074738,0.12684127688407898,0.20379431545734406,0.12227435410022736,0.18051013350486755,0.9943048357963562,0.09431198239326477,0.0201265811920166,p027_neutral_left,0.14186818245123395
0.30827394127845764,0.3150665760040283,0.2036435604095459,0.20906613767147064,0.13102436065673828,0.13690949976444244,0.09941323846578598,0.10477091372013092,0.06778907775878906,0.07651197910308838,0.05037803575396538,0.06349936872720718,0.06297686696052551,0.07841946184635162,0.05067569017410278,0.06772832572460175,0.04359578341245651,0.06196785718202591,0.04865685850381851,0.06948090344667435,0.0558941513299942,0.07857097685337067,0.05910542607307434,0.08172854781150818,0.060423411428928375,0.08193173259496689,0.05695284903049469,0.07790344208478928,0.05253276228904724,0.07275703549385071,0.058481570333242416,0.07992316037416458,0.05718286707997322,0.08201006799936295,0.0581744909286499,0.08246476948261261,0.05636541545391083,0.08229653537273407,0.057527340948581696,0.08557532727718353,0.06529330462217331,0.10075445473194122,0.07227642834186554,0.11726469546556473,0.07658149302005768,0.12682829797267914,0.08196685463190079,0.1404140293598175,0.08501406759023666,0.14872221648693085,0.08841462433338165,0.15853439271450043,0.09043727815151215,0.16315360367298126,0.09938996285200119,0.17715449631214142,0.09325005859136581,0.15874674916267395,0.11155006289482117,0.1855957806110382,0.10974724590778351,0.16620394587516785,0.9078897833824158,0.08430150151252747,0.016768021509051323,p027_neutral_right,0.12949139550198432
0.30580803751945496,0.3126120865345001,0.20135125517845154,0.20713165402412415,0.12869872152805328,0.13505440950393677,0.09736953675746918,0.10335906594991684,0.06834923475980759,0.07880395650863647,0.0502936914563179,0.06469632685184479,0.06317472457885742,0.07989507913589478,0.05160220339894295,0.0704607367515564,0.04519529268145561,0.0660664364695549,0.051087453961372375,0.07427075505256653,0.05755001679062843,0.08184102922677994,0.06027087941765785,0.08433817327022552,0.06155703589320183,0.08467217534780502,0.059156596660614014,0.08317190408706665,0.05523714795708656,0.07915618270635605,0.06439369171857834,0.09161342680454254,0.060071732848882675,0.08909854292869568,0.060961704701185226,0.08967246115207672,0.05782308802008629,0.08631917089223862,0.0599794015288353,0.09014344215393066,0.06850476562976837,0.10689084976911545,0.0754939466714859,0.12280521541833878,0.08069587498903275,0.13224013149738312,0.08623062819242477,0.14573368430137634,0.08964161574840546,0.15402676165103912,0.09222421050071716,0.1615225374698639,0.0943029597401619,0.16479167342185974,0.10600586235523224,0.18439312279224396,0.0946887955069542,0.1559872180223465,0.11782229691743851,0.19101792573928833,0.11354821175336838,0.16597048938274384,0.9956060647964478,0.08642963320016861,0.017430845648050308,p027_smile_front,0.13202592793860723
0.30793190002441406,0.31531280279159546,0.20349863171577454,0.21041840314865112,0.13051360845565796,0.1382632851600647,0.09918185323476791,0.10719785839319229,0.07039633393287659,0.08361069113016129,0.05414775386452675,0.07119470834732056,0.06726997345685959,0.0873941108584404,0.057545311748981476,0.07931467890739441,0.05321885272860527,0.07661671936511993,0.0593729168176651,0.08543167263269424,0.06640498340129852,0.09438613057136536,0.07014593482017517,0.09873742610216141,0.0722239762544632,0.10025821626186371,0.07137992978096008,0.10045013576745987,0.0678463950753212,0.09662164747714996,0.07637094706296921,0.10779210925102234,0.07355514913797379,0.1072314903140068,0.07386580109596252,0.10704563558101654,0.07003001123666763,0.10278834402561188,0.07364032417535782,0.10916969925165176,0.08391979336738586,0.12790873646736145,0.0906108021736145,0.14236842095851898,0.09620269387960434,0.15240322053432465,0.1025039330124855,0.16624510288238525,0.1068393662571907,0.17550499737262726,0.10762554407119751,0.17988243699073792,0.11107351630926132,0.18488572537899017,0.12195120006799698,0.2031201273202896,0.10917328298091888,0.17351630330085754,0.1309358775615692,0.20688322186470032,0.12626101076602936,0.18275240063667297,0.9912548065185547,0.09696359932422638,0.021015986800193787,p027_smile_left,0.1449689166690356
0.30724647641181946,0.313907265663147,0.202235147356987,0.20736226439476013,0.12978436052799225,0.13525675237178802,0.09820713102817535,0.10292946547269821,0.06659003347158432,0.0743178129196167,0.049484677612781525,0.06100684776902199,0.062078703194856644,0.0755133330821991,0.04963160678744316,0.0646737813949585,0.04243065044283867,0.058911796659231186,0.04711955040693283,0.06569933891296387,0.05416272208094597,0.07410192489624023,0.05733702331781387,0.07711395621299744,0.05854770541191101,0.07724059373140335,0.05490649864077568,0.07327735424041748,0.050107624381780624,0.06770097464323044,0.055573802441358566,0.07449562102556229,0.05436854064464569,0.0764164999127388,0.055370036512613297,0.07716378569602966,0.05309678241610527,0.07581872493028641,0.05424623563885689,0.07913368195295334,0.0623253732919693,0.09526122361421585,0.06911255419254303,0.1116659939289093,0.07317642122507095,0.12069259583950043,0.0786309763789177,0.13436318933963776,0.08172737061977386,0.1427857130765915,0.08463154733181,0.1517975926399231,0.08659177273511887,0.15612132847309113,0.09589847922325134,0.1710829734802246,0.08935930579900742,0.1509394347667694,0.10825936496257782,0.17895512282848358,0.10640279948711395,0.15873442590236664,0.8978435397148132,0.08190152049064636,0.01567399688065052,p027_smile_right,0.12519583411859406
0.3072688579559326,0.3137963116168976,0.20099592208862305,0.206081360578537,0.12807121872901917,0.1337195783853531,0.0969981700181961,0.10222210735082626,0.06712129712104797,0.07676109671592712,0.05094790831208229,0.06630361080169678,0.06393516063690186,0.08194553852081299,0.05293528735637665,0.07374463230371475,0.04709627479314804,0.07033024728298187,0.05238255858421326,0.077407106757164,0.059663932770490646,0.08603129535913467,0.06360284239053726,0.09024166315793991,0.06501563638448715,0.09061996638774872,0.061904795467853546,0.08783846348524094,0.056574080139398575,0.0812533050775528,0.060895051807165146,0.08556152880191803,0.05900469049811363,0.08714038878679276,0.05905967578291893,0.0867500752210617,0.054495587944984436,0.08084949851036072,0.056050945073366165,0.0840449407696724,0.06573235243558884,0.10198839008808136,0.07216505706310272,0.11577777564525604,0.07556959241628647,0.12279012799263,0.08091547340154648,0.13614334166049957,0.08372481167316437,0.14417433738708496,0.08477234840393066,0.14819608628749847,0.08723023533821106,0.1510721892118454,0.0986267477273941,0.1665971279144287,0.08908597379922867,0.1396981030702591,0.11008531600236893,0.16940543055534363,0.10616116970777512,0.1468445509672165,0.9955412745475769,0.08446011692285538,0.016050005331635475,p028_neutral_front,0.12668861563548428
0.30842411518096924,0.3156297206878662,0.20299290120601654,0.20946677029132843,0.13060590624809265,0.138149231672287,0.10011958330869675,0.10802513360977173,0.0710112452507019,0.08449400961399078,0.055698100477457047,0.07468650490045547,0.06893608719110489,0.09115488827228546,0.059724703431129456,0.08383592218160629,0.05589490383863449,0.08184494078159332,0.06144465133547783,0.0891241580247879,0.06875263154506683,0.09809558093547821,0.07332420349121094,0.1035575270652771,0.0750889852643013,0.10436796396970749,0.0732078030705452,0.10279777646064758,0.06818191707134247,0.09630496054887772,0.07239367812871933,0.1001521646976471,0.07132810354232788,0.10236898809671402,0.07117604464292526,0.10187863558530807,0.0662720650434494,0.09574505686759949,0.06970123201608658,0.10170536488294601,0.08126272261142731,0.12179182469844818,0.08775606006383896,0.13493852317333221,0.09261520206928253,0.1435280740261078,0.098685622215271,0.1570190191268921,0.10260935127735138,0.16609923541545868,0.1013759970664978,0.1664724498987198,0.10472948104143143,0.17140938341617584,0.11405864357948303,0.18632137775421143,0.10305818915367126,0.15773889422416687,0.12197139114141464,0.1858997344970703,0.11933310329914093,0.16463443636894226,0.9930409789085388,0.09521862119436264,0.01944771595299244,p028_neutral_left,0.13945506786414197
0.30782458186149597,0.31482934951782227,0.2020467072725296,0.2079675793647766,0.12952518463134766,0.13675285875797272,0.09870902448892593,0.10618368536233902,0.06847286969423294,0.08082518726587296,0.05319788679480553,0.07207856327295303,0.06649275869131088,0.08836289495229721,0.055672790855169296,0.08026282489299774,0.050438616424798965,0.07690229266881943,0.05618949979543686,0.08529705554246902,0.06434493511915207,0.09560315310955048,0.06878476589918137,0.10048692673444748,0.070772185921669,0.10151709616184235,0.06762438267469406,0.09712960571050644,0.06335142254829407,0.09136658906936646,0.0670468807220459,0.09563614428043365,0.06635139882564545,0.09737922251224518,0.06580464541912079,0.0959634929895401,0.06316439807415009,0.09380265325307846,0.06446683406829834,0.09673222154378891,0.07367942482233047,0.11278098076581955,0.08200839906930923,0.12947702407836914,0.08696487545967102,0.14038492739200592,0.09227212518453598,0.15254485607147217,0.09504730254411697,0.1598278284072876,0.09859419614076614,0.16834232211112976,0.10023471713066101,0.1710936427116394,0.10756281763315201,0.17865362763404846,0.1027693971991539,0.16206948459148407,0.11761216074228287,0.1798153966665268,0.1154918447136879,0.16187100112438202,0.9957623481750488,0.09105946868658066,0.018638810142874718,p028_neutral_right,0.13652402771261446
0.30795663595199585,0.3144087493419647,0.2011144459247589,0.20610055327415466,0.12763163447380066,0.1332472860813141,0.09608957171440125,0.10119666159152985,0.06535070389509201,0.07464500516653061,0.04911161959171295,0.06424807757139206,0.0617704838514328,0.07945231348276138,0.050634995102882385,0.07110124826431274,0.044723279774188995,0.06763895601034164,0.0496964305639267,0.07428235560655594,0.05694500729441643,0.08285926282405853,0.0609329417347908,0.08700935542583466,0.06250616908073425,0.08750136941671371,0.05942675098776817,0.08477321267127991,0.05438575893640518,0.07855036109685898,0.05828145146369934,0.08229484409093857,0.056475259363651276,0.08411088585853577,0.05656342953443527,0.08374421298503876,0.05232400447130203,0.07843320816755295,0.053303319960832596,0.08062972873449326,0.06165502220392227,0.09672113507986069,0.06721410900354385,0.1097816601395607,0.06981845945119858,0.11571797728538513,0.074490986764431,0.12833359837532043,0.07679403573274612,0.13569694757461548,0.07801885157823563,0.14003455638885498,0.08043169975280762,0.14231953024864197,0.09154990315437317,0.1569681018590927,0.08400638401508331,0.13217896223068237,0.10398939251899719,0.16035407781600952,0.10109217464923859,0.1393887847661972,0.9943256378173828,0.08111224323511124,0.01504953857511282,p028_smile_front,0.12267656082199574
0.3099885582923889,0.317123144865036,0.20450519025325775,0.21084342896938324,0.13151074945926666,0.13889145851135254,0.10063663870096207,0.1083589419722557,0.07106134295463562,0.0844123512506485,0.0552775114774704,0.07439786195755005,0.06829531490802765,0.09056174755096436,0.059035852551460266,0.08329790085554123,0.05526740849018097,0.081467404961586,0.06082703918218613,0.0886475220322609,0.0680699422955513,0.0974610224366188,0.07259242236614227,0.10289480537176132,0.07444404810667038,0.10379259288311005,0.07249858975410461,0.10207954794168472,0.06739986687898636,0.09529750049114227,0.07193824648857117,0.09931322187185287,0.07063111662864685,0.10146036744117737,0.070371612906456,0.10081367939710617,0.0651387870311737,0.09393512457609177,0.06885161995887756,0.10042362660169601,0.08080717921257019,0.12158603221178055,0.08726135641336441,0.13474464416503906,0.09224610030651093,0.1436382532119751,0.09809616953134537,0.15713849663734436,0.10194090753793716,0.16642770171165466,0.10047425329685211,0.1663338541984558,0.10388587415218353,0.17168644070625305,0.11328311264514923,0.18684177100658417,0.10252518951892853,0.15786504745483398,0.1215556189417839,0.18639731407165527,0.11930876225233078,0.16519911587238312,0.9936951994895935,0.09483101218938828,0.019455883651971817,p028_smile_left,0.1394843491291113
0.3078470528125763,0.3143850266933441,0.2020699381828308,0.20704862475395203,0.129176065325737,0.13514088094234467,0.09815923124551773,0.10419756174087524,0.0679367184638977,0.07847368717193604,0.05236293748021126,0.06931306421756744,0.06559313088655472,0.08625329285860062,0.05512639135122299,0.07817812263965607,0.050306256860494614,0.07494871318340302,0.05641530826687813,0.0841517373919487,0.06471806019544601,0.09513480961322784,0.06932096183300018,0.1004742980003357,0.07161654531955719,0.10180249810218811,0.06879637390375137,0.09740104526281357,0.06483957171440125,0.09170564264059067,0.06881488114595413,0.09647881239652634,0.06810444593429565,0.09820318967103958,0.06742972880601883,0.09661734849214554,0.06491930037736893,0.09459192305803299,0.06630931049585342,0.09771621227264404,0.07557274401187897,0.11415639519691467,0.08399074524641037,0.13117843866348267,0.08912160247564316,0.1424778252840042,0.09427908807992935,0.15451711416244507,0.09688844531774521,0.1615847796201706,0.10050760209560394,0.1701083481311798,0.1020243689417839,0.17267532646656036,0.1091737374663353,0.1797734647989273,0.10489844530820847,0.163605198264122,0.11933688074350357,0.18081174790859222,0.1176854819059372,0.16327370703220367,0.9949533343315125,0.09205465018749237,0.018728885799646378,p028_smile_right,0.13685351950040006
0.3076901435852051,0.3143461048603058,0.20538613200187683,0.210995152592659,0.13164351880550385,0.137857586145401,0.0988173708319664,0.10474889725446701,0.06889067590236664,0.0789971649646759,0.04834651201963425,0.06135304272174835,0.05983952805399895,0.07472790777683258,0.04952971637248993,0.06563399732112885,0.04325922578573227,0.06014202535152435,0.048237212002277374,0.06678207218647003,0.05374770984053612,0.07334106415510178,0.05613584443926811,0.07556682825088501,0.057558149099349976,0.07615484297275543,0.05491400510072708,0.07431932538747787,0.050986651331186295,0.07058706879615784,0.05911213532090187,0.08051753789186478,0.05361919850111008,0.07780082523822784,0.05384671315550804,0.07793720811605453,0.050893839448690414,0.07576141506433487,0.05130987614393234,0.07766758650541306,0.056027851998806,0.08978953957557678,0.05995854735374451,0.10310068726539612,0.06307331472635269,0.1101643368601799,0.06603222340345383,0.12144149094820023,0.06773262470960617,0.12794995307922363,0.06997048854827881,0.13520121574401855,0.07166191935539246,0.13712701201438904,0.08151575922966003,0.15361003577709198,0.07658996433019638,0.13133643567562103,0.096136674284935,0.1610022932291031,0.09652101993560791,0.14157582819461823,0.9957249760627747,0.07771699130535126,0.014364090748131275,p029_neutral_front,0.11985028472277934
0.3117314279079437,0.3190789818763733,0.20872987806797028,0.21580803394317627,0.1323348432779312,0.1405373513698578,0.09793218225240707,0.10682950913906097,0.06975160539150238,0.08487199991941452,0.051122408360242844,0.06687378883361816,0.06212734803557396,0.08081841468811035,0.05606508627533913,0.07555444538593292,0.05277496203780174,0.0734395906329155,0.058121949434280396,0.0810769572854042,0.06279031187295914,0.08756755292415619,0.06538252532482147,0.0911141037940979,0.06718694418668747,0.09276297688484192,0.0663871094584465,0.09368730336427689,0.06285391002893448,0.09026553481817245,0.07284568250179291,0.10319940745830536,0.06572756916284561,0.09770931303501129,0.06515678018331528,0.09660688042640686,0.06093377247452736,0.09171248972415924,0.06356270611286163,0.09732945263385773,0.07031815499067307,0.11303144693374634,0.07447440922260284,0.12508924305438995,0.07944612205028534,0.134686678647995,0.08301142603158951,0.1457708477973938,0.08585605025291443,0.1536390632390976,0.0863959863781929,0.15583406388759613,0.08992741256952286,0.16015687584877014,0.1005854457616806,0.1774604767560959,0.0930061787366867,0.14865055680274963,0.1138959601521492,0.18061499297618866,0.11513890326023102,0.16066396236419678,0.9932524561882019,0.08857136964797974,0.017997724935412407,p029_neutral_left,0.13415559971694213
0.3125484883785248,0.31891781091690063,0.20920421183109283,0.2142772376537323,0.13247032463550568,0.13836775720119476,0.09839480370283127,0.10436119139194489,0.06895429641008377,0.07946522533893585,0.04837661236524582,0.06113158538937569,0.06092638522386551,0.07619395107030869,0.05279245227575302,0.06851624697446823,0.048457443714141846,0.06434978544712067,0.055124059319496155,0.07345034182071686,0.06150825321674347,0.08115997165441513,0.06441202759742737,0.08416972309350967,0.06617771834135056,0.08564098924398422,0.06378161162137985,0.08345796912908554,0.06025760993361473,0.07987373322248459,0.06878868490457535,0.09156472980976105,0.06372854858636856,0.08737731724977493,0.06354871392250061,0.08688989281654358,0.061428770422935486,0.0859946608543396,0.06274950504302979,0.08995292335748672,0.06923050433397293,0.10315029323101044,0.07531151920557022,0.11767026036977768,0.07997717708349228,0.1282157003879547,0.08420827239751816,0.13903552293777466,0.08653832972049713,0.14594869315624237,0.08978680521249771,0.15391893684864044,0.09249456226825714,0.15791378915309906,0.10226552188396454,0.17038922011852264,0.09845096617937088,0.15287794172763824,0.11748853325843811,0.17788320779800415,0.11730492115020752,0.16082654893398285,0.9945597648620605,0.08828863501548767,0.016826828941702843,p029_neutral_right,0.12971826757131336
0.30909228324890137,0.31574001908302307,0.2058248668909073,0.21141299605369568,0.1310117393732071,0.13730958104133606,0.09800126403570175,0.10409663617610931,0.06840036809444427,0.07897946238517761,0.04877752438187599,0.061914462596178055,0.06106032803654671,0.07645123451948166,0.05137009173631668,0.06783761084079742,0.045990556478500366,0.06314345449209213,0.05162476375699043,0.070912204682827,0.05760309845209122,0.07825273275375366,0.060491424053907394,0.08126897364854813,0.06215113028883934,0.08241509646177292,0.05961174890398979,0.08050384372472763,0.05555974692106247,0.07644332200288773,0.063863605260849,0.08762244135141373,0.058547813445329666,0.08391222357749939,0.058548565953969955,0.08358827978372574,0.05546056851744652,0.08122426271438599,0.05702811852097511,0.08492087572813034,0.06376931071281433,0.09918657690286636,0.06940572708845139,0.1139560341835022,0.07439780235290527,0.1244485154747963,0.07859143614768982,0.1361658275127411,0.0813048854470253,0.14372719824314117,0.08381488174200058,0.15034210681915283,0.08681908994913101,0.15457287430763245,0.09692820906639099,0.16921907663345337,0.09131234139204025,0.14801229536533356,0.11101575940847397,0.1752820461988449,0.110155388712883,0.15596988797187805,0.9940521717071533,0.08412119746208191,0.01615997776389122,p029_smile_front,0.1271219011968088
0.3117397427558899,0.3190135359764099,0.20881637930870056,0.21551083028316498,0.13235723972320557,0.13999488949775696,0.09847796708345413,0.10654862970113754,0.07053267955780029,0.08479589223861694,0.051109276711940765,0.06638370454311371,0.06282298266887665,0.08089128881692886,0.05584872514009476,0.0747431144118309,0.05233084037899971,0.07251349091529846,0.05832851678133011,0.08099436014890671,0.06344708055257797,0.08782452344894409,0.06634928286075592,0.09166029840707779,0.0684068575501442,0.09359066188335419,0.06752543151378632,0.09453966468572617,0.0639028251171112,0.0910092145204544,0.07508302479982376,0.10569091141223907,0.06759821623563766,0.09945466369390488,0.06721270829439163,0.09850893914699554,0.06293697655200958,0.09338806569576263,0.0663251131772995,0.09976326674222946,0.07403580844402313,0.11679418385028839,0.07878632098436356,0.1294291764497757,0.08470506221055984,0.14018850028514862,0.08859898149967194,0.1516573131084442,0.0917539969086647,0.1600622832775116,0.09218601137399673,0.16224272549152374,0.09573692828416824,0.16733475029468536,0.10644546896219254,0.18531718850135803,0.09729036688804626,0.15525907278060913,0.118480384349823,0.1881752759218216,0.11805634945631027,0.1663796305656433,0.9924018979072571,0.09088405966758728,0.018742991611361504,p029_smile_left,0.13690504596749348
0.31484949588775635,0.32099515199661255,0.21145696938037872,0.2160835862159729,0.13355951011180878,0.1390814632177353,0.09859563410282135,0.10409847646951675,0.06897984445095062,0.07912568747997284,0.04705815389752388,0.059375643730163574,0.05959995463490486,0.07430865615606308,0.05231447145342827,0.06757430732250214,0.04842185974121094,0.06369367241859436,0.05547819659113884,0.07317264378070831,0.06179950758814812,0.08088374137878418,0.06467017531394958,0.0838337391614914,0.0667455792427063,0.08571936190128326,0.06483115255832672,0.08410874754190445,0.06190964952111244,0.08140278607606888,0.07076724618673325,0.09356364607810974,0.06531552225351334,0.08912242949008942,0.06494901329278946,0.08856775611639023,0.06298350542783737,0.0879940539598465,0.06398878246545792,0.09140559285879135,0.0696323961019516,0.10361502319574356,0.07493080198764801,0.1174226626753807,0.07882813364267349,0.1267252117395401,0.08205126971006393,0.1362326592206955,0.083555668592453,0.14183515310287476,0.08643972128629684,0.14913031458854675,0.08878284692764282,0.15179109573364258,0.09819423407316208,0.16340923309326172,0.09477880597114563,0.14638660848140717,0.11343196779489517,0.17026464641094208,0.11390156298875809,0.15439172089099884,0.9934327602386475,0.08783919364213943,0.016462024301290512,p029_smile_right,0.1283044204277098
0.3567354679107666,0.3638402223587036,0.22710072994232178,0.23231491446495056,0.14648009836673737,0.1525571346282959,0.11477166414260864,0.1200689822435379,0.09149662405252457,0.1023390144109726,0.053096335381269455,0.06685464084148407,0.05943305790424347,0.0756838396191597,0.05880293622612953,0.07683633267879486,0.0564831979572773,0.07578619569540024,0.059339676052331924,0.0806397795677185,0.06383213400840759,0.08681508153676987,0.06877001374959946,0.09293179959058762,0.07199326902627945,0.09606184810400009,0.06823510676622391,0.09170641750097275,0.06867001205682755,0.09215004742145538,0.07985210418701172,0.10620022565126419,0.07138858735561371,0.09824889898300171,0.07250049710273743,0.09909021109342575,0.06943988054990768,0.09559057652950287,0.07431919127702713,0.102088063955307,0.08533693850040436,0.12087460607290268,0.0904584676027298,0.13305093348026276,0.09729071706533432,0.14517362415790558,0.09890380501747131,0.15245094895362854,0.09981828182935715,0.1569056361913681,0.09898575395345688,0.15684376657009125,0.10241878032684326,0.15972423553466797,0.10765308886766434,0.1571393758058548,0.11005137860774994,0.15118005871772766,0.12602990865707397,0.16533665359020233,0.13341660797595978,0.16319262981414795,0.9937034845352173,0.09946208447217941,0.01963488943874836,p030_neutral_front,0.14012454973611282
0.3559364378452301,0.36474376916885376,0.2274557203054428,0.2350734919309616,0.14690305292606354,0.15609730780124664,0.11584540456533432,0.12452373653650284,0.10329808294773102,0.11917947232723236,0.057241976261138916,0.076286181807518,0.06448382139205933,0.08544668555259705,0.06429217010736465,0.08740942180156708,0.06254662573337555,0.08832481503486633,0.0683082863688469,0.0947784036397934,0.07121126353740692,0.09905484318733215,0.07573315501213074,0.10489877313375473,0.07954774051904678,0.10840017348527908,0.07668507099151611,0.10641360282897949,0.07688992470502853,0.10629326850175858,0.09468760341405869,0.12687872350215912,0.07978633791208267,0.11174305528402328,0.08019467443227768,0.11212009191513062,0.07509806007146835,0.1048022210597992,0.08183532953262329,0.11402060091495514,0.09371247887611389,0.13556721806526184,0.09625198692083359,0.14298318326473236,0.10508483648300171,0.15645349025726318,0.10605849325656891,0.16372299194335938,0.10745248943567276,0.17002207040786743,0.10191300511360168,0.16200102865695953,0.10601140558719635,0.16805849969387054,0.10870727896690369,0.16609036922454834,0.10850183665752411,0.1549963355064392,0.12495583295822144,0.17052428424358368,0.1351604461669922,0.17012685537338257,0.9799176454544067,0.10490129888057709,0.022051094099879265,p030_neutral_left,0.1484961080294001
0.3562965393066406,0.3634475767612457,0.22536173462867737,0.2307509183883667,0.14537017047405243,0.1520511507987976,0.11279182136058807,0.11951575428247452,0.08234506845474243,0.0939151793718338,0.05195838585495949,0.06939379870891571,0.0590444877743721,0.07954848557710648,0.05970573052763939,0.08211253583431244,0.0593087300658226,0.08242475986480713,0.061722010374069214,0.08737855404615402,0.06874798983335495,0.09651299566030502,0.07561849057674408,0.10457666218280792,0.07962001115083694,0.10850205272436142,0.07579230517148972,0.10320939868688583,0.07594364881515503,0.1030842661857605,0.07874084264039993,0.1062002032995224,0.07898862659931183,0.10909118503332138,0.079701267182827,0.10912817716598511,0.07833831012248993,0.10848600417375565,0.08153735846281052,0.11311814934015274,0.09349290281534195,0.13191211223602295,0.10122532397508621,0.14654074609279633,0.10860106348991394,0.16040630638599396,0.11182559281587601,0.1684301793575287,0.11340116709470749,0.17329050600528717,0.11519996076822281,0.17592570185661316,0.11841527372598648,0.17992275953292847,0.11988785117864609,0.1703016459941864,0.1264888495206833,0.1739780455827713,0.13571839034557343,0.1771717220544815,0.1443839818239212,0.17923402786254883,0.994415819644928,0.10567318648099899,0.02214478887617588,p030_neutral_right,0.14881125251867172
0.3516668975353241,0.35884207487106323,0.22253908216953278,0.2279566377401352,0.14348949491977692,0.14993728697299957,0.1122141107916832,0.11809852719306946,0.08956461399793625,0.10194619745016098,0.05183938890695572,0.06651462614536285,0.058158114552497864,0.0751873254776001,0.05781212076544762,0.07635805010795593,0.05600916966795921,0.07538314163684845,0.059706542640924454,0.08128449320793152,0.06395852565765381,0.08684805780649185,0.06846562772989273,0.09214954078197479,0.07152508199214935,0.09502699971199036,0.06741849333047867,0.09036745131015778,0.06774143874645233,0.09069739282131195,0.08032648265361786,0.10690054297447205,0.07034798711538315,0.09635967016220093,0.07104285806417465,0.09653697162866592,0.06804662942886353,0.09318256378173828,0.07305978238582611,0.09982123970985413,0.08369335532188416,0.11748480796813965,0.0892689973115921,0.12980040907859802,0.0968058779835701,0.14287662506103516,0.09774306416511536,0.14885832369327545,0.09816516190767288,0.15245969593524933,0.09738636761903763,0.15250566601753235,0.09998051077127457,0.15473321080207825,0.1048780307173729,0.15161702036857605,0.10728270560503006,0.1461188793182373,0.1226280927658081,0.15917426347732544,0.13048066198825836,0.1576499342918396,0.9939978122711182,0.09785286337137222,0.01885215938091278,p030_smile_front,0.13730316595371272
0.34943270683288574,0.35752201080322266,0.2224237024784088,0.22864943742752075,0.14344944059848785,0.15090814232826233,0.11354069411754608,0.12024369835853577,0.10372167080640793,0.11800972372293472,0.05642753094434738,0.07103988528251648,0.06346897780895233,0.08007427304983139,0.06322972476482391,0.0818227156996727,0.0612582229077816,0.08251571655273438,0.06818746030330658,0.09030941128730774,0.07045416533946991,0.0939841940999031,0.0737677663564682,0.09931395202875137,0.077177494764328,0.10279414802789688,0.07356304675340652,0.09987612813711166,0.07364709675312042,0.09925813972949982,0.09566415101289749,0.12397841364145279,0.07631465792655945,0.10454953461885452,0.07620707899332047,0.1041727066040039,0.07098713517189026,0.09624537825584412,0.07884448021650314,0.10774513334035873,0.09049604833126068,0.12970739603042603,0.09258245676755905,0.13603001832962036,0.10287273675203323,0.15168648958206177,0.1027187630534172,0.15773160755634308,0.10378314554691315,0.1641305536031723,0.09763479977846146,0.15440624952316284,0.10268878936767578,0.16298295557498932,0.10462351143360138,0.1594669371843338,0.10566219687461853,0.15109480917453766,0.12124279141426086,0.16448050737380981,0.1327240914106369,0.16664840281009674,0.9808710217475891,0.10222373157739639,0.020493533462285995,p030_smile_left,0.14315562672241003
0.3548043370246887,0.36198729276657104,0.22407856583595276,0.22955024242401123,0.14427176117897034,0.15108266472816467,0.11197437345981598,0.11889982223510742,0.08264318853616714,0.09480477124452591,0.05177689343690872,0.06910056620836258,0.05871149152517319,0.07909228652715683,0.059579163789749146,0.08172407001256943,0.05940267816185951,0.08216457068920135,0.06257697194814682,0.0879383534193039,0.0692666545510292,0.09662065654993057,0.0758238360285759,0.10433278977870941,0.07983075082302094,0.10828171670436859,0.0762505978345871,0.10314344614744186,0.07664962112903595,0.10329835116863251,0.08123315870761871,0.10916481912136078,0.07971487194299698,0.10911096632480621,0.08013808727264404,0.10877567529678345,0.07893384248018265,0.10819699615240097,0.08262491226196289,0.11343546211719513,0.09446406364440918,0.13191081583499908,0.10219442844390869,0.14626871049404144,0.11015257239341736,0.16108444333076477,0.11263029277324677,0.16798526048660278,0.11386210471391678,0.17243997752666473,0.11576639115810394,0.17516803741455078,0.11941405385732651,0.17960044741630554,0.12140842527151108,0.1705327183008194,0.12859807908535004,0.17506355047225952,0.1385432779788971,0.17891421914100647,0.14803239703178406,0.18207843601703644,0.993178129196167,0.10630946606397629,0.022143011912703514,p030_smile_right,0.14880528187098574
0.3457877039909363,0.35406094789505005,0.21992726624011993,0.22915494441986084,0.13738423585891724,0.14808553457260132,0.10468003153800964,0.11614368110895157,0.08780372887849808,0.10797586292028427,0.06250008940696716,0.08516685664653778,0.07357174158096313,0.1009770929813385,0.07724592089653015,0.1066078320145607,0.07955193519592285,0.10974329710006714,0.08477094769477844,0.11789153516292572,0.09166017919778824,0.12654848396778107,0.09878426045179367,0.13481038808822632,0.10225161164999008,0.1380736380815506,0.09845314174890518,0.134316548705101,0.0979534238576889,0.13419455289840698,0.10642606019973755,0.1460590958595276,0.10237306356430054,0.1416318267583847,0.10302932560443878,0.14185893535614014,0.09839428216218948,0.1369263231754303,0.10318517684936523,0.14276982843875885,0.12019672989845276,0.16890209913253784,0.1298435479402542,0.18669967353343964,0.140237957239151,0.20284591615200043,0.14665693044662476,0.2159820795059204,0.1506628543138504,0.22394952178001404,0.14916737377643585,0.22357860207557678,0.15230295062065125,0.2271709144115448,0.15373502671718597,0.22421175241470337,0.149704247713089,0.21217311918735504,0.1656789928674698,0.2298608124256134,0.166467547416687,0.22048966586589813,0.9922411441802979,0.12583090364933014,0.03128919377923012,p031_neutral_front,0.17688751730755373
0.3470570743083954,0.35520073771476746,0.2221778929233551,0.22986379265785217,0.14293791353702545,0.15140685439109802,0.11252573132514954,0.12069211900234222,0.10364203155040741,0.12004046887159348,0.062370140105485916,0.08263722062110901,0.07174280285835266,0.09644950926303864,0.0736313909292221,0.10132497549057007,0.07487616688013077,0.1047709509730339,0.0801258236169815,0.11286288499832153,0.08599968999624252,0.12088334560394287,0.09338799118995667,0.13036388158798218,0.09774979203939438,0.1343415081501007,0.09480682760477066,0.1315481811761856,0.0939611867070198,0.12986046075820923,0.10487914085388184,0.14323310554027557,0.09784309566020966,0.13683302700519562,0.09823861718177795,0.13717269897460938,0.09153717756271362,0.12838569283485413,0.09773265570402145,0.13707032799720764,0.11567647755146027,0.16907301545143127,0.12245001643896103,0.1853971630334854,0.13210515677928925,0.2007851004600525,0.1379391998052597,0.21508333086967468,0.1423417329788208,0.22490736842155457,0.13714420795440674,0.21974767744541168,0.14079207181930542,0.22439901530742645,0.14057855308055878,0.22276665270328522,0.1348673403263092,0.20502324402332306,0.15081024169921875,0.2246188223361969,0.15479862689971924,0.2149817794561386,0.9830774068832397,0.12119314819574356,0.03050732985138893,p031_neutral_left,0.1746634760085489
0.35444703698158264,0.3616107702255249,0.2258303314447403,0.23225899040699005,0.14396904408931732,0.15132884681224823,0.11072316765785217,0.11805373430252075,0.08356905728578568,0.09690044820308685,0.05793134868144989,0.07681995630264282,0.06799084693193436,0.09097754955291748,0.06986495107412338,0.09467443823814392,0.07016529887914658,0.0951911211013794,0.07345561683177948,0.10086843371391296,0.08171730488538742,0.1110348030924797,0.08938717842102051,0.11955361068248749,0.09270277619361877,0.12203061580657959,0.08618749678134918,0.11324135214090347,0.08426269143819809,0.11099335551261902,0.08644873648881912,0.11415994167327881,0.08840298652648926,0.11789336055517197,0.08949767798185349,0.11850867420434952,0.0870748907327652,0.11676366627216339,0.09063033014535904,0.12159635126590729,0.10845137387514114,0.14789631962776184,0.12032536417245865,0.16852478682994843,0.13009566068649292,0.18539920449256897,0.1371024250984192,0.19870951771736145,0.1410570591688156,0.20653319358825684,0.1434740126132965,0.21062108874320984,0.14655299484729767,0.2155473530292511,0.1452297866344452,0.20630675554275513,0.14804843068122864,0.2064642310142517,0.1568419337272644,0.21393448114395142,0.1594555675983429,0.20845581591129303,0.9924869537353516,0.11844294518232346,0.027168819680809975,p031_neutral_right,0.1648296686910763
0.34450769424438477,0.3526371121406555,0.218965083360672,0.22775092720985413,0.137990802526474,0.14831659197807312,0.10649245977401733,0.1175074353814125,0.08969999849796295,0.10942225158214569,0.06298846006393433,0.08527568727731705,0.07372768223285675,0.10031385719776154,0.07713529467582703,0.10573866218328476,0.07911475002765656,0.10864035785198212,0.08424773067235947,0.1167903020977974,0.09084245562553406,0.12459635734558105,0.09750828146934509,0.13185906410217285,0.10056043416261673,0.1343403160572052,0.09531903266906738,0.1286826729774475,0.09358825534582138,0.12689219415187836,0.10230133682489395,0.14006011188030243,0.09821654111146927,0.13500545918941498,0.09839901328086853,0.13456302881240845,0.09241630882024765,0.12744677066802979,0.09792842715978622,0.13460378348827362,0.11719410121440887,0.16365814208984375,0.12831583619117737,0.1832709163427353,0.1395447552204132,0.20073094964027405,0.14555801451206207,0.21319347620010376,0.1491943746805191,0.22075805068016052,0.14764536917209625,0.22030001878738403,0.15015742182731628,0.2233377993106842,0.15099744498729706,0.2199586182832718,0.1466885656118393,0.20708835124969482,0.16270627081394196,0.22428034245967865,0.163915753364563,0.21469512581825256,0.9892976880073547,0.1240074560046196,0.030111070722341537,p031_smile_front,0.17352541808721147
0.3476751148700714,0.35581114888191223,0.22295163571834564,0.23056116700172424,0.14352646470069885,0.15201157331466675,0.11342190206050873,0.12160995602607727,0.10543014109134674,0.12182514369487762,0.06354258209466934,0.08355947583913803,0.07325860112905502,0.09752315282821655,0.0754447728395462,0.10257557034492493,0.07679067552089691,0.1063360720872879,0.08236844092607498,0.11442489176988602,0.0879710242152214,0.12194841355085373,0.09504492580890656,0.1310185045003891,0.09909556061029434,0.13453388214111328,0.09558156132698059,0.13052475452423096,0.09414685517549515,0.1274978220462799,0.105800561606884,0.14186064898967743,0.09824039041996002,0.13454470038414001,0.09836719185113907,0.1345895379781723,0.09114786982536316,0.12430959939956665,0.09827465564012527,0.1346127837896347,0.11762366443872452,0.16945262253284454,0.12507911026477814,0.1868765950202942,0.13581039011478424,0.20351919531822205,0.14156195521354675,0.21767190098762512,0.14599363505840302,0.2276603728532791,0.13999435305595398,0.22106687724590302,0.14394550025463104,0.22616209089756012,0.143093541264534,0.22378402948379517,0.13751694560050964,0.2058083713054657,0.15309025347232819,0.22463135421276093,0.15777930617332458,0.2156970053911209,0.9468621611595154,0.12289698421955109,0.030689263716340065,p031_smile_left,0.17518351439658947
0.3533068299293518,0.360243558883667,0.22519329190254211,0.2311021089553833,0.14392058551311493,0.15103526413440704,0.11142496764659882,0.11865728348493576,0.08477767556905746,0.09792120009660721,0.05874095857143402,0.07732030749320984,0.06857482343912125,0.09102392196655273,0.07053042203187943,0.09494998306035995,0.07096270471811295,0.09600847214460373,0.07423021644353867,0.10163642466068268,0.08227582275867462,0.11153002828359604,0.08972643315792084,0.11994007974863052,0.09291304647922516,0.12240096181631088,0.0861196517944336,0.11291374266147614,0.08377515524625778,0.10958884656429291,0.08599236607551575,0.1126122772693634,0.08835048228502274,0.11704332381486893,0.08894046396017075,0.11721259355545044,0.08548133820295334,0.11345532536506653,0.08973615616559982,0.11924058198928833,0.1092057079076767,0.14824499189853668,0.1219794973731041,0.1698877066373825,0.13198745250701904,0.18710826337337494,0.13853402435779572,0.19949878752231598,0.14197950065135956,0.20664091408252716,0.14394177496433258,0.2100919634103775,0.1467001587152481,0.21439442038536072,0.14491862058639526,0.20390333235263824,0.14765103161334991,0.2042812556028366,0.15604948997497559,0.21010157465934753,0.15918505191802979,0.20568351447582245,0.988811731338501,0.11864277720451355,0.026944370940327644,p031_smile_right,0.16414740613341303
0.33405497670173645,0.34173300862312317,0.21005770564079285,0.2168155163526535,0.13559353351593018,0.1427423059940338,0.10620710998773575,0.11255965381860733,0.08274023234844208,0.09430472552776337,0.04857909679412842,0.06487568467855453,0.054109685122966766,0.07296707481145859,0.05294773355126381,0.07306677848100662,0.05089974030852318,0.0717349499464035,0.0521954707801342,0.07536488771438599,0.05690173804759979,0.08142174035310745,0.06241324171423912,0.08734782785177231,0.06551025807857513,0.08961048722267151,0.05959703028202057,0.08342810720205307,0.058362819254398346,0.08202353864908218,0.06595803052186966,0.09124400466680527,0.06071067601442337,0.08860928565263748,0.06235573813319206,0.08969008177518845,0.0585220530629158,0.08618149906396866,0.060819532722234726,0.0897861048579216,0.07110960781574249,0.1106068566441536,0.07707364112138748,0.12661735713481903,0.0848919153213501,0.1407940685749054,0.08900907635688782,0.15366297960281372,0.09161864221096039,0.16238467395305634,0.09226062148809433,0.16654685139656067,0.09485272318124771,0.17194496095180511,0.09703921526670456,0.16983169317245483,0.09800958633422852,0.1654806286096573,0.11255249381065369,0.17999398708343506,0.11785747855901718,0.17509715259075165,0.9915046691894531,0.08919745683670044,0.018785633146762848,p032_neutral_front,0.13706069147192732
0.3302033245563507,0.3381075859069824,0.20845350623130798,0.21530720591545105,0.13613705337047577,0.1436104029417038,0.10889725387096405,0.1156599149107933,0.09808894991874695,0.11297661066055298,0.05404369533061981,0.06873665750026703,0.059954117983579636,0.07678298652172089,0.05875639244914055,0.07712433487176895,0.056511685252189636,0.07636280357837677,0.061694007366895676,0.08335444331169128,0.06435639411211014,0.08742047846317291,0.06813821941614151,0.0924564003944397,0.07133692502975464,0.09527286142110825,0.06718292087316513,0.0915662944316864,0.06697119772434235,0.09110715985298157,0.08363784849643707,0.11267299205064774,0.06963767856359482,0.09756677597761154,0.07019606232643127,0.09817657619714737,0.06543724238872528,0.09201817214488983,0.06963478028774261,0.0981762558221817,0.08019089698791504,0.1198718324303627,0.08449259400367737,0.1325525939464569,0.0932198017835617,0.14625531435012817,0.09587983042001724,0.15774750709533691,0.09827158600091934,0.16657593846321106,0.09591379761695862,0.1657487154006958,0.09859686344861984,0.17053453624248505,0.1010640412569046,0.17223848402500153,0.09817789494991302,0.15761062502861023,0.11425451189279556,0.17795540392398834,0.11989962309598923,0.168776273727417,0.9844840168952942,0.09514307975769043,0.019556831568479538,p032_neutral_left,0.13984574204629735
0.3326476812362671,0.3397366404533386,0.20715618133544922,0.21249239146709442,0.13463816046714783,0.14059267938137054,0.10602058470249176,0.11127295345067978,0.0784526914358139,0.08723138272762299,0.04666768014431,0.06142423674464226,0.05182957649230957,0.06929867714643478,0.05100768804550171,0.06988407671451569,0.049276549369096756,0.06874661147594452,0.04945917800068855,0.07142795622348785,0.05520128831267357,0.07878661900758743,0.06146615743637085,0.08581146597862244,0.065078504383564,0.0891045331954956,0.05981701612472534,0.08357547968626022,0.059342674911022186,0.08326127380132675,0.06251737475395203,0.08603306114673615,0.06206243857741356,0.09017141163349152,0.0640081912279129,0.09145138412714005,0.0615677572786808,0.09042146801948547,0.06305188685655594,0.093316450715065,0.07264037430286407,0.11160377413034439,0.07810772210359573,0.12591102719306946,0.0842423364520073,0.13786804676055908,0.08721746504306793,0.14752544462680817,0.08857619762420654,0.15365277230739594,0.08953800797462463,0.15739035606384277,0.09178223460912704,0.16204550862312317,0.0933016985654831,0.15525229275226593,0.09830982238054276,0.15767285227775574,0.10827552527189255,0.16416996717453003,0.1158163994550705,0.16462519764900208,0.9937331676483154,0.08804570883512497,0.017649522051215172,p032_neutral_right,0.13285150375970597
0.3361199200153351,0.3439221680164337,0.21226322650909424,0.21941448748111725,0.13784626126289368,0.14543074369430542,0.10844031721353531,0.11541663110256195,0.0871618390083313,0.10031410306692123,0.051265209913253784,0.0686199888586998,0.056934256106615067,0.07669954001903534,0.055904507637023926,0.07720901817083359,0.053871072828769684,0.07600008696317673,0.0557924322783947,0.08037925511598587,0.060058124363422394,0.08579549938440323,0.06514094769954681,0.09122606366872787,0.06813084334135056,0.09345551580190659,0.062448471784591675,0.08790191262960434,0.061327528208494186,0.08668407052755356,0.07058662176132202,0.09903836995363235,0.06402451545000076,0.09368683397769928,0.06552334874868393,0.09465515613555908,0.06132197752594948,0.09001582115888596,0.06408224254846573,0.09416864067316055,0.07531653344631195,0.11625850200653076,0.08164510875940323,0.1320866197347641,0.09016600251197815,0.14686386287212372,0.09453892707824707,0.1596933901309967,0.09749676287174225,0.16869480907917023,0.09765665978193283,0.17162328958511353,0.10057078301906586,0.1771508753299713,0.10311956703662872,0.17665916681289673,0.10252976417541504,0.1693689525127411,0.11829134076833725,0.1867510974407196,0.12298565357923508,0.1807338148355484,0.9938362240791321,0.09299673140048981,0.019977763295173645,p032_smile_front,0.1413427157485438
0.3296239674091339,0.3373016119003296,0.20766255259513855,0.2138413041830063,0.135623499751091,0.14249467849731445,0.10849761962890625,0.11468125134706497,0.09655149281024933,0.11109570413827896,0.05237310752272606,0.06600531190633774,0.05780601128935814,0.07353008538484573,0.05634722486138344,0.07329804450273514,0.05379904434084892,0.07182365655899048,0.058539263904094696,0.0789300799369812,0.06112192943692207,0.08276206254959106,0.064662404358387,0.08717525005340576,0.0676870048046112,0.08967532217502594,0.06283639371395111,0.08487021178007126,0.0624975822865963,0.08441069722175598,0.07906635850667953,0.10726890712976456,0.06459762901067734,0.09002100676298141,0.06501778960227966,0.09017832577228546,0.060606732964515686,0.08522186428308487,0.06444673240184784,0.09066550433635712,0.07369565218687057,0.10978350788354874,0.0778195708990097,0.12338504940271378,0.08611611276865005,0.13685299456119537,0.0878811925649643,0.1472441852092743,0.08948779106140137,0.15504080057144165,0.08773024380207062,0.1560419648885727,0.08970614522695541,0.15934313833713531,0.09188195317983627,0.1603095680475235,0.0906638354063034,0.14847774803638458,0.1058286502957344,0.16649197041988373,0.11305118352174759,0.15933464467525482,0.9810327887535095,0.0904342457652092,0.017888568341732025,p032_smile_left,0.13374815266661452
0.3330976068973541,0.34030500054359436,0.20758689939975739,0.2131178081035614,0.13448986411094666,0.14043302834033966,0.1055346205830574,0.11055068671703339,0.0777847170829773,0.08608818054199219,0.045716702938079834,0.059655752032995224,0.050639789551496506,0.06723335385322571,0.049535684287548065,0.06738926470279694,0.04750097170472145,0.06595418602228165,0.047417622059583664,0.06799118965864182,0.053001172840595245,0.07494296133518219,0.059077803045511246,0.08157063275575638,0.06248384714126587,0.08435200899839401,0.05668192729353905,0.07807740569114685,0.05573727935552597,0.07708732038736343,0.059130992740392685,0.07971750944852829,0.05801001936197281,0.0833808034658432,0.06012667343020439,0.08489023149013519,0.0572800375521183,0.08335847407579422,0.05877026170492172,0.08601877838373184,0.06842619925737381,0.10469619929790497,0.07377952337265015,0.1196364238858223,0.080045185983181,0.13138988614082336,0.08314032107591629,0.14205700159072876,0.08460761606693268,0.14888635277748108,0.08551134914159775,0.15268966555595398,0.08796046674251556,0.15746647119522095,0.09066792577505112,0.15237309038639069,0.09515921771526337,0.1532478630542755,0.10676265507936478,0.16242636740207672,0.11414234340190887,0.16168271005153656,0.9941351413726807,0.08548889309167862,0.01681036502122879,p032_smile_right,0.12965479174033173
0.3348025381565094,0.3426620662212372,0.20912760496139526,0.2172844558954239,0.1329839825630188,0.14282594621181488,0.10330495238304138,0.1137772873044014,0.08547467738389969,0.10378918796777725,0.05810113996267319,0.07837916910648346,0.06697993725538254,0.09058801829814911,0.06892458349466324,0.09399142861366272,0.06915195286273956,0.09508632123470306,0.07422997802495956,0.10252036899328232,0.08005466312170029,0.1103644147515297,0.08534883707761765,0.11649911850690842,0.08784450590610504,0.11834874749183655,0.08374949544668198,0.11346029490232468,0.0837356299161911,0.11340072751045227,0.09335128217935562,0.12620647251605988,0.08707575500011444,0.1197311133146286,0.08738359808921814,0.11923766136169434,0.08430970460176468,0.11590331792831421,0.08851376920938492,0.12173794955015182,0.10119707882404327,0.1421479433774948,0.10865499824285507,0.1562546342611313,0.11880162358283997,0.17274457216262817,0.12416235357522964,0.184160515666008,0.1282324343919754,0.19239388406276703,0.1284870207309723,0.19379621744155884,0.13303200900554657,0.19997727870941162,0.13545747101306915,0.1949455887079239,0.13538742065429688,0.19016821682453156,0.14979057013988495,0.20194293558597565,0.1524006873369217,0.19621071219444275,0.9936206936836243,0.1122690811753273,0.024728471413254738,p033_neutral_front,0.15725288999969042
0.33729493618011475,0.3457743525505066,0.21280263364315033,0.22086137533187866,0.13748592138290405,0.14668519794940948,0.10914534330368042,0.11861318349838257,0.09678619354963303,0.11378512531518936,0.060361191630363464,0.0802166685461998,0.06961336731910706,0.09312062710523605,0.0714372992515564,0.09761250764131546,0.07192215323448181,0.10049699246883392,0.07698236405849457,0.1067919135093689,0.0822242870926857,0.11442313343286514,0.08801525831222534,0.1226552277803421,0.09095706045627594,0.12512366473674774,0.08731082081794739,0.12183544039726257,0.08689399063587189,0.12078569084405899,0.09821129590272903,0.1312078982591629,0.090142622590065,0.1276068538427353,0.09038937091827393,0.12764489650726318,0.08492843806743622,0.12043221294879913,0.09083229303359985,0.12989728152751923,0.1052362322807312,0.1560743749141693,0.1099880039691925,0.16682542860507965,0.12023887783288956,0.18264567852020264,0.12535253167152405,0.19568365812301636,0.13017329573631287,0.20642736554145813,0.12564204633235931,0.19992993772029877,0.13199827075004578,0.210029736161232,0.13217388093471527,0.20474135875701904,0.13163898885250092,0.1971510350704193,0.144033744931221,0.20939408242702484,0.15013529360294342,0.20637667179107666,0.9552213549613953,0.11421190947294235,0.02695395238697529,p033_neutral_left,0.1641765890344153
0.3446362018585205,0.3521801829338074,0.218522846698761,0.22572369873523712,0.14101488888263702,0.14950263500213623,0.11061293631792068,0.12000005692243576,0.08711226284503937,0.10356105864048004,0.05994163453578949,0.08179441094398499,0.06972964107990265,0.09565248340368271,0.07143143564462662,0.09916593879461288,0.07143700122833252,0.09970761835575104,0.07590324431657791,0.10755373537540436,0.08358588814735413,0.1180364266037941,0.09002779424190521,0.12587584555149078,0.09294231235980988,0.12832483649253845,0.08775855600833893,0.12131360173225403,0.087921641767025,0.12150369584560394,0.09389474987983704,0.12841306626796722,0.09162930399179459,0.12786108255386353,0.09219904243946075,0.12742771208286285,0.09102289378643036,0.12802843749523163,0.09339822083711624,0.13185115158557892,0.10658219456672668,0.15247982740402222,0.11637693643569946,0.17025193572044373,0.1269490271806717,0.18886485695838928,0.13253866136074066,0.20082291960716248,0.13623566925525665,0.20908550918102264,0.13906517624855042,0.21390853822231293,0.1428299844264984,0.22049598395824432,0.1430283784866333,0.20959258079528809,0.14752085506916046,0.21374928951263428,0.1571855992078781,0.2183571755886078,0.16138048470020294,0.2166946530342102,0.9942105412483215,0.11823859065771103,0.028382517397403717,p033_neutral_right,0.1684711173982167
0.337488055229187,0.34505996108055115,0.21287550032138824,0.22050419449806213,0.1365075409412384,0.14572736620903015,0.1073717325925827,0.1171632781624794,0.09134586155414581,0.10925811529159546,0.06071951612830162,0.07967740297317505,0.06966274976730347,0.09198642522096634,0.07131072878837585,0.09514357894659042,0.07118022441864014,0.09599893540143967,0.07649499922990799,0.10381518304347992,0.08190707862377167,0.11125745624303818,0.08691363036632538,0.11718253791332245,0.08916233479976654,0.11884390562772751,0.08490413427352905,0.11380836367607117,0.08477421849966049,0.11366131901741028,0.09572648257017136,0.1285664290189743,0.08773882687091827,0.11961086094379425,0.08774810284376144,0.11887754499912262,0.08437085151672363,0.11514796316623688,0.08886388689279556,0.12115247547626495,0.10169774293899536,0.1414850801229477,0.10869267582893372,0.15511131286621094,0.1186273843050003,0.17124956846237183,0.1235579177737236,0.18217092752456665,0.1274951994419098,0.19017751514911652,0.12730403244495392,0.190945103764534,0.1321525126695633,0.19675807654857635,0.13459481298923492,0.19228732585906982,0.13421116769313812,0.18603236973285675,0.14887626469135284,0.19872239232063293,0.15178051590919495,0.19271716475486755,0.9923182725906372,0.11343041062355042,0.02464764565229416,p033_smile_front,0.15699568673149641
0.3361850082874298,0.3446265459060669,0.21247677505016327,0.22003893554210663,0.13799624145030975,0.1466192603111267,0.11048281192779541,0.11913131922483444,0.09983722865581512,0.11612715572118759,0.06035219132900238,0.0783660039305687,0.06904575973749161,0.09037668257951736,0.07037930190563202,0.09433525055646896,0.0700821578502655,0.09669193625450134,0.07570042461156845,0.10305210947990417,0.079880490899086,0.10955357551574707,0.08472924679517746,0.11698100715875626,0.08755111694335938,0.11939830332994461,0.08368870615959167,0.11626875400543213,0.08357392251491547,0.11563284695148468,0.09803266078233719,0.12915880978107452,0.08620793372392654,0.12138357758522034,0.08642850816249847,0.12167616188526154,0.08156193792819977,0.11508793383836746,0.08743970096111298,0.12477084994316101,0.09983276575803757,0.14840663969516754,0.10346975177526474,0.15715253353118896,0.11396767944097519,0.1728697121143341,0.11783609539270401,0.18436002731323242,0.12192083150148392,0.19441655278205872,0.1172906830906868,0.1871459186077118,0.12327464669942856,0.1973852664232254,0.12258943170309067,0.19175535440444946,0.12247475981712341,0.18525327742099762,0.13363908231258392,0.19571995735168457,0.1406184434890747,0.19401736557483673,0.9814168214797974,0.11028215289115906,0.02487533539533615,p033_smile_left,0.15771916622698762
0.34544917941093445,0.3530628979206085,0.21885231137275696,0.2261420041322708,0.14120233058929443,0.14992985129356384,0.11082086712121964,0.1206611767411232,0.08681653439998627,0.1037411019206047,0.06013993173837662,0.08166694641113281,0.06957799196243286,0.09497494250535965,0.07115666568279266,0.09833604842424393,0.0709175243973732,0.09886129945516586,0.07482320070266724,0.10600417852401733,0.08210888504981995,0.11595931649208069,0.08859123289585114,0.12381137907505035,0.09157458692789078,0.12642493844032288,0.08683306723833084,0.11986127495765686,0.08714873343706131,0.12008123099803925,0.09146768599748611,0.12566830217838287,0.09023100882768631,0.12569276988506317,0.09082009643316269,0.12554793059825897,0.08965633809566498,0.12622089684009552,0.09139784425497055,0.12927506864070892,0.10377004742622375,0.14845196902751923,0.11267893016338348,0.1643538475036621,0.12215327471494675,0.18141478300094604,0.1277269423007965,0.19274361431598663,0.13140062987804413,0.200654074549675,0.13424663245677948,0.20513466000556946,0.1382349580526352,0.2115764021873474,0.13857269287109375,0.2010616511106491,0.14281868934631348,0.2052171528339386,0.1526414453983307,0.20940111577510834,0.15653657913208008,0.2077627032995224,0.9939499497413635,0.11615806072950363,0.027103859931230545,p033_smile_right,0.1646324996203075
0.3400571644306183,0.3483054041862488,0.21601080894470215,0.22537261247634888,0.13784551620483398,0.14819559454917908,0.1063658744096756,0.1170441210269928,0.08673550188541412,0.10574169456958771,0.05527598410844803,0.08075307309627533,0.0635094940662384,0.0929148718714714,0.06454456597566605,0.09591390192508698,0.06444807350635529,0.09666788578033447,0.06771572679281235,0.10225388407707214,0.07384109497070312,0.11014152318239212,0.0806855708360672,0.11830805242061615,0.08449812233448029,0.12158024311065674,0.0794370248913765,0.1163078248500824,0.077891044318676,0.11415288597345352,0.08664438128471375,0.12390318512916565,0.0820263922214508,0.12233638018369675,0.08261280506849289,0.12187863886356354,0.07693281024694443,0.11443061381578445,0.08062148094177246,0.11926598846912384,0.0962325781583786,0.14772042632102966,0.10564257204532623,0.16853342950344086,0.11505672335624695,0.18369491398334503,0.12080764770507812,0.19831019639968872,0.12435676157474518,0.20713749527931213,0.12427875399589539,0.20877812802791595,0.12639397382736206,0.21175727248191833,0.12888748943805695,0.20963092148303986,0.12469431012868881,0.19695590436458588,0.14073440432548523,0.2153773456811905,0.14115698635578156,0.2043445110321045,0.9939643740653992,0.10826566815376282,0.02675442397594452,p034_neutral_front,0.16356779626792226
0.34721407294273376,0.35642990469932556,0.22374612092971802,0.2341502457857132,0.14364032447338104,0.1547430455684662,0.11268539726734161,0.1236758902668953,0.10234355181455612,0.12072992324829102,0.06236027926206589,0.0848212018609047,0.07107343524694443,0.09703142195940018,0.07261286675930023,0.1007852628827095,0.0733189508318901,0.10340233892202377,0.07907139509916306,0.1101071834564209,0.08467292785644531,0.11819884926080704,0.09206978231668472,0.1288783699274063,0.09670960903167725,0.13372774422168732,0.09318315982818604,0.1306200623512268,0.09156714379787445,0.1276044249534607,0.10525456815958023,0.13946056365966797,0.0959821566939354,0.13443750143051147,0.09580037742853165,0.13360445201396942,0.08860984444618225,0.12370553612709045,0.0966125875711441,0.1343265026807785,0.11579032242298126,0.16795998811721802,0.12331828474998474,0.1848183572292328,0.13611195981502533,0.2025110274553299,0.14224936068058014,0.218195840716362,0.147735595703125,0.23019763827323914,0.1420397162437439,0.22364328801631927,0.1480087786912918,0.23220863938331604,0.1461816281080246,0.2281818687915802,0.14110316336154938,0.21412107348442078,0.15381884574890137,0.23009324073791504,0.1574162095785141,0.22249534726142883,0.9850698709487915,0.12201635539531708,0.03111000917851925,p034_neutral_left,0.1763802970246939
0.3447304666042328,0.3529770076274872,0.21868056058883667,0.2278308868408203,0.13876232504844666,0.1493913233280182,0.10686024278402328,0.11855845153331757,0.08242116123437881,0.10095272213220596,0.05811585858464241,0.08360716700553894,0.06772510707378387,0.09712418913841248,0.06949478387832642,0.10071925818920135,0.07006794959306717,0.10197687149047852,0.07394789159297943,0.1089991107583046,0.08299438655376434,0.12084484845399857,0.09176423400640488,0.13158002495765686,0.09669596701860428,0.13645261526107788,0.09102947264909744,0.12880462408065796,0.08965076506137848,0.12633317708969116,0.09370125830173492,0.12851276993751526,0.09478845447301865,0.13496126234531403,0.0948580801486969,0.13303875923156738,0.0916021317243576,0.12952794134616852,0.09519689530134201,0.13503636419773102,0.11241725087165833,0.16393253207206726,0.12420887500047684,0.18666084110736847,0.1354181468486786,0.20567189157009125,0.14163531363010406,0.2190287709236145,0.14563947916030884,0.22735247015953064,0.14858229458332062,0.2318895012140274,0.1520051211118698,0.23714333772659302,0.14925719797611237,0.22369031608104706,0.1534596085548401,0.22660143673419952,0.16024550795555115,0.22900284826755524,0.16485846042633057,0.22709152102470398,0.9936652779579163,0.12070272117853165,0.03105684369802475,p034_neutral_right,0.1762295199392677
0.33951041102409363,0.3475145995616913,0.21519801020622253,0.22413136065006256,0.13710825145244598,0.1473885029554367,0.10566326975822449,0.11639903485774994,0.08570864051580429,0.10491223633289337,0.05556292086839676,0.08055359870195389,0.06432686001062393,0.09309779852628708,0.06566227227449417,0.09633250534534454,0.06604757905006409,0.09749823808670044,0.06957364082336426,0.10370983183383942,0.07591944187879562,0.11155016720294952,0.08271333575248718,0.11925190687179565,0.08626967668533325,0.1220368966460228,0.08049562573432922,0.1154162809252739,0.07836639136075974,0.11255566775798798,0.08674199879169464,0.12271533161401749,0.08252420276403427,0.12064006924629211,0.08276363462209702,0.11967526376247406,0.07680900394916534,0.11213842034339905,0.08068426698446274,0.1172112300992012,0.09763021022081375,0.14646439254283905,0.10853946954011917,0.16906799376010895,0.11892174184322357,0.1859074980020523,0.1247517466545105,0.2000061571598053,0.12822556495666504,0.2084863781929016,0.12846346199512482,0.21055544912815094,0.1304405778646469,0.21340695023536682,0.1321154683828354,0.20980530977249146,0.12837332487106323,0.19827374815940857,0.1437211036682129,0.2147921323776245,0.14440025389194489,0.20455420017242432,0.9943960905075073,0.10979258269071579,0.02676863595843315,p034_smile_front,0.16361123420606896
0.34124356508255005,0.35025984048843384,0.21892668306827545,0.22906620800495148,0.14045101404190063,0.1516454666852951,0.11069139838218689,0.12205493450164795,0.10211808979511261,0.12066864967346191,0.06261297315359116,0.0867539793252945,0.07190907746553421,0.09986524283885956,0.07460186630487442,0.10508383065462112,0.0765702947974205,0.10915599763393402,0.08153080195188522,0.11595837026834488,0.08732812106609344,0.12357692420482635,0.09485892951488495,0.13364844024181366,0.09938403964042664,0.13812953233718872,0.09670928120613098,0.13543686270713806,0.09543697535991669,0.1324751079082489,0.10654895752668381,0.14420479536056519,0.10075012594461441,0.14093272387981415,0.10069126635789871,0.14012539386749268,0.0931336060166359,0.1288515031337738,0.10049626976251602,0.13956435024738312,0.1202610582113266,0.17412422597408295,0.127798393368721,0.19010388851165771,0.13947714865207672,0.20724882185459137,0.14548686146736145,0.22131186723709106,0.15057536959648132,0.23183326423168182,0.14415737986564636,0.22388075292110443,0.14969725906848907,0.23160181939601898,0.14860840141773224,0.2282915562391281,0.1427360475063324,0.21239197254180908,0.15691126883029938,0.23038898408412933,0.16108445823192596,0.22340629994869232,0.9582840204238892,0.12396905571222305,0.03169446811079979,p034_smile_left,0.1780294023772472
0.3497076630592346,0.359733909368515,0.22339071333408356,0.23499828577041626,0.1442471146583557,0.15767033398151398,0.1128811165690422,0.12674444913864136,0.08635243773460388,0.10555566102266312,0.06068642809987068,0.08743875473737717,0.0693758949637413,0.09909281879663467,0.07049059867858887,0.10211656242609024,0.07047665119171143,0.10283135622739792,0.07291343063116074,0.10769551992416382,0.08141149580478668,0.11838234215974808,0.09004101157188416,0.12859541177749634,0.09465079754590988,0.13291539251804352,0.0886802226305008,0.12467096000909805,0.08672063052654266,0.12152283638715744,0.08799219876527786,0.12098729610443115,0.0915108397603035,0.12935404479503632,0.09185153245925903,0.12837202847003937,0.08810566365718842,0.12457714974880219,0.09131662547588348,0.12936194241046906,0.10958673059940338,0.15874415636062622,0.12165983021259308,0.18103855848312378,0.13161087036132812,0.19824475049972534,0.13760113716125488,0.21081730723381042,0.14086808264255524,0.21823427081108093,0.1431204080581665,0.22165605425834656,0.14592914283275604,0.2257303148508072,0.14312748610973358,0.21214227378368378,0.1469937562942505,0.21451255679130554,0.15350006520748138,0.216327965259552,0.15827316045761108,0.2147819548845291,0.989523708820343,0.1189003512263298,0.029673991724848747,p034_smile_right,0.17226140520978211
0.3356530964374542,0.3434503972530365,0.2096521407365799,0.21624675393104553,0.13374528288841248,0.14074091613292694,0.10363695025444031,0.10974761843681335,0.08089189231395721,0.09174808114767075,0.046033021062612534,0.06057531759142876,0.05200014263391495,0.06911954283714294,0.051708489656448364,0.07061619311571121,0.04999556764960289,0.07013067603111267,0.05175704509019852,0.07360471040010452,0.056893374770879745,0.08018458634614944,0.06272342056035995,0.08705641329288483,0.06579805165529251,0.08931302279233932,0.05943579226732254,0.08206789195537567,0.057121727615594864,0.07866192609071732,0.06388406455516815,0.08574997633695602,0.058430545032024384,0.08369364589452744,0.06001593545079231,0.08511227369308472,0.05478047579526901,0.07843229174613953,0.05874210596084595,0.0847051590681076,0.07322408258914948,0.11299142241477966,0.08087113499641418,0.1326645016670227,0.08920802175998688,0.14906790852546692,0.0935070589184761,0.162882998585701,0.09617602080106735,0.17155686020851135,0.0965162143111229,0.17384745180606842,0.09948138892650604,0.17840290069580078,0.10490657389163971,0.17708510160446167,0.10641384869813919,0.17054489254951477,0.12222491204738617,0.18682874739170074,0.12753361463546753,0.18100197613239288,0.9942165017127991,0.09042621403932571,0.019281700253486633,p035_neutral_front,0.13885856204601368
0.3384416997432709,0.34682896733283997,0.21489988267421722,0.22250322997570038,0.1396060287952423,0.14791689813137054,0.11119960248470306,0.11908058822154999,0.09668312221765518,0.11089236289262772,0.057415615767240524,0.0732669085264206,0.06452221423387527,0.08315762877464294,0.06544937193393707,0.08646278828382492,0.06521900743246078,0.08852600306272507,0.06959696114063263,0.09378725290298462,0.07390498369932175,0.10083149373531342,0.07978848367929459,0.10966389626264572,0.08365993946790695,0.11340014636516571,0.08076076954603195,0.10910964012145996,0.07925491034984589,0.10600339621305466,0.08792593330144882,0.11563509702682495,0.08270261436700821,0.11219585686922073,0.08346949517726898,0.11298466473817825,0.07715978473424911,0.10397926717996597,0.08379091322422028,0.11411701142787933,0.1032218188047409,0.14753055572509766,0.11146488785743713,0.1651555448770523,0.12091946601867676,0.18157245218753815,0.1268925666809082,0.1960972100496292,0.1311688870191574,0.20629066228866577,0.12612666189670563,0.20130424201488495,0.13028313219547272,0.20724619925022125,0.13157251477241516,0.20564992725849152,0.12851478159427643,0.19126589596271515,0.1433195024728775,0.20981553196907043,0.14996780455112457,0.2028673142194748,0.9516744613647461,0.11093851923942566,0.02536161243915558,p035_neutral_left,0.15925329647814382
0.34074899554252625,0.3483002483844757,0.21388661861419678,0.22034113109111786,0.13767777383327484,0.1449425369501114,0.10731490701436996,0.11461320519447327,0.07987015694379807,0.09148205816745758,0.04937712103128433,0.06626743078231812,0.05550109222531319,0.07552031427621841,0.055470142513513565,0.07714998722076416,0.05433746054768562,0.07665400952100754,0.05593932792544365,0.0811585858464241,0.06279174238443375,0.0902574211359024,0.0700199082493782,0.09876300394535065,0.0735362246632576,0.10156207531690598,0.06644532829523087,0.09235938638448715,0.06422240287065506,0.08903948962688446,0.06654661893844604,0.09051772952079773,0.06578673422336578,0.09335684776306152,0.06664453446865082,0.09314079582691193,0.06313467025756836,0.09009737521409988,0.06647379696369171,0.0952083021402359,0.0820978432893753,0.12157180160284042,0.09245062619447708,0.1427897810935974,0.1029217541217804,0.16278214752674103,0.10858629643917084,0.17640873789787292,0.11229387670755386,0.18556652963161469,0.11513755470514297,0.19142453372478485,0.11905259639024734,0.19800972938537598,0.11930610239505768,0.18836987018585205,0.12617617845535278,0.1939573585987091,0.13476015627384186,0.19873617589473724,0.1421198844909668,0.19932003319263458,0.9941699504852295,0.09906580299139023,0.022085584700107574,p035_neutral_right,0.14861219566410952
0.3352451026439667,0.34285151958465576,0.20942147076129913,0.21555006504058838,0.1339026540517807,0.1405968964099884,0.10406580567359924,0.1098506972193718,0.08249174803495407,0.09323317557573318,0.04654610529541969,0.06028641760349274,0.052457816898822784,0.06887120753526688,0.052217476069927216,0.07045356184244156,0.05070815235376358,0.07043979316949844,0.05262896046042442,0.07435332983732224,0.05746607109904289,0.08055472373962402,0.06315053254365921,0.08714564889669418,0.06636890769004822,0.08963671326637268,0.060607220977544785,0.0831165537238121,0.058566514402627945,0.08019132912158966,0.06539329886436462,0.0887872651219368,0.06001473218202591,0.08540326356887817,0.06138843297958374,0.08661467581987381,0.05592055991292,0.07959390431642532,0.05990119278430939,0.08592655509710312,0.07463827729225159,0.11382497102022171,0.08261042833328247,0.13322220742702484,0.09083516150712967,0.1493043154478073,0.09458701312541962,0.16157382726669312,0.09661992639303207,0.16902883350849152,0.09651028364896774,0.17014318704605103,0.09898921847343445,0.17337462306022644,0.1049865335226059,0.17256638407707214,0.10575889050960541,0.16397248208522797,0.12208976596593857,0.18084804713726044,0.12777861952781677,0.17508850991725922,0.9932395219802856,0.09109978377819061,0.018946273252367973,p035_smile_front,0.13764546215683238
0.3385438919067383,0.3471634089946747,0.21493293344974518,0.22302190959453583,0.13981594145298004,0.14894571900367737,0.11186213791370392,0.1208658218383789,0.1007775142788887,0.11650078743696213,0.05986151844263077,0.07711293548345566,0.06734707951545715,0.08740431070327759,0.06879214942455292,0.09113011509180069,0.06929495185613632,0.09414921700954437,0.07497277110815048,0.10042200982570648,0.078956738114357,0.10674414038658142,0.0845944881439209,0.11536683887243271,0.08874873071908951,0.1193990483880043,0.0866028442978859,0.11610960960388184,0.08568904548883438,0.1133011132478714,0.09810632467269897,0.1264677345752716,0.08953317254781723,0.11958426237106323,0.08953965455293655,0.11965887993574142,0.08310578018426895,0.10968618839979172,0.09096767008304596,0.12179076671600342,0.11021988093852997,0.1558455377817154,0.11785224825143814,0.1715228110551834,0.12883566319942474,0.18960410356521606,0.13350045680999756,0.20240481197834015,0.13724668323993683,0.21215535700321198,0.1305251568555832,0.2032437026500702,0.1349862664937973,0.21067334711551666,0.13538719713687897,0.2081017941236496,0.13217972218990326,0.1927710324525833,0.1467984914779663,0.21083441376686096,0.15497127175331116,0.20569851994514465,0.9382646679878235,0.11563625931739807,0.026680465787649155,p035_smile_left,0.1633415617277157
0.34261423349380493,0.34996622800827026,0.2160758525133133,0.22208306193351746,0.13999517261981964,0.14709603786468506,0.10994090139865875,0.11733479797840118,0.08231455832719803,0.09402870386838913,0.05144328624010086,0.06861189007759094,0.05730924755334854,0.07771662622690201,0.05749516189098358,0.07974987477064133,0.056711405515670776,0.07994654774665833,0.05818736180663109,0.08455643057823181,0.06490668654441833,0.0934591218829155,0.07207803428173065,0.10200325399637222,0.07582588493824005,0.10535367578268051,0.0693955272436142,0.09711799025535583,0.06740871071815491,0.09429260343313217,0.06929714977741241,0.09536164253950119,0.06898518651723862,0.09870965033769608,0.06975705176591873,0.09860198199748993,0.06644543260335922,0.09580981731414795,0.06964321434497833,0.10078415274620056,0.08484267443418503,0.12633535265922546,0.09482277929782867,0.14655177295207977,0.1047968938946724,0.16589029133319855,0.1098017543554306,0.1777161955833435,0.11296181380748749,0.18583571910858154,0.11575551331043243,0.19099485874176025,0.11948235332965851,0.19706152379512787,0.11955081671476364,0.1864902377128601,0.12686853110790253,0.19315911829471588,0.13437414169311523,0.19598720967769623,0.1425531804561615,0.19849729537963867,0.9943722486495972,0.10103446245193481,0.022598274052143097,p035_smile_right,0.15032722325694403
0.334876149892807,0.3421538472175598,0.2078792303800583,0.2137296050786972,0.1316746175289154,0.1378679871559143,0.10124418884515762,0.1064775139093399,0.07680431008338928,0.08676827698945999,0.04630996659398079,0.060834549367427826,0.053899966180324554,0.07124654948711395,0.0539885014295578,0.07291500270366669,0.05224914848804474,0.07189805060625076,0.05377334728837013,0.07567005604505539,0.05985710769891739,0.08284740895032883,0.06586109101772308,0.088976189494133,0.06785450130701065,0.08969006687402725,0.05987823009490967,0.08079362660646439,0.056631870567798615,0.07698199152946472,0.06201319023966789,0.08342098444700241,0.05809491500258446,0.08175227791070938,0.06014695018529892,0.08318538963794708,0.05548163875937462,0.0781329944729805,0.0597589835524559,0.08422182500362396,0.0757397785782814,0.1110866367816925,0.0852622464299202,0.13132624328136444,0.09536690264940262,0.14935146272182465,0.1011548563838005,0.16350536048412323,0.10497335344552994,0.17258915305137634,0.10655923932790756,0.17601490020751953,0.11035003513097763,0.18155333399772644,0.11469010263681412,0.17857177555561066,0.11502199620008469,0.17284108698368073,0.130570188164711,0.1873513162136078,0.13210594654083252,0.17842677235603333,0.9914550185203552,0.0932367742061615,0.019229542464017868,p036_neutral_front,0.13867062581533937
0.334563285112381,0.3434180021286011,0.2100399285554886,0.2185203731060028,0.13446655869483948,0.1440502554178238,0.10621270537376404,0.11594507843255997,0.0948880985379219,0.11144619435071945,0.059768471866846085,0.0773036852478981,0.0687236413359642,0.08915368467569351,0.07066712528467178,0.09392932057380676,0.07094858586788177,0.09743271768093109,0.076336570084095,0.10390224307775497,0.08058135956525803,0.11034434288740158,0.08645311743021011,0.11860945075750351,0.08952382951974869,0.1213548555970192,0.08613289147615433,0.11762909591197968,0.08429863303899765,0.11453497409820557,0.09414001554250717,0.1272854059934616,0.08797569572925568,0.1213635578751564,0.08850207924842834,0.12131498008966446,0.08155227452516556,0.11138154566287994,0.08975773304700851,0.12455057352781296,0.11071464419364929,0.15825019776821136,0.11887345463037491,0.17251551151275635,0.13046452403068542,0.19194990396499634,0.13675515353679657,0.20512379705905914,0.14212201535701752,0.2160743623971939,0.1366318315267563,0.20744100213050842,0.14292365312576294,0.21755963563919067,0.14462287724018097,0.21511369943618774,0.14100438356399536,0.20064543187618256,0.1560305804014206,0.21887540817260742,0.16067753732204437,0.21223293244838715,0.9730156064033508,0.11666285246610641,0.02733509987592697,p036_neutral_left,0.16533329935595845
0.337088406085968,0.3445113003253937,0.20947609841823578,0.2156127244234085,0.1339801847934723,0.14119040966033936,0.10402020812034607,0.1113499253988266,0.07586176693439484,0.08809713274240494,0.04937087371945381,0.06809724867343903,0.05705341324210167,0.07944927364587784,0.05819632485508919,0.08281867951154709,0.05793250724673271,0.08340013772249222,0.059775058180093765,0.0884430855512619,0.0673895925283432,0.0985991507768631,0.07472097128629684,0.10734708607196808,0.0781177282333374,0.10992079973220825,0.0723610445857048,0.10174736380577087,0.07068824023008347,0.09907856583595276,0.07177651673555374,0.09957831352949142,0.0735183134675026,0.1055670753121376,0.07451209425926208,0.1052449494600296,0.07101409137248993,0.10214243829250336,0.07452593743801117,0.10802408307790756,0.09026354551315308,0.13523073494434357,0.10061261802911758,0.15635506808757782,0.10971186310052872,0.17402896285057068,0.11527877300977707,0.18675725162029266,0.1185443103313446,0.1950225532054901,0.12114963680505753,0.19943095743656158,0.1245625838637352,0.20494011044502258,0.1254172921180725,0.19446296989917755,0.13106952607631683,0.19845597445964813,0.14012101292610168,0.20223060250282288,0.14622047543525696,0.20205068588256836,0.9938791394233704,0.10305396467447281,0.023647494614124298,p036_neutral_right,0.1537774190644527
0.3368005156517029,0.34428513050079346,0.20937830209732056,0.21566669642925262,0.13278497755527496,0.13951610028743744,0.1021512821316719,0.10805036127567291,0.07687514275312424,0.08757747709751129,0.04680093377828598,0.062473274767398834,0.054175328463315964,0.07279736548662186,0.0544118657708168,0.07510381937026978,0.05283573269844055,0.07494104653596878,0.05381224676966667,0.07779033482074738,0.059950459748506546,0.08502548933029175,0.06646142154932022,0.09196043014526367,0.06883947551250458,0.09300917387008667,0.06177438050508499,0.08553848415613174,0.05853878706693649,0.08167118579149246,0.06151105463504791,0.08514013886451721,0.06017264723777771,0.08721241354942322,0.06227967515587807,0.08886373788118362,0.056497879326343536,0.08203329145908356,0.06056957691907883,0.08805173635482788,0.07777530699968338,0.11739730834960938,0.0869898796081543,0.13680307567119598,0.09560218453407288,0.15230588614940643,0.1022849977016449,0.16766701638698578,0.10661140829324722,0.17752763628959656,0.10726779699325562,0.17911197245121002,0.1111830472946167,0.1846189945936203,0.1165170669555664,0.18396785855293274,0.11501584947109222,0.17408625781536102,0.13204185664653778,0.19229945540428162,0.13281767070293427,0.18211209774017334,0.9945727586746216,0.09422196447849274,0.020069317892193794,p036_smile_front,0.14166622001096024
0.3366408944129944,0.345489501953125,0.21123471856117249,0.21973998844623566,0.13494180142879486,0.14464034140110016,0.1062510758638382,0.11610174179077148,0.09338444471359253,0.11026224493980408,0.059943787753582,0.07741677761077881,0.06908024102449417,0.08955245465040207,0.07128266245126724,0.09442555159330368,0.07241524755954742,0.09836938977241516,0.07746264338493347,0.10486437380313873,0.08228076249361038,0.11188703775405884,0.08882035315036774,0.12073595076799393,0.0921945869922638,0.12388672679662704,0.08912895619869232,0.12041264772415161,0.08738838136196136,0.11739393323659897,0.09576527774333954,0.1290305107831955,0.09125402569770813,0.12435975670814514,0.09174758940935135,0.12436491250991821,0.08488254994153976,0.1145973727107048,0.09313865751028061,0.12772516906261444,0.11439123749732971,0.16200780868530273,0.12277944386005402,0.17689025402069092,0.13428758084774017,0.19622905552387238,0.14092224836349487,0.20995427668094635,0.14664551615715027,0.22135619819164276,0.1410825550556183,0.2128569781780243,0.1474708914756775,0.22293852269649506,0.1488446593284607,0.2204873263835907,0.1450880914926529,0.20556600391864777,0.15930385887622833,0.22353659570217133,0.16383616626262665,0.21670660376548767,0.9348741173744202,0.11916260421276093,0.028315141797065735,p036_smile_left,0.16827103671477672
0.3374960720539093,0.3447774648666382,0.20990493893623352,0.21572336554527283,0.13519522547721863,0.14188049733638763,0.10519182682037354,0.11178827285766602,0.07660501450300217,0.08762818574905396,0.049143701791763306,0.06667731702327728,0.05640680715441704,0.07747814804315567,0.05706606060266495,0.08038194477558136,0.05651479959487915,0.08075325936079025,0.057690899819135666,0.08495146781206131,0.06516937911510468,0.09468089044094086,0.07236313819885254,0.10316995531320572,0.07563214004039764,0.10560391843318939,0.0698077380657196,0.09737777709960938,0.06809244304895401,0.09457113593816757,0.06852870434522629,0.09442409127950668,0.0706600472331047,0.1006392240524292,0.07177432626485825,0.10062838345766068,0.06824888288974762,0.09742366522550583,0.07148376107215881,0.10302147269248962,0.08708460628986359,0.12977062165737152,0.09714355319738388,0.1503719687461853,0.10561688989400864,0.16707009077072144,0.11097980290651321,0.17940911650657654,0.11385288089513779,0.18735399842262268,0.11609946936368942,0.19157104194164276,0.11932571977376938,0.19670099020004272,0.12042075395584106,0.1868770569562912,0.12594828009605408,0.19015288352966309,0.1352495402097702,0.19451525807380676,0.14157502353191376,0.19410410523414612,0.9947992563247681,0.10053414106369019,0.022334100678563118,p036_smile_right,0.14944597913146784
0.33592480421066284,0.3431306481361389,0.20855610072612762,0.21436838805675507,0.1334129422903061,0.14004676043987274,0.10472089797258377,0.11083811521530151,0.08556726574897766,0.0986112505197525,0.05091174691915512,0.06678461283445358,0.057881999760866165,0.07661239057779312,0.05809362232685089,0.07892152667045593,0.05734702944755554,0.07946933805942535,0.060925573110580444,0.0853399708867073,0.06591693311929703,0.09228648245334625,0.07191038131713867,0.09975509345531464,0.07650454342365265,0.10445049405097961,0.07454627752304077,0.1020733043551445,0.07538251578807831,0.10321681201457977,0.08343085646629333,0.11583983153104782,0.07967910170555115,0.1115712895989418,0.08128619194030762,0.11307765543460846,0.07794731110334396,0.10959090292453766,0.08106066286563873,0.11443613469600677,0.09298398345708847,0.13517093658447266,0.0999448150396347,0.14970646798610687,0.1077074185013771,0.16387121379375458,0.1129000186920166,0.17557252943515778,0.11647737771272659,0.1833105981349945,0.11695584654808044,0.1845007836818695,0.11974532902240753,0.1885872483253479,0.12442902475595474,0.18720883131027222,0.12264493107795715,0.17866456508636475,0.140208438038826,0.19706813991069794,0.14321085810661316,0.19089460372924805,0.9924131035804749,0.10382205992937088,0.02239077538251877,p037_neutral_front,0.14963547501351
0.34038835763931274,0.34871840476989746,0.21602442860603333,0.2238454818725586,0.14030122756958008,0.14911720156669617,0.11318556219339371,0.12198114395141602,0.10498392581939697,0.12064287066459656,0.06307264417409897,0.0821223258972168,0.07133176177740097,0.09325939416885376,0.07279851287603378,0.09710472822189331,0.0738033577799797,0.10101069509983063,0.07942484319210052,0.10725727677345276,0.08413384854793549,0.11415287852287292,0.09155059605836868,0.12435324490070343,0.09713996946811676,0.13017812371253967,0.09738821536302567,0.13122126460075378,0.09862062335014343,0.1320946365594864,0.10950293391942978,0.14534308016300201,0.10414937138557434,0.14090928435325623,0.10510554909706116,0.1419641226530075,0.09915332496166229,0.13343670964241028,0.10612611472606659,0.1447833925485611,0.12268108129501343,0.1719655841588974,0.12729041278362274,0.17987218499183655,0.13813215494155884,0.1968892514705658,0.14459843933582306,0.20994193851947784,0.15060016512870789,0.22159093618392944,0.14412695169448853,0.21199451386928558,0.15107914805412292,0.22418290376663208,0.15044701099395752,0.2213621884584427,0.1472606062889099,0.21037603914737701,0.16278599202632904,0.22956153750419617,0.1695220023393631,0.22753240168094635,0.9803651571273804,0.12506039440631866,0.03022746928036213,p037_neutral_left,0.17386048797919018
0.3404979109764099,0.34789517521858215,0.21157139539718628,0.21815960109233856,0.13384757936000824,0.14165851473808289,0.10301600396633148,0.11152355372905731,0.07716957479715347,0.09159279614686966,0.04866477847099304,0.07029160857200623,0.056693993508815765,0.08144481480121613,0.057684801518917084,0.08375991135835648,0.05813146010041237,0.08442753553390503,0.06189170107245445,0.09063015878200531,0.06981702148914337,0.10105796158313751,0.07780024409294128,0.11055254191160202,0.08261142671108246,0.11529822647571564,0.07837840914726257,0.10986886918544769,0.0787675678730011,0.11021929979324341,0.08340226858854294,0.11497724801301956,0.0827588140964508,0.11762649565935135,0.08385863900184631,0.11755967140197754,0.08299709111452103,0.11880321055650711,0.08516875654459,0.1221131905913353,0.09662340581417084,0.14019767940044403,0.10539785772562027,0.1563250869512558,0.11704359948635101,0.17540296912193298,0.12348300963640213,0.1878385841846466,0.12848664820194244,0.19705535471439362,0.13270939886569977,0.20313724875450134,0.13749292492866516,0.21115979552268982,0.136491596698761,0.19998222589492798,0.1436220109462738,0.20816989243030548,0.1517876535654068,0.21217595040798187,0.15727467834949493,0.2137404829263687,0.991040825843811,0.1092190071940422,0.02526162378489971,p037_neutral_right,0.15893905682650727
0.33495932817459106,0.3420809507369995,0.20754683017730713,0.21329498291015625,0.13262178003787994,0.13925765454769135,0.10376254469156265,0.10997122526168823,0.08341766148805618,0.09645090997219086,0.04950748383998871,0.06557813286781311,0.056307949125766754,0.07527859508991241,0.05646023526787758,0.07662463933229446,0.05567358806729317,0.07684969156980515,0.05926508828997612,0.08269882947206497,0.06430184841156006,0.08914738148450851,0.0699879601597786,0.09589185565710068,0.07399311661720276,0.0997125506401062,0.07055852562189102,0.0961468443274498,0.07098084688186646,0.09709054976701736,0.08067221194505692,0.11088050156831741,0.0748571902513504,0.10482273995876312,0.07613949477672577,0.10553251951932907,0.07316728681325912,0.10302617400884628,0.07626555114984512,0.1074165627360344,0.0874302014708519,0.12594254314899445,0.09470445662736893,0.1409153789281845,0.10381580144166946,0.1565133035182953,0.10815393179655075,0.16735178232192993,0.11118681728839874,0.17457978427410126,0.11249685287475586,0.1775302141904831,0.11520896106958389,0.18166238069534302,0.11902109533548355,0.17891600728034973,0.11930149793624878,0.17367039620876312,0.13504409790039062,0.18901214003562927,0.13900120556354523,0.18401813507080078,0.9919551014900208,0.10052032768726349,0.02095920220017433,p037_smile_front,0.14477293324435453
0.34152206778526306,0.34983107447624207,0.2169664204120636,0.22477921843528748,0.14087969064712524,0.14984291791915894,0.11337856948375702,0.12241466343402863,0.10522185266017914,0.1216045692563057,0.06388898938894272,0.08317740261554718,0.07254747301340103,0.09469132125377655,0.07446352392435074,0.0987398698925972,0.07601793855428696,0.10273882001638412,0.0818803533911705,0.10933509469032288,0.08681364357471466,0.1163080707192421,0.0942254438996315,0.12650935351848602,0.09983745217323303,0.13236413896083832,0.10024452209472656,0.13338668644428253,0.10146432369947433,0.13414397835731506,0.11253830790519714,0.14742696285247803,0.10702735930681229,0.14280615746974945,0.10769333690404892,0.14360761642456055,0.10173243284225464,0.13505171239376068,0.1087835356593132,0.14626695215702057,0.1254851222038269,0.17338882386684418,0.1304844170808792,0.1816948801279068,0.1416684091091156,0.19896085560321808,0.14811289310455322,0.21188904345035553,0.15409253537654877,0.2233731746673584,0.14728644490242004,0.21338056027889252,0.15425358712673187,0.225363627076149,0.15309132635593414,0.22179290652275085,0.14976154267787933,0.21090097725391388,0.16486094892024994,0.22936193645000458,0.17201478779315948,0.22800572216510773,0.9684877395629883,0.12736818194389343,0.030670441687107086,p037_smile_left,0.17512978526540562
0.34201836585998535,0.34924665093421936,0.21318776905536652,0.21936260163784027,0.1352841556072235,0.14258095622062683,0.10456349700689316,0.11229821294546127,0.07848501205444336,0.09158987551927567,0.048777081072330475,0.06914889812469482,0.05644248425960541,0.07955429702997208,0.05693536624312401,0.08153381943702698,0.05667370557785034,0.08141522854566574,0.0599488765001297,0.08719013631343842,0.06751428544521332,0.09671419858932495,0.0751340389251709,0.10563842207193375,0.07949473708868027,0.10985338687896729,0.07470433413982391,0.10366519540548325,0.07473144680261612,0.10373055189847946,0.0794082060456276,0.1089664101600647,0.07868197560310364,0.11083769053220749,0.07986113429069519,0.11099430173635483,0.07874330878257751,0.111600361764431,0.08098359405994415,0.11494304984807968,0.09298168122768402,0.13343246281147003,0.10199759900569916,0.14972138404846191,0.1136551946401596,0.1690470576286316,0.12005975097417831,0.18133589625358582,0.12497300654649734,0.19045600295066833,0.12918169796466827,0.1966027021408081,0.13390210270881653,0.20469076931476593,0.13290245831012726,0.1936730295419693,0.13977676630020142,0.20132671296596527,0.1478680968284607,0.20534005761146545,0.15294384956359863,0.20621368288993835,0.9922829270362854,0.10684813559055328,0.023928621783852577,p037_smile_right,0.15468879010404268
0.33277660608291626,0.3398488163948059,0.20761962234973907,0.21248146891593933,0.13717828691005707,0.14260464906692505,0.11015001684427261,0.11473894864320755,0.08666911721229553,0.09631341695785522,0.04896344989538193,0.05964862182736397,0.05211535096168518,0.06430213153362274,0.049767326563596725,0.06299249082803726,0.04614881053566933,0.0601317472755909,0.046002306044101715,0.06249137595295906,0.04892057552933693,0.06550884991884232,0.052807342261075974,0.06921233981847763,0.05557354539632797,0.0716233029961586,0.0508391447365284,0.06750776618719101,0.051385778933763504,0.06864353269338608,0.06169931963086128,0.08299107104539871,0.053169090300798416,0.07383491843938828,0.055045973509550095,0.07566463947296143,0.05271654576063156,0.07386104017496109,0.055511001497507095,0.07723941653966904,0.06156764179468155,0.08893534541130066,0.06413046270608902,0.09737549722194672,0.07070593535900116,0.10802410542964935,0.07155623286962509,0.11549519747495651,0.07198218256235123,0.12129751592874527,0.07191276550292969,0.12385620921850204,0.07487042248249054,0.12860114872455597,0.07949157059192657,0.12824824452400208,0.08246931433677673,0.1254231333732605,0.09731937199831009,0.13995781540870667,0.1045350655913353,0.13923139870166779,0.9966318607330322,0.08083143085241318,0.014062284491956234,p038_neutral_front,0.11858450359113637
0.3302627503871918,0.33780816197395325,0.20774751901626587,0.21300289034843445,0.13798552751541138,0.14419077336788177,0.11272674798965454,0.11836949735879898,0.10169503837823868,0.11613764613866806,0.054913703352212906,0.066529780626297,0.059593331068754196,0.07234388589859009,0.05754018947482109,0.07102177292108536,0.0541473813354969,0.06828147172927856,0.0585947148501873,0.07505617290735245,0.05988943576812744,0.07604484260082245,0.06170569360256195,0.07798690348863602,0.0642821192741394,0.08044948428869247,0.059319283813238144,0.07682456821203232,0.060240499675273895,0.07820232212543488,0.08286792784929276,0.1068040207028389,0.06233370304107666,0.0831819474697113,0.06271491199731827,0.08364804089069366,0.0595683790743351,0.08003536611795425,0.06502162665128708,0.0868544802069664,0.07083075493574142,0.09922556579113007,0.07163730263710022,0.10468129068613052,0.08126064389944077,0.11727473139762878,0.08027588576078415,0.12333058565855026,0.0805889219045639,0.12965412437915802,0.07705070078372955,0.12663023173809052,0.08055803924798965,0.13294009864330292,0.08143673092126846,0.13314418494701385,0.08173412084579468,0.12430895864963531,0.09527454525232315,0.14081546664237976,0.10479293018579483,0.1385623812675476,0.988319993019104,0.0877012088894844,0.01532343402504921,p038_neutral_left,0.12378785895656007
0.33231261372566223,0.3393290042877197,0.20571254193782806,0.21022929251194,0.135168194770813,0.14024226367473602,0.10788746923208237,0.11199658364057541,0.07976182550191879,0.08613273501396179,0.045879632234573364,0.05708435922861099,0.0492047443985939,0.0628289133310318,0.04727427661418915,0.06243054196238518,0.04467674717307091,0.06083957850933075,0.04387253522872925,0.06233283877372742,0.04861029237508774,0.06853926926851273,0.05400712788105011,0.07481636852025986,0.05757374316453934,0.07836034893989563,0.053784023970365524,0.07470132410526276,0.05452561751008034,0.07601857930421829,0.058844588696956635,0.08047780394554138,0.056760333478450775,0.08240947127342224,0.05868801474571228,0.08395226299762726,0.05719621106982231,0.08419975638389587,0.05903913080692291,0.0872000977396965,0.06549066305160522,0.10016362369060516,0.06917332857847214,0.11094980686903,0.07529609650373459,0.12296909838914871,0.07754848897457123,0.13163481652736664,0.07886175811290741,0.13833503425121307,0.08017058670520782,0.14290016889572144,0.08331870287656784,0.14890393614768982,0.08548874408006668,0.14242014288902283,0.09202685952186584,0.1474626362323761,0.10208691656589508,0.15233443677425385,0.11132974922657013,0.15585201978683472,0.99479740858078,0.08296376466751099,0.01570616476237774,p038_neutral_right,0.12532423852702135
0.3325735628604889,0.3396463692188263,0.2076074182987213,0.21243181824684143,0.13713867962360382,0.14258301258087158,0.11007603257894516,0.1147814616560936,0.0875873863697052,0.09793204069137573,0.04901992902159691,0.059746257960796356,0.05218129977583885,0.0644497349858284,0.04976878687739372,0.0630856305360794,0.04629632458090782,0.06035984307527542,0.04668679088354111,0.06330005079507828,0.04948759824037552,0.06613005697727203,0.053212426602840424,0.06961820274591446,0.05604056268930435,0.07212881743907928,0.051336828619241714,0.06801329553127289,0.05181523412466049,0.06901001930236816,0.06318534910678864,0.08510315418243408,0.05374365672469139,0.0744001492857933,0.0552806593477726,0.07581808418035507,0.05256355553865433,0.07321011275053024,0.05576500669121742,0.0771150290966034,0.06239659711718559,0.08978591859340668,0.06518858671188354,0.09856872260570526,0.07212121039628983,0.10946578532457352,0.0727967843413353,0.11670126020908356,0.07321156561374664,0.12244947254657745,0.07301335781812668,0.12449593096971512,0.07597652822732925,0.12892386317253113,0.0807989239692688,0.12864890694618225,0.08340946584939957,0.12461534142494202,0.09854746609926224,0.1394488662481308,0.10599511116743088,0.13834793865680695,0.9964594841003418,0.08145171403884888,0.014127575792372227,p038_smile_front,0.11885947918602129
0.33267658948898315,0.3399773836135864,0.2089954912662506,0.21390379965305328,0.1389225423336029,0.14471535384655,0.11280853301286697,0.11806955933570862,0.09847498685121536,0.11248825490474701,0.05330197885632515,0.06450363248586655,0.05756192281842232,0.07003002613782883,0.05553605034947395,0.0688374787569046,0.052178334444761276,0.06607327610254288,0.05573209375143051,0.07239961624145508,0.05745265632867813,0.07387131452560425,0.059795256704092026,0.07613667845726013,0.06249956041574478,0.078708216547966,0.057640835642814636,0.07486061006784439,0.05830675736069679,0.07593703269958496,0.07805013656616211,0.10235798358917236,0.06044890731573105,0.08116684854030609,0.06077512353658676,0.08147383481264114,0.057461172342300415,0.07759909331798553,0.06249258667230606,0.08401689678430557,0.06877069175243378,0.09693777561187744,0.07017888873815536,0.10339086502790451,0.07925720512866974,0.11572873592376709,0.07865256816148758,0.12177525460720062,0.07900723069906235,0.12765294313430786,0.07615098357200623,0.12534591555595398,0.07973337918519974,0.13084252178668976,0.08164335787296295,0.1303006261587143,0.08216247707605362,0.12227992713451385,0.09606332331895828,0.13791300356388092,0.10516999661922455,0.13618256151676178,0.9874749779701233,0.0863889753818512,0.014999610371887684,p038_smile_left,0.12247289647872171
0.33288007974624634,0.33983007073402405,0.20597471296787262,0.2104233205318451,0.13553613424301147,0.14046093821525574,0.10798005759716034,0.1118280366063118,0.07954657077789307,0.0854533389210701,0.045859597623348236,0.05619978532195091,0.04896031320095062,0.06166672334074974,0.04672820493578911,0.061012230813503265,0.0436430498957634,0.059212520718574524,0.04239601641893387,0.06023406237363815,0.04704675450921059,0.06610768288373947,0.05247936397790909,0.07231304049491882,0.05584494024515152,0.07563157379627228,0.05158126726746559,0.07167287915945053,0.05201120302081108,0.07263946533203125,0.055716030299663544,0.0763610452413559,0.05398024991154671,0.07873298227787018,0.05603747442364693,0.08037080615758896,0.05417993292212486,0.0798562690615654,0.05607890710234642,0.08249705284833908,0.06328321248292923,0.0958639606833458,0.06728273630142212,0.1066836342215538,0.07321449369192123,0.11812605708837509,0.07557392865419388,0.12682129442691803,0.076868437230587,0.13340269029140472,0.07816104590892792,0.13767753541469574,0.08147921413183212,0.14347736537456512,0.0842011570930481,0.13734114170074463,0.09073848277330399,0.14167991280555725,0.10121604800224304,0.14716477692127228,0.1102047711610794,0.1502777636051178,0.9967530369758606,0.08151628822088242,0.015032562427222729,p038_smile_right,0.12260735062475957
0.3395638167858124,0.34686440229415894,0.21319711208343506,0.2188386768102646,0.1377393901348114,0.14381004869937897,0.10803498327732086,0.1132412999868393,0.08508956432342529,0.09536547213792801,0.05000223591923714,0.06276208162307739,0.05596252158284187,0.07100879400968552,0.05514577776193619,0.07159330695867538,0.05286314710974693,0.07005797326564789,0.05454894155263901,0.0735401138663292,0.059145282953977585,0.07874856889247894,0.06443969160318375,0.08429669588804245,0.06694504618644714,0.08575384318828583,0.05984295904636383,0.07782691717147827,0.05750725790858269,0.07476799190044403,0.06653120368719101,0.08518607169389725,0.05943051353096962,0.07980992645025253,0.0609666146337986,0.08117298781871796,0.055948562920093536,0.07550723850727081,0.060284994542598724,0.08131866902112961,0.0743299126625061,0.10621003806591034,0.08154451102018356,0.12318578362464905,0.09117487072944641,0.13872677087783813,0.09606888890266418,0.15216127038002014,0.09949854016304016,0.16149574518203735,0.09984718263149261,0.16459102928638458,0.10388815402984619,0.17082805931568146,0.10655774921178818,0.17054800689220428,0.10641772300004959,0.1633794605731964,0.12301871925592422,0.18114592134952545,0.1271829456090927,0.17447002232074738,0.993649423122406,0.09267528355121613,0.018409645184874535,p039_neutral_front,0.13568214762773523
0.337534099817276,0.3456665575504303,0.21338196098804474,0.22030986845493317,0.1391909271478653,0.1469096690416336,0.11172550916671753,0.11913855373859406,0.09986932575702667,0.11522456258535385,0.05826995149254799,0.07278802245855331,0.0651218369603157,0.08171136677265167,0.06508979946374893,0.08337405323982239,0.06374461203813553,0.08400997519493103,0.0692613273859024,0.09066873043775558,0.07234174013137817,0.09512306749820709,0.07619591802358627,0.10135050117969513,0.07911019772291183,0.10426931828260422,0.07437964528799057,0.09978675097227097,0.07309141010046005,0.09744170308113098,0.09053048491477966,0.11614884436130524,0.07634379714727402,0.1039438471198082,0.07664044946432114,0.1040438562631607,0.07064160704612732,0.09576748311519623,0.07788020372390747,0.10689450055360794,0.09375382214784622,0.13510198891162872,0.09951184689998627,0.14776723086833954,0.11053331196308136,0.16509266197681427,0.11488001048564911,0.17804037034511566,0.11906220763921738,0.18918317556381226,0.11467929184436798,0.18370552361011505,0.11997582018375397,0.19337999820709229,0.12087135016918182,0.19243232905864716,0.11780117452144623,0.17910540103912354,0.13199912011623383,0.1971939355134964,0.13749857246875763,0.1903926283121109,0.9796269536018372,0.10551873594522476,0.02281174808740616,p039_neutral_left,0.15103558550025936
0.33882084488868713,0.346052885055542,0.2118738889694214,0.21722033619880676,0.13827525079250336,0.14442558586597443,0.1093258410692215,0.11515526473522186,0.08043278008699417,0.08979881554841995,0.05000627040863037,0.06560368835926056,0.055655136704444885,0.07450078427791595,0.055587731301784515,0.07653100043535233,0.05483964458107948,0.0771338939666748,0.05579551309347153,0.08088113367557526,0.0624847412109375,0.08963635563850403,0.06961654126644135,0.09827932715415955,0.07388599216938019,0.10239735245704651,0.06944455951452255,0.09635651111602783,0.06892110407352448,0.09499873220920563,0.07035169005393982,0.0956757590174675,0.07233703136444092,0.10197675228118896,0.07357174158096313,0.10249437391757965,0.07044585049152374,0.0998116284608841,0.07294809073209763,0.10484526306390762,0.08605337888002396,0.1285654604434967,0.09379782527685165,0.14584404230117798,0.10101053863763809,0.16069890558719635,0.10546129941940308,0.17180262506008148,0.10774006694555283,0.1791146993637085,0.10913260281085968,0.18332992494106293,0.1117158830165863,0.1886090338230133,0.11139903217554092,0.17911039292812347,0.11649731546640396,0.18256528675556183,0.12508521974086761,0.18620368838310242,0.13279321789741516,0.18747805058956146,0.9940655827522278,0.09857042878866196,0.021462876349687576,p039_neutral_right,0.14650213769664788
0.3378741145133972,0.344974547624588,0.2109041064977646,0.21614427864551544,0.1356993019580841,0.14146852493286133,0.10594021528959274,0.11078287661075592,0.08028291910886765,0.08924966305494308,0.04676160216331482,0.05963212251663208,0.052453771233558655,0.06766349077224731,0.051682114601135254,0.0683615505695343,0.049621328711509705,0.06726496666669846,0.05039043724536896,0.06998544931411743,0.055563829839229584,0.07589339464902878,0.06152231618762016,0.08189759403467178,0.06436827778816223,0.08363241702318192,0.057223767042160034,0.07558749616146088,0.054806746542453766,0.0723712146282196,0.06116391718387604,0.07943295687437057,0.056126128882169724,0.07684633135795593,0.057472534477710724,0.07759596407413483,0.05220114067196846,0.07187580317258835,0.055493440479040146,0.07644940167665482,0.06856028735637665,0.10011114925146103,0.07535576820373535,0.11729447543621063,0.08399909734725952,0.13177339732646942,0.08836015313863754,0.14448466897010803,0.09111955016851425,0.1529691368341446,0.09164733439683914,0.1564692258834839,0.09500192850828171,0.16150972247123718,0.09701361507177353,0.1594981998205185,0.09811758995056152,0.15392307937145233,0.11356714367866516,0.1687011867761612,0.11886034905910492,0.16317974030971527,0.9934197068214417,0.0877208486199379,0.017046265304088593,p039_smile_front,0.130561346899029
0.3396167755126953,0.3475542664527893,0.21452313661575317,0.22117580473423004,0.1393687129020691,0.14680328965187073,0.11073554307222366,0.1177043691277504,0.09342034161090851,0.10774847120046616,0.05529391020536423,0.06987815350294113,0.06200922653079033,0.07881049811840057,0.062031496316194534,0.08046242594718933,0.06064385920763016,0.08066370338201523,0.06432338804006577,0.08582943677902222,0.0682959109544754,0.09075919538736343,0.07316769659519196,0.09701903164386749,0.07616788148880005,0.09948818385601044,0.0707022100687027,0.09408503770828247,0.06891240179538727,0.09156423807144165,0.08160319924354553,0.10622311383485794,0.07154984772205353,0.09746551513671875,0.07220052927732468,0.09786398708820343,0.06617255508899689,0.0903281643986702,0.0721500813961029,0.09940800815820694,0.08731537312269211,0.1259247064590454,0.09303957968950272,0.1393742710351944,0.10353393852710724,0.15580520033836365,0.10825609415769577,0.1690245121717453,0.11233595758676529,0.1796571910381317,0.10883522778749466,0.1766590178012848,0.1139485239982605,0.18497715890407562,0.11525159329175949,0.18380528688430786,0.11290165036916733,0.17248229682445526,0.1278020441532135,0.18991798162460327,0.1325821876525879,0.1833895891904831,0.9149995446205139,0.1012534499168396,0.021313365548849106,p039_smile_left,0.14599097762823943
0.34041455388069153,0.3476414084434509,0.2130591869354248,0.21849127113819122,0.1387045681476593,0.1448575258255005,0.10936537384986877,0.11513152718544006,0.08048884570598602,0.08996208012104034,0.04994095116853714,0.06555552035570145,0.05578356981277466,0.07472114264965057,0.055709853768348694,0.07687508314847946,0.05484066531062126,0.07733940333127975,0.055915314704179764,0.08137498050928116,0.0626586526632309,0.09016431123018265,0.06980869174003601,0.0988016277551651,0.07396528124809265,0.10272111743688583,0.0692874863743782,0.09629154205322266,0.0685955137014389,0.09472271054983139,0.0707167536020279,0.09633632004261017,0.07186507433652878,0.10176371783018112,0.07300043106079102,0.10208811610937119,0.06968923658132553,0.09911353141069412,0.07249218970537186,0.10439880192279816,0.08585747331380844,0.12876920402050018,0.09388028085231781,0.1467626839876175,0.10171909630298615,0.16281980276107788,0.10611653327941895,0.17426089942455292,0.10846584290266037,0.1819230318069458,0.10982399433851242,0.1862548142671585,0.11271698027849197,0.1918874830007553,0.11265412718057632,0.18196727335453033,0.11806624382734299,0.18577076494693756,0.12775051593780518,0.18954263627529144,0.13570404052734375,0.19081604480743408,0.9956141710281372,0.09901160001754761,0.021846018731594086,p039_smile_right,0.14780398753617605
0.3397250771522522,0.34765782952308655,0.2145167589187622,0.22211523354053497,0.1362561732530594,0.14433158934116364,0.10556506365537643,0.11314116418361664,0.08624930679798126,0.10101191699504852,0.052657369524240494,0.07320592552423477,0.060706157237291336,0.08602096885442734,0.061763979494571686,0.08984293043613434,0.06193835288286209,0.09125331789255142,0.06436631083488464,0.0969504863023758,0.07028675824403763,0.10447070002555847,0.07662570476531982,0.11132080852985382,0.07968807965517044,0.11311283707618713,0.07497813552618027,0.10753049701452255,0.07378413528203964,0.10545173287391663,0.08019997924566269,0.11473610252141953,0.07883746176958084,0.11565370857715607,0.0802573412656784,0.11665688455104828,0.07444429397583008,0.10851885378360748,0.07861252874135971,0.11532395333051682,0.09463474899530411,0.14571036398410797,0.10254109650850296,0.16434167325496674,0.11024890094995499,0.17837607860565186,0.11487684398889542,0.19081108272075653,0.117710642516613,0.19843997061252594,0.11704789102077484,0.19830267131328583,0.12063782662153244,0.20275750756263733,0.12568722665309906,0.20265139639377594,0.12325771152973175,0.19131065905094147,0.14093071222305298,0.2110329568386078,0.14295126497745514,0.20210014283657074,0.9929839968681335,0.10523205995559692,0.02505231834948063,p040_neutral_front,0.15827924168848115
0.3427972197532654,0.351779967546463,0.2196129858493805,0.228855162858963,0.14108094573020935,0.15125714242458344,0.11159646511077881,0.12183167785406113,0.10392624139785767,0.12107094377279282,0.06348511576652527,0.08621345460414886,0.07359818369150162,0.10097247362136841,0.07724489271640778,0.10727668553590775,0.08068773150444031,0.11251268535852432,0.0861624926328659,0.12014323472976685,0.09240454435348511,0.12814509868621826,0.09991873055696487,0.13793326914310455,0.10444347560405731,0.14196963608264923,0.10335107892751694,0.14025360345840454,0.10352374613285065,0.13875839114189148,0.11340801417827606,0.15007977187633514,0.1103748008608818,0.14897993206977844,0.11071360856294632,0.14936454594135284,0.1036808043718338,0.13832485675811768,0.11174177378416061,0.15079264342784882,0.13213284313678741,0.1870875060558319,0.13909459114074707,0.20196892321109772,0.14967916905879974,0.21884632110595703,0.15514525771141052,0.2320336252450943,0.1600366085767746,0.24244703352451324,0.15316908061504364,0.23305439949035645,0.15958473086357117,0.24250291287899017,0.1591266244649887,0.2403986155986786,0.15558306872844696,0.22585250437259674,0.1701006442308426,0.24452729523181915,0.17715901136398315,0.23996880650520325,0.9788461923599243,0.1311197280883789,0.034323595464229584,p040_neutral_left,0.18526628258868255
0.3425194025039673,0.35024985671043396,0.21500156819820404,0.22241955995559692,0.13509757816791534,0.14347706735134125,0.10305174440145493,0.11186796426773071,0.07674390822649002,0.09151358902454376,0.051348283886909485,0.07233811914920807,0.060395997017621994,0.08573340624570847,0.06206142529845238,0.0890522226691246,0.06246934458613396,0.08964993804693222,0.06598112732172012,0.09608469158411026,0.0741705670952797,0.10666733235120773,0.08168385177850723,0.1152530312538147,0.08536139130592346,0.11786338686943054,0.07969792932271957,0.10987992584705353,0.07877606153488159,0.1083780974149704,0.08192893862724304,0.11122165620326996,0.08277447521686554,0.11574333161115646,0.08336055278778076,0.1154562458395958,0.08109162747859955,0.11358444392681122,0.08499974012374878,0.11914034932851791,0.10135786235332489,0.14539067447185516,0.11247526109218597,0.16634410619735718,0.12284500151872635,0.1848772168159485,0.12854629755020142,0.19718608260154724,0.13228026032447815,0.2049475610256195,0.13579973578453064,0.20966428518295288,0.13955998420715332,0.2158205658197403,0.138199120759964,0.2044180929660797,0.14386621117591858,0.209381103515625,0.1511174738407135,0.21233351528644562,0.15561799705028534,0.21024586260318756,0.9913926720619202,0.11131523549556732,0.026139188557863235,p040_neutral_right,0.16167618426306093
0.3403361439704895,0.3481225073337555,0.2142215371131897,0.2216566950082779,0.13593946397304535,0.14392657577991486,0.10474081337451935,0.11207889765501022,0.0815081000328064,0.0953395664691925,0.05062822252511978,0.07075716555118561,0.05861886590719223,0.08326701074838638,0.05906536430120468,0.08608237653970718,0.058200813829898834,0.08619273453950882,0.06013588607311249,0.09106260538101196,0.06591706722974777,0.0981302261352539,0.07163264602422714,0.10363711416721344,0.07385959476232529,0.1038537248969078,0.06681379675865173,0.09500923752784729,0.06456674635410309,0.09153223037719727,0.07114025950431824,0.09946974366903305,0.06861533224582672,0.1000329852104187,0.07002902030944824,0.100814089179039,0.06500612944364548,0.09414920955896378,0.06890605390071869,0.09992664307355881,0.08423522114753723,0.1282813400030136,0.0936814472079277,0.14959144592285156,0.10301344096660614,0.1658536046743393,0.10777385532855988,0.17824195325374603,0.11046751588582993,0.18565905094146729,0.11124301701784134,0.18821583688259125,0.11489799618721008,0.192908376455307,0.11821185797452927,0.1905314028263092,0.11844419687986374,0.18422506749629974,0.13364467024803162,0.1998552531003952,0.13554875552654266,0.1919989436864853,0.9904300570487976,0.0993969663977623,0.022524408996105194,p040_smile_front,0.15008134126567899
0.34262365102767944,0.3516462445259094,0.2194075584411621,0.22882242500782013,0.14045752584934235,0.15099167823791504,0.11085312068462372,0.1215033009648323,0.10291586071252823,0.1206512451171875,0.06351574510335922,0.08632070571184158,0.07364138215780258,0.10113263130187988,0.07745353132486343,0.10764355212450027,0.08103529363870621,0.11295190453529358,0.08647214621305466,0.12061390280723572,0.09265514463186264,0.12849441170692444,0.10005760937929153,0.1379224807024002,0.10442858934402466,0.14164409041404724,0.10298378020524979,0.1392924189567566,0.10280843824148178,0.1373019814491272,0.11257605254650116,0.14890089631080627,0.10943581163883209,0.1470329761505127,0.10961559414863586,0.147215336561203,0.10263492166996002,0.136307030916214,0.1108684241771698,0.14869621396064758,0.13127484917640686,0.18496814370155334,0.13852013647556305,0.20083260536193848,0.14964383840560913,0.2183365821838379,0.1549472212791443,0.23136095702648163,0.15976771712303162,0.24164365231990814,0.15277376770973206,0.23228128254413605,0.15922950208187103,0.24138221144676208,0.1583341658115387,0.23878024518489838,0.15500420331954956,0.22438383102416992,0.16886276006698608,0.2422824651002884,0.1759617179632187,0.23777227103710175,0.9810927510261536,0.13067378103733063,0.033997368067502975,p040_smile_left,0.18438375217871822
0.3432082533836365,0.35087114572525024,0.215816468000412,0.22292424738407135,0.13610371947288513,0.1441412717103958,0.10432549566030502,0.11263540387153625,0.07802501320838928,0.0920444130897522,0.0515286810696125,0.0719582587480545,0.060371026396751404,0.08517590910196304,0.061793528497219086,0.08845335990190506,0.06178425997495651,0.08882226794958115,0.06496252864599228,0.09490266442298889,0.07285622507333755,0.10489591956138611,0.07999125868082047,0.11286524683237076,0.08323349803686142,0.11474791914224625,0.07671816647052765,0.10563774406909943,0.07500883936882019,0.10310216248035431,0.07814887166023254,0.10588438808917999,0.07872626185417175,0.10987111926078796,0.07935129106044769,0.10962007194757462,0.07668129354715347,0.10711284726858139,0.0808596983551979,0.11281472444534302,0.09774333238601685,0.1398444026708603,0.10940022021532059,0.1619492918252945,0.12025779485702515,0.18145252764225006,0.1259355992078781,0.19371207058429718,0.12927423417568207,0.2014879733324051,0.13255096971988678,0.20618410408496857,0.13638441264629364,0.21240761876106262,0.13510262966156006,0.20107468962669373,0.14083363115787506,0.2059122622013092,0.14834058284759521,0.20908913016319275,0.15300655364990234,0.20711494982242584,0.9925252795219421,0.10931947082281113,0.025322621688246727,p040_smile_right,0.15913083198502648
0.2896603047847748,0.29753056168556213,0.1913878619670868,0.19750985503196716,0.126242995262146,0.1329798400402069,0.09539012610912323,0.10191813111305237,0.06879904121160507,0.08124008029699326,0.05070986971259117,0.0642041340470314,0.05140528082847595,0.06661338359117508,0.047575559467077255,0.06380200386047363,0.044275350868701935,0.06099236384034157,0.04660661891102791,0.0661618560552597,0.050719838589429855,0.07181200385093689,0.054492514580488205,0.07463625073432922,0.0564427487552166,0.07711810618638992,0.054781027138233185,0.07529761642217636,0.05116971954703331,0.07175824791193008,0.061293065547943115,0.0864088237285614,0.05378761887550354,0.07832606136798859,0.05380939319729805,0.07855603098869324,0.052119869738817215,0.07672411948442459,0.0541922003030777,0.08000943809747696,0.06220587342977524,0.09689617156982422,0.0694752112030983,0.11465656757354736,0.07341174781322479,0.12269528210163116,0.07698053866624832,0.13451984524726868,0.07884640991687775,0.14207738637924194,0.08367344737052917,0.15303266048431396,0.08219914883375168,0.14835397899150848,0.09307420998811722,0.16442625224590302,0.08547384291887283,0.14079393446445465,0.1028217226266861,0.16933904588222504,0.09853944927453995,0.1494695246219635,0.9903880953788757,0.0794142410159111,0.014906209893524647,p041_neutral_front,0.12209099022255757
0.29433926939964294,0.30340370535850525,0.199345663189888,0.20726221799850464,0.13395319879055023,0.14274299144744873,0.1052393913269043,0.11444251984357834,0.09314193576574326,0.11070113629102707,0.06641171872615814,0.08288309723138809,0.06935141235589981,0.08772257715463638,0.06694858521223068,0.08717568218708038,0.0649065151810646,0.0871456116437912,0.07365007698535919,0.09708148241043091,0.0776284784078598,0.1037580817937851,0.07951849699020386,0.10761083662509918,0.08338916301727295,0.11310414224863052,0.08482630550861359,0.11556924134492874,0.08327527344226837,0.11343125998973846,0.1050557866692543,0.135870561003685,0.08897781372070312,0.12270016223192215,0.08848772197961807,0.12310037016868591,0.08498993515968323,0.11786404997110367,0.09050911664962769,0.12693490087985992,0.10323026031255722,0.15107126533985138,0.11155504733324051,0.16720034182071686,0.11834598332643509,0.17747603356838226,0.12237793952226639,0.18903690576553345,0.12572014331817627,0.19803477823734283,0.12665928900241852,0.2015228271484375,0.1246088296175003,0.1985505223274231,0.13453730940818787,0.2152942419052124,0.11923052370548248,0.1842525750398636,0.13921579718589783,0.21563389897346497,0.13581016659736633,0.19702953100204468,0.9637022614479065,0.10952935367822647,0.024618245661258698,p041_neutral_left,0.15690202567608455
0.2921680212020874,0.30005231499671936,0.1922486573457718,0.19820958375930786,0.12656885385513306,0.13307291269302368,0.09532222151756287,0.10171839594841003,0.06446248292922974,0.07437949627637863,0.05152829363942146,0.06601881980895996,0.05370866879820824,0.0705818310379982,0.05176711082458496,0.07028778642416,0.050698794424533844,0.07035265117883682,0.05370112136006355,0.07600191980600357,0.0609116330742836,0.08642315119504929,0.06721793860197067,0.09340514242649078,0.0716613158583641,0.0995376855134964,0.07162324339151382,0.09972802549600601,0.06935515254735947,0.09814023971557617,0.07488060742616653,0.10471495985984802,0.0744519755244255,0.10700518637895584,0.07500395178794861,0.10779045522212982,0.07448218762874603,0.10804527252912521,0.07598418742418289,0.1114279180765152,0.08670350164175034,0.13053077459335327,0.09685100615024567,0.15046408772468567,0.10137274861335754,0.15967300534248352,0.10662513971328735,0.1710377335548401,0.10984019935131073,0.17851804196834564,0.11671910434961319,0.19124795496463776,0.11406435072422028,0.18604855239391327,0.12370161712169647,0.1993933618068695,0.11482451111078262,0.17754951119422913,0.13177275657653809,0.20361654460430145,0.1277928650379181,0.187222421169281,0.9933609962463379,0.0960802510380745,0.02057836204767227,p041_neutral_right,0.14345160176056687
0.2912651002407074,0.2990383803844452,0.19227658212184906,0.19832079112529755,0.1267423927783966,0.1333598494529724,0.09541703760623932,0.10188543051481247,0.06783667206764221,0.07984960824251175,0.04991833120584488,0.06358303129673004,0.050602372735738754,0.06594609469175339,0.046712424606084824,0.06318185478448868,0.04339546337723732,0.06031147018074989,0.045310940593481064,0.0649239793419838,0.049435801804065704,0.0705966204404831,0.053456299006938934,0.07357466965913773,0.05532905086874962,0.0758657306432724,0.05345107987523079,0.07381194829940796,0.04956204071640968,0.07001832872629166,0.05880797281861305,0.08322592079639435,0.05186058580875397,0.07626816630363464,0.05184915289282799,0.07653168588876724,0.050025440752506256,0.07450452446937561,0.05185377970337868,0.07748188823461533,0.05993930995464325,0.0947398692369461,0.06710860133171082,0.1129436269402504,0.07090077549219131,0.12106597423553467,0.07437244802713394,0.13303059339523315,0.07617221027612686,0.14057204127311707,0.081075519323349,0.1516546905040741,0.07979849725961685,0.14698852598667145,0.09076108783483505,0.16303305327892303,0.08401566743850708,0.13995951414108276,0.10127059370279312,0.16840648651123047,0.09764382243156433,0.14901874959468842,0.9933045506477356,0.07801563292741776,0.014703859575092793,p041_smile_front,0.12125947210462691
0.29374024271965027,0.30254942178726196,0.19808468222618103,0.2057003527879715,0.13247594237327576,0.1409776359796524,0.10343310981988907,0.11249153316020966,0.08849921077489853,0.1064402312040329,0.0645623728632927,0.0807860866189003,0.06742414087057114,0.08550980687141418,0.06532936543226242,0.08510461449623108,0.06348023563623428,0.08492465317249298,0.0711972638964653,0.09434961527585983,0.07539251446723938,0.10126735270023346,0.07764940708875656,0.10521538555622101,0.08136202394962311,0.11044007539749146,0.0826474279165268,0.11252196133136749,0.08103201538324356,0.11038696020841599,0.10064937174320221,0.13158990442752838,0.08681687712669373,0.11999175697565079,0.08626841008663177,0.12006697803735733,0.08288480341434479,0.11514260619878769,0.08825349807739258,0.12410622090101242,0.10036289691925049,0.14666421711444855,0.10820842534303665,0.16162289679050446,0.11469189077615738,0.17161999642848969,0.11868035048246384,0.1826118528842926,0.12195473909378052,0.19116844236850739,0.12262766808271408,0.19410470128059387,0.12105826288461685,0.19210076332092285,0.13013552129268646,0.20679686963558197,0.11580631881952286,0.17810212075710297,0.1346675306558609,0.20718172192573547,0.1310577392578125,0.1898362785577774,0.9860959649085999,0.1067969799041748,0.023336520418524742,p041_smile_left,0.15276295499408468
0.2944960594177246,0.30225881934165955,0.1948554366827011,0.20076531171798706,0.1290677785873413,0.13530907034873962,0.09739385545253754,0.10327859222888947,0.06632277369499207,0.07545766979455948,0.05139938369393349,0.06546074897050858,0.05242055281996727,0.0686720609664917,0.04922734200954437,0.06697090715169907,0.04695761576294899,0.06540502607822418,0.04916239529848099,0.06999373435974121,0.05543046072125435,0.07943715155124664,0.06113336607813835,0.08544111996889114,0.0644664615392685,0.08984997123479843,0.06348497420549393,0.08825401216745377,0.06044109910726547,0.08516056090593338,0.06592608243227005,0.09203097969293594,0.06430596858263016,0.09307137131690979,0.06445052474737167,0.09318505227565765,0.06332243978977203,0.09257232397794724,0.06502287834882736,0.09604661166667938,0.07506062090396881,0.11534980684518814,0.0845351368188858,0.13600802421569824,0.08914443105459213,0.14639542996883392,0.0941477119922638,0.1588851511478424,0.09692138433456421,0.16707167029380798,0.10292818397283554,0.1799972653388977,0.10089737176895142,0.17552907764911652,0.10933149605989456,0.1879492849111557,0.10239638388156891,0.1679137498140335,0.11765741556882858,0.1924450546503067,0.11511898785829544,0.1758081018924713,0.9938312768936157,0.08864114433526993,0.018422652035951614,p041_smile_right,0.13573007049269376
0.2848365306854248,0.294086217880249,0.19162489473819733,0.20211245119571686,0.12469283491373062,0.1376294195652008,0.09538230299949646,0.11003880947828293,0.08562428504228592,0.11000582575798035,0.06910916417837143,0.09061530232429504,0.07437218725681305,0.09799054265022278,0.07407304644584656,0.09932474046945572,0.07330256700515747,0.1000344529747963,0.0832764208316803,0.11414343118667603,0.08738922327756882,0.12015509605407715,0.0859142392873764,0.11739267408847809,0.08585583418607712,0.11690125614404678,0.08324136584997177,0.11389154195785522,0.07973795384168625,0.10965245217084885,0.10185383260250092,0.14025084674358368,0.08408145606517792,0.1164015531539917,0.08213350921869278,0.11327087879180908,0.07945332676172256,0.10894132405519485,0.08312574774026871,0.11312902718782425,0.09231022745370865,0.12796597182750702,0.10217272490262985,0.14493924379348755,0.10991562157869339,0.15494802594184875,0.11426538974046707,0.166205495595932,0.1180189773440361,0.17471693456172943,0.12372248619794846,0.18536874651908875,0.12155039608478546,0.18068291246891022,0.13496315479278564,0.2012966126203537,0.11700203269720078,0.16679328680038452,0.1406574249267578,0.20205923914909363,0.12833434343338013,0.17350438237190247,0.9932304620742798,0.10684529691934586,0.022097773849964142,p042_neutral_front,0.14865319993180148
0.2890644371509552,0.2982984185218811,0.1952647566795349,0.20452015101909637,0.12973569333553314,0.14059926569461823,0.10044915229082108,0.1125749945640564,0.09032522886991501,0.11237126588821411,0.06727517396211624,0.08710966259241104,0.07178588956594467,0.09399114549160004,0.07080204039812088,0.09475041925907135,0.06946540623903275,0.09507903456687927,0.07971075177192688,0.10807808488607407,0.08321627974510193,0.11408094316720963,0.08184933662414551,0.11280833184719086,0.0825846865773201,0.11352045089006424,0.08085452020168304,0.11149154603481293,0.07744449377059937,0.10691853612661362,0.10213759541511536,0.136021688580513,0.08167769759893417,0.11380281299352646,0.07974497973918915,0.11185173690319061,0.07719025760889053,0.10749252885580063,0.08247507363557816,0.11410216242074966,0.09229470789432526,0.1336066573858261,0.10111696273088455,0.15083391964435577,0.10984838008880615,0.16162587702274323,0.11298881471157074,0.17338906228542328,0.11612942069768906,0.18289874494075775,0.11866052448749542,0.18925181031227112,0.11656032502651215,0.18604856729507446,0.12715527415275574,0.20563778281211853,0.11042933911085129,0.17110133171081543,0.13093063235282898,0.20566479861736298,0.12286657094955444,0.18160156905651093,0.9573831558227539,0.10491067916154861,0.022610479965806007,p042_neutral_left,0.15036781559165513
0.28734317421913147,0.29540956020355225,0.1896284967660904,0.19686852395534515,0.12346875667572021,0.13210922479629517,0.09194669872522354,0.10163570195436478,0.06581085175275803,0.08184196054935455,0.05523667484521866,0.07653883099555969,0.06056281179189682,0.08527124673128128,0.06036476418375969,0.08718637377023697,0.06060030683875084,0.08848436176776886,0.06617400795221329,0.09792894124984741,0.07308260351419449,0.10825666040182114,0.07652771472930908,0.11035262048244476,0.07867981493473053,0.11230883747339249,0.07687857002019882,0.10861214250326157,0.07385145127773285,0.1049126461148262,0.08134825527667999,0.1145048439502716,0.07783430069684982,0.11213111877441406,0.07734456658363342,0.11098773032426834,0.07660593837499619,0.11083363741636276,0.07781974226236343,0.11321304738521576,0.08760549128055573,0.13103492558002472,0.09863975644111633,0.15283352136611938,0.10375970602035522,0.16336463391780853,0.10868557542562485,0.17439673840999603,0.11147400736808777,0.1815371960401535,0.11844775080680847,0.19467377662658691,0.1156298816204071,0.18963350355625153,0.12502607703208923,0.20074860751628876,0.11736783385276794,0.18093234300613403,0.1345151960849762,0.2042076289653778,0.13131947815418243,0.18806961178779602,0.9942402243614197,0.09948501735925674,0.021824033930897713,p042_neutral_right,0.14772959734223104
0.28626057505607605,0.2956082224845886,0.1920951008796692,0.20322342216968536,0.12468509376049042,0.13859611749649048,0.09494005143642426,0.11069082468748093,0.08355649560689926,0.10856684297323227,0.06949497759342194,0.09292880445718765,0.0752238929271698,0.10080928355455399,0.07518096268177032,0.10265666991472244,0.07465022057294846,0.1037786677479744,0.0838288813829422,0.11718203872442245,0.08853813260793686,0.12382612377405167,0.08769384026527405,0.12135767936706543,0.08782235532999039,0.12114588916301727,0.08541819453239441,0.11884373426437378,0.08204446732997894,0.11539497971534729,0.10142077505588531,0.14246803522109985,0.08623684197664261,0.1219664216041565,0.08444995433092117,0.11884577572345734,0.08211582899093628,0.11497221887111664,0.08441337943077087,0.1169135794043541,0.09337276965379715,0.13008908927440643,0.10373228788375854,0.1467490941286087,0.11068535596132278,0.15581466257572174,0.11546473950147629,0.1670897901058197,0.11921190470457077,0.17541398108005524,0.1256626695394516,0.18685483932495117,0.12312700599431992,0.18203942477703094,0.13656695187091827,0.20219773054122925,0.11935246735811234,0.16929815709590912,0.1431984007358551,0.20396442711353302,0.13139572739601135,0.17635558545589447,0.9915039539337158,0.10813255608081818,0.02278456650674343,p042_smile_front,0.15094557465107558
0.2880542576313019,0.2972314655780792,0.19415216147899628,0.20331260561943054,0.1287008374929428,0.139363095164299,0.09965436160564423,0.11146653443574905,0.09009423851966858,0.1116185262799263,0.0673355981707573,0.08742225915193558,0.07216168195009232,0.09492426365613937,0.0710744857788086,0.09571512043476105,0.06963605433702469,0.09586068987846375,0.0798739567399025,0.10902538895606995,0.08351030200719833,0.11557468771934509,0.08216099441051483,0.11418390274047852,0.08274031430482864,0.11472662538290024,0.08100198954343796,0.1128094270825386,0.07780889421701431,0.10843713581562042,0.10265690833330154,0.13780449330806732,0.08231668919324875,0.1162799671292305,0.08038025349378586,0.11422035843133926,0.07773684710264206,0.10965736955404282,0.0825837180018425,0.11547433584928513,0.09248872101306915,0.135146826505661,0.1017814353108406,0.15341657400131226,0.11017576605081558,0.16374731063842773,0.11361087113618851,0.17593669891357422,0.11679928749799728,0.18521307408809662,0.11964144557714462,0.19264934957027435,0.11717303097248077,0.1881205290555954,0.1284150332212448,0.20848260819911957,0.11073628813028336,0.17192669212818146,0.13257624208927155,0.20834815502166748,0.12395229190587997,0.18254625797271729,0.9655894041061401,0.10520067065954208,0.022981682792305946,p042_smile_left,0.15159710680717475
0.2888539731502533,0.29721033573150635,0.19122125208377838,0.19935941696166992,0.1238580197095871,0.1333591490983963,0.09162040054798126,0.1022949367761612,0.06572533398866653,0.08160538971424103,0.056636992841959,0.07824519276618958,0.06243646517395973,0.08741935342550278,0.06280405074357986,0.08946804702281952,0.06319352239370346,0.09067462384700775,0.0688600018620491,0.09946277737617493,0.07578891515731812,0.10972089320421219,0.0787830799818039,0.11143454909324646,0.08054488897323608,0.11288479715585709,0.07857125252485275,0.10946810245513916,0.07515249401330948,0.10586078464984894,0.08291781693696976,0.11450065672397614,0.07929790765047073,0.11300253123044968,0.07922971993684769,0.11250230669975281,0.07851578295230865,0.11251751333475113,0.07953581213951111,0.11406686156988144,0.08976810425519943,0.13106611371040344,0.10151257365942001,0.15280571579933167,0.10646688938140869,0.16235457360744476,0.11196155846118927,0.17417147755622864,0.11517953872680664,0.18177275359630585,0.1225062683224678,0.1951102763414383,0.11953477561473846,0.18983732163906097,0.1303197741508484,0.20396578311920166,0.12057798355817795,0.18111971020698547,0.1398175060749054,0.2084982991218567,0.13493432104587555,0.18976472318172455,0.9934173822402954,0.10182615369558334,0.02214805781841278,p042_smile_right,0.14882223563168503
0.28569260239601135,0.2944062352180481,0.18886330723762512,0.19798524677753448,0.12074516713619232,0.13075952231884003,0.08848554641008377,0.09917290508747101,0.06640859693288803,0.08360178023576736,0.05642107129096985,0.07619279623031616,0.061176225543022156,0.08305241912603378,0.06085500866174698,0.08432355523109436,0.06066303327679634,0.08477286994457245,0.06682055443525314,0.0936274528503418,0.07291489839553833,0.10214448720216751,0.07497034221887589,0.10255638509988785,0.0759354680776596,0.10310773551464081,0.07401833683252335,0.10133613646030426,0.07012254744768143,0.09805895388126373,0.08293532580137253,0.11448933184146881,0.07579859346151352,0.10712260007858276,0.07640911638736725,0.10741200298070908,0.07477956265211105,0.1051165908575058,0.07806340605020523,0.10883469134569168,0.08988935500383377,0.12738104164600372,0.10156088322401047,0.14727003872394562,0.10819026082754135,0.15766502916812897,0.1152597963809967,0.17207768559455872,0.12020467221736908,0.18218964338302612,0.1270776391029358,0.19560465216636658,0.12435450404882431,0.19102592766284943,0.13870316743850708,0.21406632661819458,0.12099599093198776,0.1794356256723404,0.14601396024227142,0.21793483197689056,0.1341959685087204,0.18782532215118408,0.9906492829322815,0.10125292837619781,0.02153768017888069,p043_neutral_front,0.14675721508287315
0.28503289818763733,0.29371151328086853,0.18753734230995178,0.19599667191505432,0.12090655416250229,0.13017822802066803,0.08892190456390381,0.09875299036502838,0.06472424417734146,0.08136024326086044,0.054086294025182724,0.07500744611024857,0.05846402421593666,0.08266519010066986,0.05826321989297867,0.0847797766327858,0.05873758718371391,0.08716126531362534,0.06370243430137634,0.09543325006961823,0.0694524273276329,0.10468829423189163,0.07313130795955658,0.10775846242904663,0.07515651732683182,0.11008404195308685,0.07493828237056732,0.11096493899822235,0.07127466052770615,0.10842546075582504,0.08271697908639908,0.12250202894210815,0.07615035772323608,0.1175159439444542,0.07670427858829498,0.11794517189264297,0.07339239120483398,0.11364780366420746,0.07711950689554214,0.11820013076066971,0.08912370353937149,0.13969667255878448,0.09845826029777527,0.15894503891468048,0.10459857434034348,0.1682143360376358,0.11126203089952469,0.18333178758621216,0.11663312464952469,0.19461606442928314,0.12044935673475266,0.20422926545143127,0.1187063604593277,0.19983993470668793,0.13234730064868927,0.2256186455488205,0.11360228806734085,0.18487805128097534,0.13852018117904663,0.22806090116500854,0.13026374578475952,0.1993398368358612,0.9743525981903076,0.09885837137699127,0.023429112508893013,p043_neutral_left,0.15306571304146796
0.2853473722934723,0.2934999167919159,0.18799185752868652,0.19552160799503326,0.12071722745895386,0.12922468781471252,0.0889420211315155,0.09841214865446091,0.06493707746267319,0.08050774782896042,0.054683588445186615,0.07324105501174927,0.059834301471710205,0.08088616281747818,0.0597442202270031,0.08220396935939789,0.05977563560009003,0.08264806121587753,0.0658731758594513,0.0918973833322525,0.0730227455496788,0.10215786844491959,0.07601657509803772,0.104335255920887,0.07785382121801376,0.10628506541252136,0.0760314017534256,0.1035553365945816,0.07334215939044952,0.10106314718723297,0.08287548273801804,0.1135619580745697,0.0790804848074913,0.11011404544115067,0.07938118278980255,0.11006806790828705,0.07914094626903534,0.11067786067724228,0.08079791069030762,0.11317378282546997,0.09225153177976608,0.13056430220603943,0.1049506887793541,0.1517944633960724,0.1105886846780777,0.1622527688741684,0.11712756007909775,0.17497213184833527,0.12126196175813675,0.18354900181293488,0.12948071956634521,0.19849392771720886,0.1263287365436554,0.19390662014484406,0.13763250410556793,0.20923803746700287,0.1255640685558319,0.1856343001127243,0.14517664909362793,0.21348688006401062,0.1369788944721222,0.19163718819618225,0.9907915592193604,0.10236026346683502,0.021805575117468834,p043_neutral_right,0.1476671091254543
0.28925734758377075,0.2980557978153229,0.19281552731990814,0.202324777841568,0.12390699982643127,0.1344914436340332,0.09157785773277283,0.10312808305025101,0.06961594521999359,0.08790652453899384,0.05942179635167122,0.08029132336378098,0.0640852078795433,0.0871649757027626,0.0638418048620224,0.08863465487957001,0.06362081319093704,0.0892026349902153,0.0697714239358902,0.09805982559919357,0.0760270208120346,0.10703273117542267,0.07799800485372543,0.10754478722810745,0.07907288521528244,0.10820744931697845,0.07720430940389633,0.10618091374635696,0.07367342710494995,0.10252092033624649,0.08591831475496292,0.11846868693828583,0.0795329287648201,0.11197933554649353,0.0798485055565834,0.11207972466945648,0.07793287932872772,0.10924585908651352,0.08084117621183395,0.112525075674057,0.09311707317829132,0.13195818662643433,0.10518183559179306,0.15208730101585388,0.1115117147564888,0.16183333098888397,0.11904247850179672,0.17682814598083496,0.12430238723754883,0.1873440146446228,0.13139863312244415,0.20081840455532074,0.12856347858905792,0.19623596966266632,0.14285025000572205,0.21878176927566528,0.1244187280535698,0.1838875412940979,0.14938651025295258,0.22183758020401,0.13703227043151855,0.19159309566020966,0.9911791086196899,0.10461576282978058,0.022774575278162956,p043_smile_front,0.1509124755550811
0.28676483035087585,0.29531151056289673,0.1894768327474594,0.1978631615638733,0.12241151183843613,0.13170598447322845,0.09037020057439804,0.10034331679344177,0.06610212475061417,0.08321790397167206,0.055056966841220856,0.07623840868473053,0.05956019461154938,0.08402704447507858,0.05923163518309593,0.08606410026550293,0.05967279151082039,0.08831316977739334,0.06470949947834015,0.09677575528621674,0.07059494405984879,0.1063075065612793,0.07429524511098862,0.10937274247407913,0.07636348158121109,0.11171841621398926,0.07621944695711136,0.11248769611120224,0.07286421954631805,0.11009080708026886,0.08427010476589203,0.12443085014820099,0.07776454091072083,0.11919914931058884,0.07821747660636902,0.11945915967226028,0.07518808543682098,0.11561518162488937,0.07845382392406464,0.11951370537281036,0.09003672003746033,0.14025434851646423,0.09954746067523956,0.15992744266986847,0.10550853610038757,0.16890911757946014,0.1120554655790329,0.1838558465242386,0.11719906330108643,0.19483467936515808,0.12124092876911163,0.20512917637825012,0.11910222470760345,0.2000012993812561,0.132289320230484,0.225077822804451,0.11387481540441513,0.18502090871334076,0.13812561333179474,0.22713139653205872,0.1300177276134491,0.19860157370567322,0.9789952635765076,0.09989757835865021,0.02368972636759281,p043_smile_left,0.1539146723596968
0.28658074140548706,0.2947770059108734,0.1889941692352295,0.196853369474411,0.1211642324924469,0.1298663467168808,0.08928721398115158,0.0986783504486084,0.06579840183258057,0.08126971125602722,0.05466550588607788,0.0731188952922821,0.05937543511390686,0.08026924729347229,0.05878478288650513,0.08098135143518448,0.058185987174510956,0.08069375902414322,0.06437662988901138,0.08967079967260361,0.0711657851934433,0.09915897995233536,0.07365116477012634,0.1003020852804184,0.07481292635202408,0.10112908482551575,0.07196122407913208,0.09738951921463013,0.0682544931769371,0.09382443875074387,0.07943396270275116,0.10813924670219421,0.07385395467281342,0.10256531089544296,0.07412748783826828,0.10251279175281525,0.07348506152629852,0.10239305347204208,0.07581600546836853,0.10533331334590912,0.0880599394440651,0.12374389916658401,0.10120090842247009,0.145802840590477,0.10775254666805267,0.15736007690429688,0.11460566520690918,0.1710384488105774,0.11904407292604446,0.18039101362228394,0.12738920748233795,0.19585949182510376,0.12434245645999908,0.19149674475193024,0.13647736608982086,0.20877212285995483,0.12306278198957443,0.1826772391796112,0.14418651163578033,0.21285739541053772,0.1346392035484314,0.18787497282028198,0.9923269152641296,0.10015900433063507,0.020995937287807465,p043_smile_right,0.14489974909504663
0.2860194146633148,0.293387234210968,0.1887923777103424,0.19397640228271484,0.12701071798801422,0.13252173364162445,0.0979563519358635,0.10291341692209244,0.07130269706249237,0.080775186419487,0.05220158398151398,0.06368538737297058,0.05244986340403557,0.06574831902980804,0.04904433712363243,0.06401079893112183,0.04686411842703819,0.06371434777975082,0.05024676397442818,0.07062428444623947,0.053046464920043945,0.07517435401678085,0.05596178025007248,0.07739326357841492,0.05757592245936394,0.07967142760753632,0.0577169805765152,0.08100302517414093,0.056318674236536026,0.08071091026067734,0.07055982947349548,0.10339401662349701,0.060973770916461945,0.08882682770490646,0.0613856166601181,0.08837433159351349,0.06020365655422211,0.08608830720186234,0.06347210705280304,0.09056370705366135,0.06918307393789291,0.09972895681858063,0.07374132424592972,0.10802356153726578,0.07891404628753662,0.11631183326244354,0.08085421472787857,0.12201571464538574,0.0824967548251152,0.12729139626026154,0.08471549302339554,0.13307695090770721,0.08321966230869293,0.13156042993068695,0.09145549684762955,0.14588144421577454,0.0815153568983078,0.12349329888820648,0.10115315765142441,0.15131251513957977,0.10106762498617172,0.13763676583766937,0.9964348077774048,0.08217978477478027,0.01396180223673582,p044_neutral_front,0.11816007039916582
0.2901472747325897,0.2976246178150177,0.19169749319553375,0.19705814123153687,0.12923133373260498,0.13488687574863434,0.09958938509225845,0.10461761057376862,0.07054375112056732,0.07923843711614609,0.05269420146942139,0.06437095254659653,0.05272045359015465,0.0663999691605568,0.049063436686992645,0.0641971230506897,0.046890102326869965,0.06356677412986755,0.048826295882463455,0.06771109253168106,0.05198795348405838,0.07235704362392426,0.05573552846908569,0.07541047036647797,0.05752504616975784,0.07722415775060654,0.05814230442047119,0.07857614010572433,0.05624808743596077,0.07705333828926086,0.0658678412437439,0.09069573879241943,0.05995704606175423,0.08389116078615189,0.06085554137825966,0.08520904183387756,0.05933908373117447,0.08272158354520798,0.06248537078499794,0.08697862923145294,0.06948915123939514,0.10006939619779587,0.07386588305234909,0.11020789295434952,0.07834643125534058,0.11746598780155182,0.0820281133055687,0.12674281001091003,0.08525761216878891,0.1347404271364212,0.086776502430439,0.14054282009601593,0.08647581934928894,0.1400664895772934,0.09491152316331863,0.1561560481786728,0.08490252494812012,0.1322973221540451,0.10339653491973877,0.16075006127357483,0.10375599563121796,0.14619643986225128,0.9761858582496643,0.08286438882350922,0.014479289762675762,p044_neutral_left,0.1203299204798032
0.2917976677417755,0.2990399897098541,0.19440080225467682,0.19998779892921448,0.13070793449878693,0.1368289291858673,0.10075446963310242,0.1068124771118164,0.07283923029899597,0.08469529449939728,0.05489946901798248,0.06869813054800034,0.05625097453594208,0.07218306511640549,0.05353446304798126,0.07152774930000305,0.05155392736196518,0.07188905030488968,0.055621467530727386,0.08123073726892471,0.059963855892419815,0.08743798732757568,0.0634622797369957,0.08931571990251541,0.06565969437360764,0.09242787212133408,0.06547018140554428,0.09363782405853271,0.06413604319095612,0.0943952351808548,0.07675755023956299,0.11882218718528748,0.06906100362539291,0.10301917791366577,0.06921108812093735,0.10242072492837906,0.06881066411733627,0.10247547179460526,0.06925248354673386,0.10313130915164948,0.07456588745117188,0.11033706367015839,0.0805332213640213,0.1205737516283989,0.08467162400484085,0.12795481085777283,0.08806754648685455,0.13390785455703735,0.09043525904417038,0.13931278884410858,0.09580855071544647,0.14971713721752167,0.09397172182798386,0.14722557365894318,0.10277336090803146,0.15985208749771118,0.09542527049779892,0.14172163605690002,0.1134958490729332,0.16675060987472534,0.11210383474826813,0.1535273939371109,0.9974022507667542,0.089230976998806,0.016573982313275337,p044_neutral_right,0.12873997946743404
0.28843954205513,0.2957322597503662,0.1907786875963211,0.19595684111118317,0.12816500663757324,0.13367775082588196,0.09852717816829681,0.10347660630941391,0.0715375617146492,0.08130345493555069,0.05258600041270256,0.06406857073307037,0.05327039957046509,0.06638416647911072,0.050110626965761185,0.06492398679256439,0.047947514802217484,0.06483142822980881,0.05162680894136429,0.07283645868301392,0.05483332648873329,0.07807619869709015,0.05795613303780556,0.08022478967905045,0.05964598432183266,0.0828680694103241,0.05960338935256004,0.08448799699544907,0.05816600099205971,0.08468746393918991,0.0727834403514862,0.1085483506321907,0.0630030706524849,0.09321952611207962,0.06324546784162521,0.09243477880954742,0.062211330980062485,0.09049999713897705,0.06462648510932922,0.09367622435092926,0.06967370957136154,0.10135875642299652,0.07437045872211456,0.10961584001779556,0.07945702224969864,0.11778967827558517,0.08149010688066483,0.12316828221082687,0.08307970315217972,0.12803767621517181,0.08622661978006363,0.13534778356552124,0.08444605022668839,0.1333928108215332,0.09230409562587738,0.1462814062833786,0.0835963636636734,0.12627257406711578,0.10267402231693268,0.15210358798503876,0.10250880569219589,0.1391192376613617,0.9951934218406677,0.08351662755012512,0.014417058788239956,p044_smile_front,0.12007105724628211
0.29190871119499207,0.2994005084037781,0.19313214719295502,0.1984604299068451,0.13032014667987823,0.1359289586544037,0.10047925263643265,0.10546641796827316,0.0713721364736557,0.08021629601716995,0.053145065903663635,0.06477884203195572,0.0531485490500927,0.06682290881872177,0.049579937011003494,0.06490889191627502,0.047552552074193954,0.06469614058732986,0.04962638393044472,0.06918924301862717,0.05269954726099968,0.07369151711463928,0.05635640397667885,0.07682012766599655,0.05823225528001785,0.07888994365930557,0.05886869877576828,0.08036425709724426,0.05709606036543846,0.07897764444351196,0.06722716987133026,0.09360071271657944,0.0609600804746151,0.08603794872760773,0.06179257854819298,0.08718013763427734,0.0601118765771389,0.08425207436084747,0.0637722983956337,0.08930931240320206,0.070987269282341,0.10284094512462616,0.07523612678050995,0.11249909549951553,0.08000495284795761,0.12026860564947128,0.08321680873632431,0.12883588671684265,0.08610764890909195,0.13640077412128448,0.08707784116268158,0.14117427170276642,0.08674775809049606,0.14079846441745758,0.09502501040697098,0.15657196938991547,0.08508138358592987,0.13185042142868042,0.10369738936424255,0.1605185866355896,0.10439261049032211,0.14585815370082855,0.9247448444366455,0.0837099477648735,0.014765799045562744,p044_smile_left,0.12151460424806042
0.29090121388435364,0.29811742901802063,0.19327092170715332,0.1985662281513214,0.13012927770614624,0.13575968146324158,0.10042686760425568,0.10565564781427383,0.0733363926410675,0.08367232978343964,0.05447690188884735,0.06668230891227722,0.055404115468263626,0.06955531984567642,0.052390843629837036,0.06846122443675995,0.050231993198394775,0.06850048899650574,0.05414775758981705,0.07719458639621735,0.05798984318971634,0.08299454301595688,0.06129714846611023,0.08512002974748611,0.06309760361909866,0.08777976036071777,0.06267306208610535,0.08887696266174316,0.061173319816589355,0.08919408172369003,0.07524015009403229,0.11331472545862198,0.06619688868522644,0.09799796342849731,0.0662732645869255,0.09728553146123886,0.0655580386519432,0.09612870961427689,0.06711797416210175,0.09810193628072739,0.07251862436532974,0.10598214715719223,0.0781366229057312,0.11571443825960159,0.08324705064296722,0.12411288172006607,0.085992231965065,0.12993694841861725,0.08803896605968475,0.1352914422750473,0.09251287579536438,0.14475949108600616,0.09076084196567535,0.1427857130765915,0.09860078245401382,0.15510159730911255,0.09094775468111038,0.13706599175930023,0.10876616835594177,0.1618914157152176,0.10804908722639084,0.1491580754518509,0.9835420250892639,0.08706703782081604,0.015686430037021637,p044_smile_right,0.12524547910811645
0.29303422570228577,0.3005191385746002,0.1953485757112503,0.2011987566947937,0.13162736594676971,0.13797350227832794,0.10124501585960388,0.1072506308555603,0.07208707183599472,0.0817708894610405,0.05536948889493942,0.0691317692399025,0.055850788950920105,0.07136722654104233,0.05169610306620598,0.06841076165437698,0.04824911057949066,0.06585121154785156,0.04973628371953964,0.0690884068608284,0.0531473234295845,0.07412068545818329,0.056504301726818085,0.0761762335896492,0.05760104954242706,0.07706749439239502,0.056393224745988846,0.07580240815877914,0.053377702832221985,0.07306269556283951,0.06334338337182999,0.08487291634082794,0.05803212895989418,0.08159128576517105,0.05927109718322754,0.08329195529222488,0.058349404484033585,0.08251892775297165,0.0606030635535717,0.08589210361242294,0.06885459274053574,0.10183803737163544,0.07648741453886032,0.11921427398920059,0.0820029154419899,0.1287538707256317,0.08702114969491959,0.14057503640651703,0.0904431939125061,0.1489836722612381,0.09482362866401672,0.1611555963754654,0.09250486642122269,0.15781749784946442,0.10125726461410522,0.17523382604122162,0.08837158232927322,0.15075428783893585,0.10980170965194702,0.18274374306201935,0.10642275214195251,0.16460774838924408,0.9973135590553284,0.08480924367904663,0.016237661242485046,p045_neutral_front,0.12742708206062417
0.29454395174980164,0.3027990460395813,0.1963488757610321,0.20353415608406067,0.13155873119831085,0.13922755420207977,0.10076938569545746,0.10826674848794937,0.07184906303882599,0.08417736738920212,0.05527482554316521,0.07187749445438385,0.05622721090912819,0.07486722618341446,0.053377002477645874,0.07344237715005875,0.05203108489513397,0.0731402337551117,0.054378680884838104,0.07692523300647736,0.05810564383864403,0.08218791335821152,0.06198309361934662,0.08550974726676941,0.06407566368579865,0.08772505819797516,0.06476198881864548,0.08924513310194016,0.06256727129220963,0.08740047365427017,0.073152557015419,0.09996173530817032,0.06850618869066238,0.09740666300058365,0.07027844339609146,0.09990518540143967,0.06832155585289001,0.09666609764099121,0.07292883843183517,0.1037374883890152,0.08430960029363632,0.1248813346028328,0.09213418513536453,0.14081408083438873,0.09860707819461823,0.15073975920677185,0.10440045595169067,0.1634233146905899,0.10924777388572693,0.17344242334365845,0.11148422956466675,0.17995846271514893,0.11072895675897598,0.17853674292564392,0.12104622274637222,0.1996382474899292,0.10403002053499222,0.1664247214794159,0.1265130192041397,0.20401933789253235,0.122585728764534,0.18284380435943604,0.987233579158783,0.09406981617212296,0.019605062901973724,p045_neutral_left,0.14001808062523113
0.29281771183013916,0.2999303638935089,0.1949281245470047,0.19978737831115723,0.13188675045967102,0.13723988831043243,0.10221495479345322,0.1073634922504425,0.0724584087729454,0.0804658830165863,0.056125346571207047,0.0686463713645935,0.05650743469595909,0.07147034257650375,0.0523892380297184,0.06910435110330582,0.04923518747091293,0.06681317090988159,0.05091601237654686,0.07090754061937332,0.05530963093042374,0.07766231149435043,0.059309668838977814,0.08125849068164825,0.06131530553102493,0.08367456495761871,0.06057943403720856,0.08237061649560928,0.05880151689052582,0.08089203387498856,0.06650672852993011,0.08935577422380447,0.06453385204076767,0.09102707356214523,0.06584735959768295,0.09306961297988892,0.06661994010210037,0.09522847831249237,0.06890910118818283,0.09923052042722702,0.07814108580350876,0.11648507416248322,0.08758595585823059,0.13496200740337372,0.09376683086156845,0.1461106687784195,0.09879809617996216,0.15691177546977997,0.10197308659553528,0.16454845666885376,0.10819099098443985,0.17770375311374664,0.10597468912601471,0.17533230781555176,0.11231979727745056,0.1853446513414383,0.10608217120170593,0.1705419421195984,0.1215161457657814,0.19145695865154266,0.12048644572496414,0.17950624227523804,0.99486243724823,0.0910455733537674,0.01832394301891327,p045_neutral_right,0.13536595960178935
0.29380637407302856,0.30129408836364746,0.19636428356170654,0.20225903391838074,0.13210313022136688,0.13861772418022156,0.10155300050973892,0.1081022247672081,0.07340240478515625,0.08503890782594681,0.05650417134165764,0.07103289663791656,0.0571279302239418,0.07328327000141144,0.05287560075521469,0.07017162442207336,0.04930664598941803,0.06731773167848587,0.05093332752585411,0.07140157371759415,0.05422797054052353,0.07583396136760712,0.05726438760757446,0.07691597938537598,0.058180537074804306,0.07753638923168182,0.05660764500498772,0.07588806748390198,0.053456198424100876,0.07312832027673721,0.06455545127391815,0.0880034789443016,0.05819252133369446,0.08173562586307526,0.05948605015873909,0.08328796178102493,0.058618851006031036,0.08243712782859802,0.060854606330394745,0.08556675165891647,0.0695110335946083,0.10174617171287537,0.07781941443681717,0.11923044919967651,0.08363381028175354,0.128839373588562,0.08868180960416794,0.14055615663528442,0.09200150519609451,0.14889030158519745,0.09698130190372467,0.16102248430252075,0.09440083056688309,0.15776340663433075,0.10378415137529373,0.17617148160934448,0.09074565023183823,0.15101101994514465,0.11292809247970581,0.1845729947090149,0.10931266099214554,0.16579967737197876,0.9959828853607178,0.0859830230474472,0.01641371287405491,p045_smile_front,0.1281160133396872
0.29478228092193604,0.30289316177368164,0.1969156116247177,0.20413945615291595,0.1324712336063385,0.14046621322631836,0.10179847478866577,0.10993926972150803,0.07319296151399612,0.08641741424798965,0.056995928287506104,0.07463891804218292,0.057985976338386536,0.07769894599914551,0.055148620158433914,0.07638851553201675,0.053723737597465515,0.07611692696809769,0.05598995462059975,0.07983241230249405,0.05969928950071335,0.08504553139209747,0.0634528249502182,0.08807698637247086,0.06548961251974106,0.09020622074604034,0.06612248718738556,0.0917128250002861,0.06398707628250122,0.09007417410612106,0.07453466206789017,0.10241606831550598,0.06996126472949982,0.10018809139728546,0.0716613382101059,0.10260095447301865,0.0696876049041748,0.09949353337287903,0.0738343596458435,0.1055934876203537,0.08503907918930054,0.1261664628982544,0.0929071456193924,0.14197738468647003,0.09918520599603653,0.15153060853481293,0.10496336966753006,0.16415634751319885,0.10970499366521835,0.1740494966506958,0.1121802106499672,0.18097172677516937,0.1110697090625763,0.17920571565628052,0.12153898179531097,0.20019683241844177,0.10439050197601318,0.16723257303237915,0.12734967470169067,0.20469553768634796,0.12290064245462418,0.18344593048095703,0.9927279949188232,0.09512050449848175,0.019972095265984535,p045_smile_left,0.14132266366717172
0.29243505001068115,0.29969632625579834,0.1944684386253357,0.1997549682855606,0.13101963698863983,0.13667407631874084,0.10108672827482224,0.106105275452137,0.0714370533823967,0.07924479246139526,0.05464572459459305,0.06687262654304504,0.05481044948101044,0.06924203038215637,0.05016276612877846,0.06611929833889008,0.04623781889677048,0.06322365254163742,0.04732297733426094,0.06606603413820267,0.050820786505937576,0.07149060815572739,0.05448029562830925,0.07415470480918884,0.05566565319895744,0.07538164407014847,0.05427313596010208,0.07372323423624039,0.05180220305919647,0.07162582129240036,0.06082995608448982,0.08085864037275314,0.05682232975959778,0.08073530346155167,0.058286212384700775,0.08281254023313522,0.05852491408586502,0.0837625116109848,0.06066012382507324,0.08673861622810364,0.06919832527637482,0.1029542088508606,0.0780351459980011,0.12118424475193024,0.08380495011806488,0.13055062294006348,0.08858684450387955,0.14179399609565735,0.09151655435562134,0.1494627445936203,0.09724649041891098,0.16206203401088715,0.09486890584230423,0.15906205773353577,0.10232315957546234,0.17238707840442657,0.09387397766113281,0.1538945883512497,0.11161749064922333,0.17984037101268768,0.10998521745204926,0.1656101793050766,0.9972450137138367,0.08474449813365936,0.016108734533190727,p045_smile_right,0.12692018962005505
0.345305472612381,0.35287219285964966,0.2246807962656021,0.23083984851837158,0.1483040302991867,0.15506470203399658,0.10882313549518585,0.11537294089794159,0.08095277845859528,0.09297313541173935,0.06508611887693405,0.07906437665224075,0.059002578258514404,0.07471001893281937,0.056050561368465424,0.0719873458147049,0.05492519214749336,0.07136952131986618,0.05665096640586853,0.07474561780691147,0.05859393998980522,0.07718388736248016,0.06306037306785583,0.08240426331758499,0.06371281296014786,0.08275487273931503,0.061744630336761475,0.08037212491035461,0.05847881734371185,0.07666296511888504,0.06741416454315186,0.08683528751134872,0.06188839301466942,0.08249513059854507,0.056180257350206375,0.07547908276319504,0.05297400429844856,0.07092872262001038,0.05300275608897209,0.07050009071826935,0.07020862400531769,0.09615694731473923,0.06945342570543289,0.09808837622404099,0.07944688200950623,0.11328258365392685,0.08595957607030869,0.1271473467350006,0.07885750383138657,0.11988512426614761,0.08615845441818237,0.13288649916648865,0.08540245145559311,0.130300834774971,0.08767789602279663,0.12880557775497437,0.08656755089759827,0.12032607197761536,0.09973747283220291,0.1329519897699356,0.09925761818885803,0.12251246720552444,0.9974040985107422,0.08792867511510849,0.015301773324608803,p046_neutral_front,0.12370033680070884
0.3372366726398468,0.3456488251686096,0.21482671797275543,0.2221977412700653,0.1408822238445282,0.1490851491689682,0.10212651640176773,0.11040585488080978,0.07058478891849518,0.08438093215227127,0.05938051640987396,0.07706545293331146,0.05450848862528801,0.07465174794197083,0.0530870296061039,0.07382813096046448,0.053614355623722076,0.07533028721809387,0.05379790812730789,0.07796534150838852,0.05724601075053215,0.08179636299610138,0.06317726522684097,0.08879866451025009,0.06484511494636536,0.09018910676240921,0.06442079693078995,0.08955086022615433,0.06130627542734146,0.08616944402456284,0.06449180841445923,0.08950640261173248,0.06416478753089905,0.0920327827334404,0.059975553303956985,0.08642205595970154,0.05661224201321602,0.08162849396467209,0.057652462273836136,0.0836980864405632,0.07490641623735428,0.11188506335020065,0.07493072748184204,0.11548309773206711,0.08360602706670761,0.1308906525373459,0.0908181369304657,0.146535262465477,0.08604832738637924,0.14181838929653168,0.0914965569972992,0.15316763520240784,0.09225867688655853,0.15238159894943237,0.09656152129173279,0.15235599875450134,0.09739215672016144,0.14180515706539154,0.11167997121810913,0.15483272075653076,0.11605261266231537,0.1452852338552475,0.8937579989433289,0.08934834599494934,0.017248772084712982,p046_neutral_left,0.13133458068883833
0.33922842144966125,0.3462661802768707,0.21764720976352692,0.22265394032001495,0.14402185380458832,0.14957694709300995,0.10620204359292984,0.11140869557857513,0.0753360465168953,0.08445565402507782,0.06183898076415062,0.07454603910446167,0.05539489537477493,0.07082205265760422,0.05262250825762749,0.06866449117660522,0.05136391147971153,0.06778976321220398,0.051957789808511734,0.07055742293596268,0.054979123175144196,0.07432794570922852,0.05946916341781616,0.0798032134771347,0.060241445899009705,0.08038226515054703,0.05801411345601082,0.07685624063014984,0.05526178702712059,0.07348676025867462,0.06003209948539734,0.07943680882453918,0.05906079709529877,0.07980456948280334,0.054735973477363586,0.07384633272886276,0.05310172960162163,0.07185081392526627,0.05312740430235863,0.07167211174964905,0.07028603553771973,0.09729430824518204,0.07309483736753464,0.10281795263290405,0.08273922652006149,0.11926715821027756,0.08991554379463196,0.13237091898918152,0.08382172137498856,0.12516261637210846,0.0926232859492302,0.14003661274909973,0.09237717092037201,0.13753974437713623,0.09476527571678162,0.13249564170837402,0.09732406586408615,0.13004954159259796,0.10832124203443527,0.137034609913826,0.10995420068502426,0.13012659549713135,0.7840508222579956,0.08771403133869171,0.01518862321972847,p046_neutral_right,0.12324213248612859
0.3492123484611511,0.3567028343677521,0.22802788019180298,0.2343459576368332,0.15058065950870514,0.15779060125350952,0.11048386245965958,0.11776699870824814,0.08242540061473846,0.09563994407653809,0.06650178134441376,0.08175446093082428,0.060901544988155365,0.07793392241001129,0.058376774191856384,0.0756995901465416,0.05770737677812576,0.07560083270072937,0.0598638579249382,0.07923462241888046,0.061913926154375076,0.0818341076374054,0.0663323774933815,0.08708851039409637,0.0670589730143547,0.08756635338068008,0.06504768878221512,0.08526661247015,0.06183016300201416,0.08168122172355652,0.07064845412969589,0.09123227000236511,0.06485392898321152,0.08697859197854996,0.05890413001179695,0.07980342209339142,0.0556519478559494,0.07520455121994019,0.05556490644812584,0.07458323985338211,0.072964146733284,0.10032261908054352,0.07313401997089386,0.10340266674757004,0.08352538198232651,0.1189034953713417,0.09022214263677597,0.132893905043602,0.0830974131822586,0.12576691806316376,0.08981724083423615,0.13766829669475555,0.08856293559074402,0.1345914900302887,0.09060698747634888,0.13263440132141113,0.08883745968341827,0.12283898144960403,0.10175725817680359,0.13517259061336517,0.10121265053749084,0.12490469217300415,0.9992163777351379,0.090833880007267,0.01619870215654373,p046_smile_front,0.1272741221008565
0.33731797337532043,0.3460873067378998,0.21464823186397552,0.22280819714069366,0.13987962901592255,0.1492583453655243,0.10065615177154541,0.11069854348897934,0.06955529004335403,0.08534882962703705,0.05938483774662018,0.0790310725569725,0.05557926371693611,0.07757298648357391,0.05456355959177017,0.07729817926883698,0.05556194484233856,0.07948704063892365,0.05604925751686096,0.08236848562955856,0.059384386986494064,0.08599314838647842,0.06520605832338333,0.09298179298639297,0.06698280572891235,0.09447809308767319,0.06672411412000656,0.094118133187294,0.06373972445726395,0.09085439890623093,0.06656254082918167,0.09365569055080414,0.06623194366693497,0.09614527225494385,0.06210307404398918,0.09043064713478088,0.058743368834257126,0.08552084118127823,0.05989224463701248,0.08789126574993134,0.07669617980718613,0.11546646058559418,0.07719896733760834,0.11889462918043137,0.08593722432851791,0.13462206721305847,0.09309417754411697,0.1498793363571167,0.08884626626968384,0.14531345665454865,0.09407225996255875,0.15525420010089874,0.09520938247442245,0.15518316626548767,0.09980424493551254,0.15447941422462463,0.1010628193616867,0.1449645608663559,0.11560719460248947,0.15712857246398926,0.12111025303602219,0.1499834954738617,0.8227515816688538,0.09121052175760269,0.01791958138346672,p046_smile_left,0.13386404066614274
0.34472325444221497,0.35203737020492554,0.2230401337146759,0.2287907600402832,0.14819344878196716,0.15453483164310455,0.1094854474067688,0.11553266644477844,0.07834986597299576,0.08891934901475906,0.06431891769170761,0.07783752679824829,0.057895876467227936,0.07368683069944382,0.055165763944387436,0.07132263481616974,0.05384308844804764,0.07064808905124664,0.053996335715055466,0.07264705002307892,0.05636874586343765,0.07521197944879532,0.06080048903822899,0.08016333729028702,0.06128677353262901,0.08035321533679962,0.05902135372161865,0.07747712731361389,0.05578332766890526,0.0738304853439331,0.061116546392440796,0.08050602674484253,0.05914687737822533,0.0794902816414833,0.05418071523308754,0.07311562448740005,0.051473651081323624,0.06955073028802872,0.051109179854393005,0.06854142248630524,0.0683586373925209,0.09344582259654999,0.07009336352348328,0.09796339273452759,0.07979919016361237,0.11338181793689728,0.08681395649909973,0.12653301656246185,0.08017490059137344,0.11939038336277008,0.08767275512218475,0.13269558548927307,0.08677204698324203,0.1298355758190155,0.08842093497514725,0.12630999088287354,0.08860727399587631,0.12072890996932983,0.10017935186624527,0.13040775060653687,0.1004721000790596,0.12212271243333817,0.9989099502563477,0.08699633926153183,0.01498621515929699,p046_smile_right,0.12241819782735322
0.33818790316581726,0.3461790382862091,0.21465912461280823,0.22106574475765228,0.138687402009964,0.1451924592256546,0.09829496592283249,0.10387171804904938,0.06524260342121124,0.07506778091192245,0.052689310163259506,0.06755340099334717,0.046565648168325424,0.06485869735479355,0.04400660842657089,0.06275608390569687,0.04333264380693436,0.06223562732338905,0.04299149662256241,0.06521503627300262,0.04705806076526642,0.06933999806642532,0.05294479429721832,0.07536999881267548,0.05425669625401497,0.07623768597841263,0.0521634966135025,0.07334019988775253,0.048508208245038986,0.06962018460035324,0.053333431482315063,0.07557681947946548,0.051170796155929565,0.07521910220384598,0.047526780515909195,0.0700540766119957,0.045952342450618744,0.06819088011980057,0.04504075646400452,0.06691685318946838,0.05973074585199356,0.09221957623958588,0.059793006628751755,0.09708870202302933,0.06930643320083618,0.11446579545736313,0.07654975354671478,0.1306985467672348,0.07037397474050522,0.12461632490158081,0.07818110287189484,0.14149616658687592,0.07711255550384521,0.13943515717983246,0.07968567311763763,0.1386127918958664,0.08066441118717194,0.13116709887981415,0.09460671991109848,0.14368943870067596,0.09711189568042755,0.13082687556743622,0.9949519634246826,0.07825737446546555,0.014730455353856087,p047_neutral_front,0.12136908730750218
0.33327147364616394,0.34094926714897156,0.20857682824134827,0.21425761282444,0.13412164151668549,0.14021533727645874,0.09438911825418472,0.09981229901313782,0.06037670746445656,0.06975393742322922,0.04582856595516205,0.059609852731227875,0.039687156677246094,0.05633687973022461,0.03738770633935928,0.054305218160152435,0.03697654604911804,0.05401637777686119,0.03652798384428024,0.056570541113615036,0.03982635587453842,0.06099879369139671,0.045203447341918945,0.06709347665309906,0.04696762189269066,0.06854855269193649,0.046143338084220886,0.06686601787805557,0.043651383370161057,0.06436716765165329,0.04818340018391609,0.06951823085546494,0.045818448066711426,0.06891269981861115,0.04277497157454491,0.06433228403329849,0.041569747030735016,0.06319169700145721,0.04161853343248367,0.06263767927885056,0.052538059651851654,0.0820784792304039,0.052491553127765656,0.0865863785147667,0.06011740118265152,0.100621297955513,0.06588930636644363,0.11412356048822403,0.06254929304122925,0.10985106229782104,0.06864646077156067,0.12392788380384445,0.06930989772081375,0.12236134707927704,0.0719086155295372,0.12189444154500961,0.07371514290571213,0.1159002035856247,0.08433376997709274,0.12624752521514893,0.08890155702829361,0.11896216124296188,0.9881801605224609,0.07159417867660522,0.012707201763987541,p047_neutral_left,0.11272622482806537
0.3393447697162628,0.34697625041007996,0.2156347781419754,0.22138267755508423,0.13936415314674377,0.1452353298664093,0.09881909936666489,0.10373538732528687,0.06523368507623672,0.07376572489738464,0.052409395575523376,0.06611230969429016,0.046360939741134644,0.06356026977300644,0.04382776841521263,0.061383917927742004,0.04301093518733978,0.060663674026727676,0.0428900271654129,0.0637839138507843,0.04703005775809288,0.06850532442331314,0.052811719477176666,0.07453326880931854,0.054106127470731735,0.07534600049257278,0.0518425852060318,0.07167468965053558,0.04843509942293167,0.0680517852306366,0.05317184701561928,0.07297097891569138,0.051602043211460114,0.07370706647634506,0.048012323677539825,0.06838902831077576,0.04718390852212906,0.06796656548976898,0.046005282551050186,0.06627914309501648,0.06073750928044319,0.09036587923765182,0.061515383422374725,0.09551843255758286,0.07111497223377228,0.11266423016786575,0.07825849205255508,0.12783272564411163,0.07236114144325256,0.12140776216983795,0.08142288029193878,0.1386207938194275,0.08106207102537155,0.13680267333984375,0.08384868502616882,0.1341862678527832,0.0860789343714714,0.1304585337638855,0.09801825135946274,0.140229269862175,0.099845290184021,0.1298094540834427,0.943030059337616,0.0794074684381485,0.01444163266569376,p047_neutral_right,0.12017334423945171
0.3390156030654907,0.34712398052215576,0.21477043628692627,0.2212994396686554,0.13847406208515167,0.14522108435630798,0.09791263192892075,0.10389690101146698,0.06445366889238358,0.07471271604299545,0.052312370389699936,0.06740392744541168,0.04649851843714714,0.06487739086151123,0.044137511402368546,0.0631922110915184,0.043649204075336456,0.06306052953004837,0.043353572487831116,0.06593900918960571,0.0472431518137455,0.07001764327287674,0.05319764092564583,0.07616224884986877,0.05457591637969017,0.0771498829126358,0.05275803804397583,0.07473085820674896,0.04918500408530235,0.07109907269477844,0.053552862256765366,0.07640060037374496,0.05183541029691696,0.07665587216615677,0.04823005199432373,0.07163602113723755,0.046323418617248535,0.0692182257771492,0.04575510323047638,0.06845034658908844,0.060552775859832764,0.09366562962532043,0.06071797013282776,0.09852973371744156,0.07003017514944077,0.11514890938997269,0.0773700475692749,0.13126763701438904,0.07165195792913437,0.12548008561134338,0.07902564853429794,0.14130809903144836,0.07838902622461319,0.13914775848388672,0.08127940446138382,0.1387837529182434,0.08166301250457764,0.12996602058410645,0.09559392929077148,0.14302021265029907,0.0976426973938942,0.13017868995666504,0.7955928444862366,0.07875381410121918,0.014824798330664635,p047_smile_front,0.1217571284593417
0.33261996507644653,0.3406327962875366,0.20801670849323273,0.21450653672218323,0.13304895162582397,0.14019306004047394,0.0930120199918747,0.09976935386657715,0.060376666486263275,0.07225102931261063,0.046860579401254654,0.0629195123910904,0.04168180003762245,0.06077900901436806,0.039769671857357025,0.05931219831109047,0.03975373134016991,0.05978218838572502,0.03974733501672745,0.06287840008735657,0.04302748292684555,0.06656812131404877,0.04847482964396477,0.07239915430545807,0.050274573266506195,0.07374554872512817,0.049703046679496765,0.07310764491558075,0.04696010425686836,0.07083535939455032,0.05242904648184776,0.0777462050318718,0.04909752681851387,0.07549147307872772,0.04596336558461189,0.07100179046392441,0.044265419244766235,0.06894199550151825,0.044318001717329025,0.06847871840000153,0.05645255371928215,0.08949686586856842,0.05664968863129616,0.094370998442173,0.0647398829460144,0.10865439474582672,0.07077906280755997,0.12295781075954437,0.06712564826011658,0.11852820962667465,0.07323147356510162,0.13231173157691956,0.07350753247737885,0.12998978793621063,0.07764331251382828,0.13255278766155243,0.0784481018781662,0.1217707097530365,0.09144636243581772,0.13682220876216888,0.09589935094118118,0.1265438348054886,0.9800981283187866,0.07469217479228973,0.013771899044513702,p047_smile_left,0.11735373468498436
0.34219810366630554,0.34996458888053894,0.21776117384433746,0.22379541397094727,0.14056360721588135,0.14662860333919525,0.09945031255483627,0.10441376268863678,0.06564302742481232,0.07450342178344727,0.05271217226982117,0.06671799719333649,0.046664074063301086,0.06426075100898743,0.044089678674936295,0.06202210485935211,0.043256793171167374,0.06130025535821915,0.04326453059911728,0.06480691581964493,0.04751100018620491,0.06941545009613037,0.05335496366024017,0.07546551525592804,0.054629601538181305,0.07620320469141006,0.052353035658597946,0.07250265777111053,0.048791974782943726,0.06871448457241058,0.05393140763044357,0.0748714804649353,0.05196164920926094,0.07450631260871887,0.04836094379425049,0.06915872544050217,0.04744868725538254,0.0684417113661766,0.04646337032318115,0.06693781167268753,0.06159833446145058,0.09193181246519089,0.06242359057068825,0.09743153303861618,0.07253484427928925,0.11548041552305222,0.07995760440826416,0.13134099543094635,0.07374215871095657,0.12468872219324112,0.08310229331254959,0.1423104852437973,0.0824308767914772,0.14021901786327362,0.08518381416797638,0.13839708268642426,0.0866108164191246,0.13292202353477478,0.09936415404081345,0.14442245662212372,0.10060311108827591,0.1322094351053238,0.9963787794113159,0.0802660882472992,0.014898018911480904,p047_smile_right,0.12205744103282234
0.33296799659729004,0.3402613401412964,0.2092435508966446,0.21484370529651642,0.13390964269638062,0.14008572697639465,0.09447849541902542,0.10049256682395935,0.06472499668598175,0.07751865684986115,0.05067160725593567,0.0669027641415596,0.04559853672981262,0.06517232209444046,0.04382428154349327,0.06398127973079681,0.043524306267499924,0.06394122540950775,0.044773608446121216,0.06887577474117279,0.04791119694709778,0.07198630273342133,0.052533261477947235,0.0764235258102417,0.053589172661304474,0.07669957727193832,0.05213770270347595,0.07441368699073792,0.049386166036129,0.07185224443674088,0.05715442821383476,0.0826629251241684,0.05138113349676132,0.07667956501245499,0.04778644070029259,0.07140454649925232,0.04651600867509842,0.0697125792503357,0.04707532376050949,0.06979714334011078,0.059751927852630615,0.0913388654589653,0.05970526114106178,0.0951928049325943,0.06836598366498947,0.11038237810134888,0.07253571599721909,0.12194628268480301,0.06601287424564362,0.11439920216798782,0.07225282490253448,0.12698866426944733,0.07157836854457855,0.12292380630970001,0.07764928042888641,0.1222916841506958,0.07950611412525177,0.11330264806747437,0.09431363642215729,0.12550318241119385,0.09821523725986481,0.11678829789161682,0.9962954521179199,0.07707186788320541,0.013568495400249958,p048_neutral_front,0.1164838847233812
0.33536818623542786,0.34398287534713745,0.2109629213809967,0.21845412254333496,0.13408930599689484,0.14217616617679596,0.0936075896024704,0.10156755894422531,0.06427070498466492,0.0780150517821312,0.05209193378686905,0.07051024585962296,0.04724112153053284,0.06908680498600006,0.04610313102602959,0.06900361180305481,0.04685058817267418,0.07152456045150757,0.04763854295015335,0.07564377039670944,0.05103461071848869,0.07831205427646637,0.057070981711149216,0.08495856076478958,0.058408472687006,0.08562798798084259,0.057223740965127945,0.08460845053195953,0.0528988242149353,0.0798310711979866,0.05875588208436966,0.08624900877475739,0.05439898371696472,0.0836707130074501,0.05073747783899307,0.0785527154803276,0.047609083354473114,0.07327467203140259,0.05019982531666756,0.07835619151592255,0.06686581671237946,0.10768457502126694,0.06452081352472305,0.10738714039325714,0.07526825368404388,0.1260579377412796,0.08139011263847351,0.14065130054950714,0.07688269764184952,0.13610169291496277,0.08088137954473495,0.14326639473438263,0.0837123692035675,0.14621569216251373,0.08767753839492798,0.14541152119636536,0.08844602108001709,0.13397809863090515,0.10124868154525757,0.14591622352600098,0.1057024598121643,0.13619361817836761,0.9925727248191833,0.08158846944570541,0.01589157246053219,p048_neutral_left,0.1260617803322331
0.33654287457466125,0.34443071484565735,0.2118115872144699,0.21862728893756866,0.13594961166381836,0.14418938755989075,0.0961516797542572,0.10545976459980011,0.0658528134226799,0.08079101145267487,0.05588381737470627,0.07625409215688705,0.05291285738348961,0.07702470570802689,0.05200788006186485,0.07695787400007248,0.05238588526844978,0.07776425033807755,0.05428500846028328,0.08381053805351257,0.05881444364786148,0.08942708373069763,0.06429475545883179,0.09583096951246262,0.06628604233264923,0.09761900454759598,0.06531951576471329,0.09524940699338913,0.06352853029966354,0.0936461016535759,0.0679863691329956,0.09886176139116287,0.06652825325727463,0.09952615201473236,0.06264683604240417,0.09361545741558075,0.062330905348062515,0.09412486106157303,0.06251858174800873,0.09400798380374908,0.07610227167606354,0.11653713881969452,0.07750122249126434,0.12129980325698853,0.08633922040462494,0.13745109736919403,0.09126409888267517,0.14881761372089386,0.08514763414859772,0.14129771292209625,0.09304258972406387,0.15532247722148895,0.093152716755867,0.15256258845329285,0.09508301317691803,0.1456238329410553,0.09997516125440598,0.14465653896331787,0.10855819284915924,0.14760474860668182,0.11388075351715088,0.14272409677505493,0.9153752326965332,0.08949613571166992,0.017671527341008186,p048_neutral_right,0.13293429708321394
0.33416473865509033,0.34134605526924133,0.2102968841791153,0.21559491753578186,0.13492988049983978,0.14084838330745697,0.09559875726699829,0.10121600329875946,0.06542997807264328,0.07719296962022781,0.050962213426828384,0.06640907377004623,0.04549185559153557,0.0642915740609169,0.043609876185655594,0.06306682527065277,0.04329109191894531,0.06303378939628601,0.04437704011797905,0.06763676553964615,0.0475701242685318,0.07083501666784286,0.05217987671494484,0.07527517527341843,0.05319930985569954,0.07548220455646515,0.05152395740151405,0.07283612340688705,0.04854000359773636,0.06984499841928482,0.056075237691402435,0.07971572130918503,0.05056506395339966,0.07478511333465576,0.04683835431933403,0.06946492940187454,0.04527817666530609,0.06724754720926285,0.04621218144893646,0.06768711656332016,0.05950820818543434,0.09000827372074127,0.05997483432292938,0.09480540454387665,0.06863517314195633,0.1097768098115921,0.07248146086931229,0.12102736532688141,0.06568914651870728,0.11338741332292557,0.07168066501617432,0.12564077973365784,0.07083828747272491,0.12114549428224564,0.07698126137256622,0.11999132484197617,0.07919254153966904,0.11096437275409698,0.09391949325799942,0.12256373465061188,0.09843683987855911,0.11474587023258209,0.9931207299232483,0.0768919363617897,0.013378660194575787,p048_smile_front,0.11566615838081502
0.33449119329452515,0.3427606225013733,0.20993457734584808,0.2169569432735443,0.13391850888729095,0.14169733226299286,0.09396938234567642,0.10176626592874527,0.06443183124065399,0.07772120088338852,0.05206914618611336,0.0701984390616417,0.04695890471339226,0.06855067610740662,0.0458071306347847,0.06862431019544601,0.046324457973241806,0.07082246243953705,0.046724945306777954,0.07430196553468704,0.04986794292926788,0.07671419531106949,0.05533565953373909,0.08255292475223541,0.056508421897888184,0.0829240009188652,0.0554494708776474,0.0818803533911705,0.05159202218055725,0.07752079516649246,0.05725404620170593,0.0836411789059639,0.053358495235443115,0.08209871500730515,0.04982727766036987,0.0770697221159935,0.046910107135772705,0.07166671007871628,0.04933831840753555,0.07631128281354904,0.06484923511743546,0.10395275056362152,0.06326635926961899,0.10428066551685333,0.07291071861982346,0.12082799524068832,0.0781969502568245,0.13376295566558838,0.07330190390348434,0.1285523772239685,0.07688311487436295,0.13495086133480072,0.0788540467619896,0.13613736629486084,0.08363185822963715,0.13592980802059174,0.08423413336277008,0.12392245978116989,0.09835588932037354,0.1372382789850235,0.10361328721046448,0.12921945750713348,0.9328192472457886,0.07994398474693298,0.015025438740849495,p048_smile_left,0.12257829636950211
0.33597224950790405,0.34365975856781006,0.21167123317718506,0.21814507246017456,0.13625586032867432,0.14411862194538116,0.09662877023220062,0.10543306916952133,0.06605177372694016,0.08083370327949524,0.05508389323949814,0.07542908191680908,0.05182577669620514,0.07585782557725906,0.05092994123697281,0.07585278153419495,0.05123819783329964,0.07654376327991486,0.05318685993552208,0.08260548859834671,0.05763092637062073,0.08805214613676071,0.06287158280611038,0.0940965786576271,0.06471793353557587,0.09561905264854431,0.06355149298906326,0.09279865771532059,0.061583735048770905,0.09071499854326248,0.06632086634635925,0.09634590893983841,0.06435798108577728,0.09633936733007431,0.06046687066555023,0.09031371027231216,0.05997573584318161,0.09033418446779251,0.06058148667216301,0.09073182195425034,0.07417453080415726,0.11351194232702255,0.07595054060220718,0.11905623227357864,0.0850990042090416,0.1357729285955429,0.08965727686882019,0.14690753817558289,0.08338897675275803,0.13950292766094208,0.09090495854616165,0.15321019291877747,0.09100433439016342,0.15041795372962952,0.09303968399763107,0.14330342411994934,0.09848345071077347,0.1425463855266571,0.10726457834243774,0.1453627049922943,0.11351349949836731,0.14126233756542206,0.9981837272644043,0.08818168193101883,0.017250441014766693,p048_smile_right,0.13134093426942986
0.3200068175792694,0.3264564871788025,0.20546603202819824,0.21036696434020996,0.1414952278137207,0.14637522399425507,0.10909392684698105,0.1127668172121048,0.06998499482870102,0.07597312331199646,0.05490245297551155,0.06404857337474823,0.049828000366687775,0.062005266547203064,0.05012926459312439,0.06305535137653351,0.046704184263944626,0.06106191501021385,0.04509070888161659,0.06029697135090828,0.0453837588429451,0.06212592124938965,0.05194765329360962,0.06895327568054199,0.052891142666339874,0.0694982185959816,0.05004778131842613,0.0667380839586258,0.05009952187538147,0.06669331341981888,0.05117807164788246,0.06661124527454376,0.051166463643312454,0.07082288712263107,0.049450211226940155,0.06822800636291504,0.04786590114235878,0.06674737483263016,0.0515880361199379,0.07267095893621445,0.059839557856321335,0.09042209386825562,0.05934291332960129,0.0964038148522377,0.06662062555551529,0.11024891585111618,0.06506990641355515,0.11401363462209702,0.06734105199575424,0.12441674619913101,0.06557692587375641,0.1244293749332428,0.06714805960655212,0.12637759745121002,0.07619868963956833,0.13578398525714874,0.079172782599926,0.13080652058124542,0.09328913688659668,0.13994702696800232,0.10412678867578506,0.14199607074260712,0.994897723197937,0.07736191153526306,0.013590620830655098,p049_neutral_front,0.11657881810455575
0.31857118010520935,0.3253633975982666,0.20365889370441437,0.20923572778701782,0.14016878604888916,0.14589203894138336,0.10840561985969543,0.1131117194890976,0.0691014900803566,0.07714693248271942,0.05595344305038452,0.06760656833648682,0.05183214694261551,0.06665898114442825,0.05253808572888374,0.06848526000976562,0.05027451366186142,0.067805714905262,0.049008093774318695,0.06731617450714111,0.0500018484890461,0.07013661414384842,0.056877441704273224,0.0779472291469574,0.05841826647520065,0.07932469248771667,0.0567682683467865,0.07783212512731552,0.05718313530087471,0.07818661630153656,0.057456739246845245,0.07718530297279358,0.05898895114660263,0.08284496515989304,0.057035546749830246,0.07974126189947128,0.055252280086278915,0.07805097103118896,0.060377687215805054,0.08611743152141571,0.07062194496393204,0.10538090765476227,0.07045362889766693,0.11023223400115967,0.078999362885952,0.1256081461906433,0.07841775566339493,0.12919384241104126,0.08253844082355499,0.14044392108917236,0.07911676913499832,0.1379430741071701,0.08146999031305313,0.14152193069458008,0.08789148926734924,0.14896999299526215,0.08965713530778885,0.14381098747253418,0.10062220692634583,0.14955812692642212,0.11172542721033096,0.15253038704395294,0.9886341691017151,0.08385349065065384,0.015415966510772705,p049_neutral_left,0.12416105069937475
0.32129743695259094,0.3278253972530365,0.20673592388629913,0.21155041456222534,0.1428712159395218,0.1476312279701233,0.11048740893602371,0.1140357255935669,0.07060227543115616,0.0764099583029747,0.05639844760298729,0.06516190618276596,0.051237065345048904,0.06286238133907318,0.051196835935115814,0.06355873495340347,0.04743572324514389,0.06124954670667648,0.04560453072190285,0.06054142862558365,0.046403925865888596,0.0630260556936264,0.053335048258304596,0.07039491087198257,0.0543120801448822,0.07115500420331955,0.05102243646979332,0.0674700140953064,0.05089116469025612,0.06714116036891937,0.05083031579852104,0.06573767960071564,0.05209363251924515,0.07124520093202591,0.05005265027284622,0.06806184351444244,0.04900018498301506,0.06766554713249207,0.05246167629957199,0.07334181666374207,0.060950156301259995,0.09087473899126053,0.06107930466532707,0.09697471559047699,0.06879071891307831,0.11187071353197098,0.06784044206142426,0.11561466008424759,0.07090909034013748,0.12646695971488953,0.07003412395715714,0.12748156487941742,0.07205366343259811,0.13035693764686584,0.0797986090183258,0.13741254806518555,0.08464907109737396,0.1360527127981186,0.09556615352630615,0.1413412094116211,0.10667961835861206,0.14477941393852234,0.7881519794464111,0.07912639528512955,0.013904067687690258,p049_neutral_right,0.1179155108019732
0.32028740644454956,0.3268073499202728,0.20556345582008362,0.2106068730354309,0.14115501940250397,0.1462206244468689,0.10839371383190155,0.11225922405719757,0.06893369555473328,0.07530918717384338,0.05390533432364464,0.06356791406869888,0.048743050545454025,0.06145830452442169,0.04899613931775093,0.06245466321706772,0.04560002312064171,0.060553178191185,0.04397463798522949,0.059725578874349594,0.04442952200770378,0.06169521436095238,0.0511338971555233,0.06858419626951218,0.052178651094436646,0.06917493790388107,0.04939177632331848,0.06655087321996689,0.04939994961023331,0.06647929549217224,0.050275031477212906,0.06616552174091339,0.05042678117752075,0.0706402063369751,0.04871222376823425,0.06801585108041763,0.04703385382890701,0.066404327750206,0.050639815628528595,0.07209102064371109,0.058736104518175125,0.08953645080327988,0.05802785977721214,0.09513230621814728,0.06497569382190704,0.10859519243240356,0.0634639710187912,0.11234074085950851,0.06583693623542786,0.12273822724819183,0.06431858986616135,0.12267250567674637,0.06608264893293381,0.12470103055238724,0.0755036398768425,0.13421885669231415,0.07872891426086426,0.12917965650558472,0.0929921343922615,0.1385921984910965,0.10397350788116455,0.1408396065235138,0.9951146245002747,0.07651468366384506,0.013439744710922241,p049_smile_front,0.11592991292553549
0.3212210536003113,0.32776522636413574,0.20685794949531555,0.21179039776325226,0.14210376143455505,0.14695598185062408,0.10915622860193253,0.11271952092647552,0.0693240538239479,0.07523322105407715,0.0544828325510025,0.06344050168991089,0.049324337393045425,0.06131357327103615,0.049359649419784546,0.06198427826166153,0.04559474065899849,0.05962015315890312,0.04402320086956024,0.05896778032183647,0.044868625700473785,0.06147030368447304,0.0518309660255909,0.06870667636394501,0.05288851633667946,0.06915596127510071,0.04952232167124748,0.06526897847652435,0.049405016005039215,0.06495106220245361,0.04974028095602989,0.06382976472377777,0.0504259429872036,0.06894190609455109,0.048447102308273315,0.0658145397901535,0.04734974354505539,0.06540653109550476,0.05068640410900116,0.07088194787502289,0.05875800549983978,0.08818695694208145,0.05852506309747696,0.09441392868757248,0.0661979392170906,0.10961680859327316,0.06490890681743622,0.11348773539066315,0.06786864995956421,0.12482436746358871,0.06725548952817917,0.12628591060638428,0.06950053572654724,0.129353865981102,0.0783005952835083,0.13721522688865662,0.0837283730506897,0.13655421137809753,0.09568212181329727,0.14259320497512817,0.10746271908283234,0.14679008722305298,0.9943020343780518,0.07758205384016037,0.013697938062250614,p049_smile_left,0.11703819061422051
0.3196806311607361,0.3264850080013275,0.2046840786933899,0.21018525958061218,0.14064648747444153,0.14625407755374908,0.1085212305188179,0.11307983845472336,0.06907613575458527,0.07688973098993301,0.05565518140792847,0.06696593016386032,0.05129396542906761,0.06576412916183472,0.05194240063428879,0.06744793802499771,0.04951569437980652,0.0667128935456276,0.04819505289196968,0.06613817811012268,0.04907519370317459,0.068802610039711,0.056026700884103775,0.07662290334701538,0.057472676038742065,0.07789948582649231,0.05576648935675621,0.07641195505857468,0.05612121894955635,0.0766882598400116,0.05660276859998703,0.0758398249745369,0.057965248823165894,0.08156638592481613,0.05603262782096863,0.07848512381315231,0.05400516837835312,0.07635298371315002,0.05909127742052078,0.08442579954862595,0.0692514106631279,0.10391862690448761,0.06860964000225067,0.10820822417736053,0.07713305205106735,0.12346012890338898,0.07637789845466614,0.12702037394046783,0.0804218053817749,0.13844268023967743,0.07685039192438126,0.13561345636844635,0.07930665463209152,0.13951705396175385,0.08577857911586761,0.14743919670581818,0.08736144006252289,0.1417045295238495,0.0987604483962059,0.1481921523809433,0.10982004553079605,0.1508341282606125,0.7565183043479919,0.0828106552362442,0.015180766582489014,p049_smile_right,0.12321025356068793
0.3144986033439636,0.32101643085479736,0.1990707516670227,0.20451636612415314,0.1343209594488144,0.1400294005870819,0.10160085558891296,0.10631297528743744,0.06445476412773132,0.0739678367972374,0.04999925568699837,0.06325570493936539,0.04668498411774635,0.06383700668811798,0.04769996553659439,0.0657648965716362,0.04532762989401817,0.06489628553390503,0.04590452089905739,0.06683953106403351,0.04634368047118187,0.06854698807001114,0.052146125584840775,0.07400964200496674,0.05311313271522522,0.07404755055904388,0.050569865852594376,0.07117180526256561,0.05099458247423172,0.0717117041349411,0.056350529193878174,0.07725182175636292,0.05255521088838577,0.07633586972951889,0.05062349513173103,0.07280701398849487,0.04977540299296379,0.07210183888673782,0.054544880986213684,0.07858233898878098,0.0625382736325264,0.09561488032341003,0.06269972026348114,0.10230090469121933,0.07221074402332306,0.11889537423849106,0.06956366449594498,0.12049280107021332,0.07188001275062561,0.12996099889278412,0.07051458954811096,0.13009335100650787,0.07157997786998749,0.13110952079296112,0.08111894130706787,0.1406983733177185,0.08372586965560913,0.13380910456180573,0.0981830433011055,0.14281459152698517,0.10875723510980606,0.14300276339054108,0.9945967197418213,0.07805036753416061,0.01402437686920166,p050_neutral_front,0.11842456193375452
0.31458359956741333,0.3216668665409088,0.19952581822872162,0.2063431292772293,0.13406379520893097,0.14153258502483368,0.10078896582126617,0.10781887918710709,0.06465171277523041,0.07819126546382904,0.051799193024635315,0.06915094703435898,0.0496351458132267,0.070987269282341,0.05174918845295906,0.07444968819618225,0.05107183754444122,0.07661387324333191,0.0516769103705883,0.07836933434009552,0.052339158952236176,0.0797538086771965,0.05879262834787369,0.08632504194974899,0.060176603496074677,0.08690142631530762,0.058836810290813446,0.08674637228250504,0.05888540670275688,0.08666124939918518,0.06334074586629868,0.09121867269277573,0.06071540713310242,0.09165290743112564,0.058525361120700836,0.08762049674987793,0.05592106282711029,0.08334258943796158,0.06202933192253113,0.0929735004901886,0.07279318571090698,0.11526373028755188,0.07190343737602234,0.11890607327222824,0.08214166760444641,0.1361890733242035,0.08058246225118637,0.13891495764255524,0.08499307930469513,0.15138988196849823,0.08087489753961563,0.14577308297157288,0.08349314332008362,0.15004752576351166,0.09293843060731888,0.16313232481479645,0.0915263369679451,0.14856381714344025,0.10668613761663437,0.16242998838424683,0.11625929921865463,0.16067330539226532,0.9416692852973938,0.08462721854448318,0.016795650124549866,p050_neutral_left,0.1295980328729949
0.31576699018478394,0.3223726153373718,0.20012594759464264,0.20570401847362518,0.13537435233592987,0.14191605150699615,0.1027858704328537,0.10901284962892532,0.06484857201576233,0.07654182612895966,0.052113886922597885,0.06851087510585785,0.05002512410283089,0.07054052501916885,0.05162525549530983,0.07349485158920288,0.0500815287232399,0.0735054463148117,0.05145836994051933,0.07672664523124695,0.05364276096224785,0.08115776628255844,0.06000155583024025,0.08819987624883652,0.061976343393325806,0.0896807536482811,0.060152970254421234,0.08659395575523376,0.06105579808354378,0.08715347945690155,0.06405486166477203,0.08886245638132095,0.06371517479419708,0.09332325309515,0.06129090115427971,0.08872059732675552,0.061049968004226685,0.08903104811906815,0.0657009705901146,0.09614782780408859,0.07493165135383606,0.11567942798137665,0.07697694003582001,0.1245952919125557,0.08659878373146057,0.14237825572490692,0.08483675122261047,0.14442288875579834,0.08757621794939041,0.15425457060337067,0.08707401156425476,0.15541775524616241,0.08848409354686737,0.1573660969734192,0.09435538947582245,0.15963661670684814,0.10056254267692566,0.16128572821617126,0.10806390643119812,0.15906177461147308,0.12066111713647842,0.164616659283638,0.9949420690536499,0.08700808137655258,0.017313480377197266,p050_neutral_right,0.1315806991058995
0.31371569633483887,0.3202301859855652,0.19856813549995422,0.20390938222408295,0.13346131145954132,0.13923443853855133,0.10049344599246979,0.10535700619220734,0.06353727728128433,0.07325179129838943,0.04926403611898422,0.06296513974666595,0.04654340818524361,0.06411625444889069,0.04763185977935791,0.06613372266292572,0.04562501236796379,0.0655393898487091,0.04661601781845093,0.0679476261138916,0.04751979932188988,0.07020249217748642,0.053465522825717926,0.07592756301164627,0.05457092449069023,0.07614009827375412,0.05203329399228096,0.07319745421409607,0.052469052374362946,0.07367301732301712,0.05786309391260147,0.07895057648420334,0.054160334169864655,0.07849189639091492,0.05204816907644272,0.07470294088125229,0.05124427378177643,0.07408207654953003,0.05608333274722099,0.08038537949323654,0.06428458541631699,0.09749411791563034,0.06497378647327423,0.10490158945322037,0.07487636804580688,0.12193379551172256,0.07222120463848114,0.1234949380159378,0.07467067986726761,0.13285702466964722,0.07349570840597153,0.1332874447107315,0.07448384165763855,0.13418836891651154,0.08365579694509506,0.14230650663375854,0.08696360886096954,0.13655108213424683,0.1006452664732933,0.14348845183849335,0.11172327399253845,0.14441007375717163,0.9952291250228882,0.07932683825492859,0.014296901412308216,p050_smile_front,0.11956965088310753
0.318430632352829,0.32543104887008667,0.203241765499115,0.2099146544933319,0.1369059681892395,0.14430175721645355,0.10309841483831406,0.11012933403253555,0.06649195402860641,0.08098758012056351,0.05288303643465042,0.07054030895233154,0.050732310861349106,0.0721958726644516,0.05260968953371048,0.07541682571172714,0.05173344165086746,0.07699006050825119,0.052419934421777725,0.07929198443889618,0.05294961482286453,0.08060740679502487,0.05923912301659584,0.08673077076673508,0.060528334230184555,0.08716264367103577,0.058913908898830414,0.08626160770654678,0.05899592861533165,0.08623961359262466,0.06392337381839752,0.09307180345058441,0.06099853292107582,0.09149030596017838,0.05866288021206856,0.08721914887428284,0.056109581142663956,0.08331137150526047,0.06191428750753403,0.09232832491397858,0.07290017604827881,0.11474473774433136,0.07270205020904541,0.12012452632188797,0.08307239413261414,0.13815076649188995,0.08158951252698898,0.14072994887828827,0.08593828231096268,0.15291133522987366,0.0823463723063469,0.14868409931659698,0.0846274197101593,0.15176303684711456,0.09462019056081772,0.16510668396949768,0.09301090985536575,0.150274395942688,0.10857919603586197,0.1642078012228012,0.11782649904489517,0.16159385442733765,0.9922349452972412,0.08574733138084412,0.017173323780298233,p050_smile_left,0.13104702888771738
0.3180335462093353,0.32470422983169556,0.2021479606628418,0.20784416794776917,0.136266827583313,0.1430528312921524,0.10279516130685806,0.10949083417654037,0.06560853123664856,0.07850206643342972,0.05332188308238983,0.07057052105665207,0.05229930207133293,0.07352526485919952,0.054013848304748535,0.07667218893766403,0.05294447019696236,0.07693912088871002,0.05501788109540939,0.08117008954286575,0.05755569040775299,0.0859244167804718,0.0638970360159874,0.09298116713762283,0.06587015092372894,0.09457973390817642,0.06389573961496353,0.0914161279797554,0.06492066383361816,0.09230108559131622,0.06901568174362183,0.09590284526348114,0.06791438162326813,0.09876056760549545,0.06516042351722717,0.09360520541667938,0.06532087922096252,0.0946541279554367,0.0705043375492096,0.10234957188367844,0.08018189668655396,0.12171953171491623,0.08248068392276764,0.13032718002796173,0.0937139242887497,0.15077422559261322,0.0918085128068924,0.152241051197052,0.09529802948236465,0.16286306083202362,0.0951375886797905,0.1643490344285965,0.09701257199048996,0.16717824339866638,0.10303959250450134,0.16930848360061646,0.10977157950401306,0.1726199984550476,0.11685611307621002,0.1693500429391861,0.12972210347652435,0.17585493624210358,0.9922595620155334,0.09167196601629257,0.018798837438225746,p050_smile_right,0.13710885251589608
0.3228422701358795,0.32945623993873596,0.20567242801189423,0.2113187164068222,0.13831406831741333,0.14439153671264648,0.10537570714950562,0.11062585562467575,0.06880277395248413,0.07929638773202896,0.05483285337686539,0.06858129799365997,0.051938027143478394,0.0691598430275917,0.052963826805353165,0.07118745148181915,0.050433240830898285,0.07013475149869919,0.050445396453142166,0.07129071652889252,0.05109204724431038,0.07312915474176407,0.05720023810863495,0.07929126918315887,0.05809829756617546,0.07947991043329239,0.05519508197903633,0.07621868699789047,0.05519138649106026,0.07603096216917038,0.058958228677511215,0.08018289506435394,0.05563987419009209,0.07890182733535767,0.05292115733027458,0.07460596412420273,0.05155404657125473,0.07292841374874115,0.0563121996819973,0.07925410568714142,0.06543717533349991,0.09672631323337555,0.06587649881839752,0.10259614884853363,0.07514059543609619,0.11851131170988083,0.07275603711605072,0.11992542445659637,0.07544495910406113,0.1290052831172943,0.07405354827642441,0.12772738933563232,0.07600007206201553,0.12865322828292847,0.0861193984746933,0.1366211175918579,0.0886395201086998,0.1300838589668274,0.10148698836565018,0.13759732246398926,0.11115812510251999,0.1388700157403946,0.9943265914916992,0.08213085681200027,0.01446340512484312,p051_neutral_front,0.12026389784487745
0.3251648545265198,0.3325890600681305,0.20767246186733246,0.21537311375141144,0.13872137665748596,0.14733974635601044,0.10435470193624496,0.11304359883069992,0.06753924489021301,0.08299203962087631,0.05668545886874199,0.07628979533910751,0.05551663041114807,0.07896584272384644,0.057999469339847565,0.08335909992456436,0.05769236013293266,0.08612764626741409,0.05752681568264961,0.08648040145635605,0.05878179147839546,0.08865432441234589,0.06603895872831345,0.09688267856836319,0.06777423620223999,0.09822352975606918,0.06654859334230423,0.09780848771333694,0.06638702750205994,0.09744275361299515,0.06763465702533722,0.0964214950799942,0.06741838902235031,0.10065893828868866,0.06481857597827911,0.09620077908039093,0.06206997111439705,0.09183146804571152,0.06829532235860825,0.1017218753695488,0.08019029349088669,0.12429310381412506,0.07933825999498367,0.12628298997879028,0.089058056473732,0.143029123544693,0.08772328495979309,0.14486190676689148,0.09254782646894455,0.1565627008676529,0.0881580039858818,0.14851640164852142,0.0918455570936203,0.15355578064918518,0.10136961191892624,0.162186861038208,0.10222304612398148,0.1530461609363556,0.11467558890581131,0.16012735664844513,0.12595148384571075,0.16302095353603363,0.991976797580719,0.09154354780912399,0.01841382309794426,p051_neutral_left,0.13569754271151802
0.32823410630226135,0.33482447266578674,0.2111976146697998,0.21706019341945648,0.14340882003307343,0.15024122595787048,0.10997013747692108,0.1171073392033577,0.07204952090978622,0.0852602943778038,0.0607222355902195,0.07881226390600204,0.060130681842565536,0.0820697620511055,0.061990559101104736,0.08557344973087311,0.060937050729990005,0.08595740795135498,0.06204763427376747,0.08905977755784988,0.0651688203215599,0.09412211924791336,0.0721575990319252,0.1023186594247818,0.0742042288184166,0.10417728871107101,0.07211221754550934,0.10073079913854599,0.07280991971492767,0.10140907019376755,0.07283282279968262,0.10083893686532974,0.07449664920568466,0.10554171353578568,0.07094599306583405,0.09987740218639374,0.07088985294103622,0.10125555098056793,0.07477148622274399,0.10732564330101013,0.08568146079778671,0.12576334178447723,0.08877186477184296,0.13311722874641418,0.09850969165563583,0.15153329074382782,0.09737741202116013,0.1520344465970993,0.10125309228897095,0.16139961779117584,0.10137980431318283,0.1616186648607254,0.103428915143013,0.16321870684623718,0.11013919115066528,0.16476890444755554,0.1159285306930542,0.16660679876804352,0.1216563805937767,0.16316606104373932,0.1329253762960434,0.16844616830348969,0.9765549302101135,0.09833817183971405,0.01970760151743889,p051_neutral_right,0.14038376514910436
0.32353413105010986,0.3301040232181549,0.20613105595111847,0.21165120601654053,0.1383732259273529,0.14437240362167358,0.10540103912353516,0.11053469032049179,0.06914793699979782,0.07953983545303345,0.055075753480196,0.06867678463459015,0.0523262582719326,0.06944805383682251,0.053255874663591385,0.07121158391237259,0.05046646296977997,0.06978420168161392,0.05072012543678284,0.07125872373580933,0.05144437775015831,0.0730905830860138,0.057591892778873444,0.07912788540124893,0.058328740298748016,0.07912741601467133,0.05516238138079643,0.07558060437440872,0.0550968162715435,0.07559811323881149,0.05911737307906151,0.08028925955295563,0.055384233593940735,0.07803689688444138,0.05254316329956055,0.07368628680706024,0.051594704389572144,0.07290495187044144,0.056319430470466614,0.07879472523927689,0.0652289092540741,0.09471529722213745,0.06598588824272156,0.10072866082191467,0.07564616948366165,0.11709652096033096,0.07310023158788681,0.11807683110237122,0.0757446363568306,0.1267988532781601,0.07472468167543411,0.12609536945819855,0.0765102431178093,0.1267118602991104,0.08640836924314499,0.1338799148797989,0.08950839936733246,0.12846502661705017,0.10187096148729324,0.13502620160579681,0.11170487850904465,0.13678662478923798,0.9940577149391174,0.0823756605386734,0.014287595637142658,p051_smile_front,0.11953073093201873
0.326546311378479,0.33385908603668213,0.2090941071510315,0.21599861979484558,0.14034223556518555,0.14788298308849335,0.10624677687883377,0.11357723921537399,0.06907417625188828,0.08297775685787201,0.05730718374252319,0.07518193125724792,0.0559336356818676,0.07749424129724503,0.05823357030749321,0.08148057013750076,0.0576915517449379,0.08386600017547607,0.057792697101831436,0.0846918448805809,0.05887099727988243,0.08690297603607178,0.06598406285047531,0.0951719582080841,0.06762653589248657,0.09643684327602386,0.06643681973218918,0.09603184461593628,0.06634488701820374,0.09549209475517273,0.06861156225204468,0.09628904610872269,0.06730252504348755,0.09884375333786011,0.06453721225261688,0.09422201663255692,0.0619158037006855,0.08983004838228226,0.06863343715667725,0.10073880851268768,0.08020979166030884,0.1231178343296051,0.0792253389954567,0.12492509931325912,0.08962886035442352,0.14258144795894623,0.0879884660243988,0.14422693848609924,0.09269990026950836,0.15593509376049042,0.08780708909034729,0.14727848768234253,0.09150642156600952,0.15271024405956268,0.10010845959186554,0.16082563996315002,0.10074581205844879,0.15106159448623657,0.11276280134916306,0.1581890881061554,0.12393924593925476,0.16059836745262146,0.992260754108429,0.09165412932634354,0.018179871141910553,p051_smile_left,0.13483275248214194
0.3291618525981903,0.3357463777065277,0.21212275326251984,0.2179902046918869,0.14331266283988953,0.15010759234428406,0.10942792147397995,0.11627473682165146,0.07163979858160019,0.08439348638057709,0.0595552958548069,0.07696444541215897,0.05875648558139801,0.0798199474811554,0.06036140397191048,0.08301927894353867,0.059120774269104004,0.0830068364739418,0.06053432077169418,0.08635104447603226,0.0634717121720314,0.09115700423717499,0.07012210786342621,0.09912929683923721,0.07194148749113083,0.10068410634994507,0.06971891224384308,0.09700680524110794,0.07032510638237,0.09747394919395447,0.0716695487499237,0.09853112697601318,0.07193027436733246,0.101422019302845,0.06841660290956497,0.09566811472177505,0.06836578249931335,0.09662218391895294,0.07302337884902954,0.10331899672746658,0.08431944996118546,0.12201149761676788,0.0876307338476181,0.12952479720115662,0.0982828140258789,0.1489134579896927,0.09690281748771667,0.14941184222698212,0.10088303685188293,0.1588045060634613,0.1009552851319313,0.15891042351722717,0.10335203260183334,0.16067399084568024,0.1103493869304657,0.1624196171760559,0.11606661975383759,0.16403254866600037,0.12281876057386398,0.16140073537826538,0.1344408243894577,0.16704151034355164,0.9920583367347717,0.09739436954259872,0.01914311945438385,p051_smile_right,0.13835866237566713
