band_00_mae,band_00_rmse,band_01_mae,band_01_rmse,band_02_mae,band_02_rmse,band_03_mae,band_03_rmse,band_04_mae,band_04_rmse,band_05_mae,band_05_rmse,band_06_mae,band_06_rmse,band_07_mae,band_07_rmse,band_08_mae,band_08_rmse,band_09_mae,band_09_rmse,band_10_mae,band_10_rmse,band_11_mae,band_11_rmse,band_12_mae,band_12_rmse,band_13_mae,band_13_rmse,band_14_mae,band_14_rmse,band_15_mae,band_15_rmse,band_16_mae,band_16_rmse,band_17_mae,band_17_rmse,band_18_mae,band_18_rmse,band_19_mae,band_19_rmse,band_20_mae,band_20_rmse,band_21_mae,band_21_rmse,band_22_mae,band_22_rmse,band_23_mae,band_23_rmse,band_24_mae,band_24_rmse,band_25_mae,band_25_rmse,band_26_mae,band_26_rmse,band_27_mae,band_27_rmse,band_28_mae,band_28_rmse,band_29_mae,band_29_rmse,band_30_mae,band_30_rmse,max_abs_err,mean_abs_err,mse,name,psnr_1,psnr_255,rmse
0.2933475375175476,0.301119863986969,0.2037631720304489,0.2111767679452896,0.11907122284173965,0.12898725271224976,0.10627403110265732,0.11768343299627304,0.08277881890535355,0.10508818179368973,0.06256116181612015,0.08093661814928055,0.06942462921142578,0.08999834209680557,0.07438906282186508,0.09723275154829025,0.07007859647274017,0.09322305023670197,0.0709221288561821,0.09876113384962082,0.06809008121490479,0.0939122810959816,0.0716821551322937,0.09587971121072769,0.07443972676992416,0.09860966354608536,0.07351171970367432,0.09724214673042297,0.07295497506856918,0.09776005148887634,0.08286837488412857,0.1146843284368515,0.07427876442670822,0.1011858731508255,0.07457136362791061,0.10195465385913849,0.07425590604543686,0.10211164504289627,0.07716158032417297,0.10558181256055832,0.0857124999165535,0.11820509284734726,0.0949045941233635,0.1356804370880127,0.10212352126836777,0.1470644623041153,0.10465426743030548,0.15508809685707092,0.1048295646905899,0.15862634778022766,0.10521139949560165,0.16112366318702698,0.10416270792484283,0.1589248776435852,0.113237664103508,0.17051495611667633,0.10446442663669586,0.15157470107078552,0.11870770901441574,0.16875924170017242,0.11716650426387787,0.15586067736148834,0.9908572435379028,0.09845033288002014,0.018749412149190903,p001_neutral_front,17.27012344169049,65.40092705036959,0.1369284928318095
0.2882657051086426,0.29656654596328735,0.20430178940296173,0.21325431764125824,0.12065957486629486,0.13379161059856415,0.1110583245754242,0.1266767978668213,0.09770485758781433,0.12625528872013092,0.0740819051861763,0.09548594057559967,0.08305488526821136,0.10642793774604797,0.08956141024827957,0.11480668932199478,0.08507232367992401,0.10969502478837967,0.08900182694196701,0.11816921085119247,0.0841635912656784,0.11070781946182251,0.08539072424173355,0.1099727526307106,0.08743508160114288,0.11191225051879883,0.08618440479040146,0.11025892943143845,0.08603207021951675,0.11103133857250214,0.10288050770759583,0.1362663060426712,0.08854012936353683,0.114859439432621,0.08877862989902496,0.11511383205652237,0.0883944109082222,0.11500368267297745,0.09268034249544144,0.11960019171237946,0.10104609280824661,0.1308499127626419,0.1096823513507843,0.14505797624588013,0.11812017858028412,0.15638984739780426,0.11944738030433655,0.16223029792308807,0.11930013447999954,0.16491159796714783,0.11656197905540466,0.16200406849384308,0.11561569571495056,0.16034312546253204,0.12360505759716034,0.17268194258213043,0.10890118777751923,0.14674721658229828,0.1225133091211319,0.16684409976005554,0.11691705137491226,0.15160579979419708,0.991422176361084,0.10984551161527634,0.02088765799999237,p001_neutral_left,16.801102519631698,64.9319061283108,0.14452563094479945
0.29361963272094727,0.301109254360199,0.2016315907239914,0.20789657533168793,0.11831726133823395,0.12607254087924957,0.10425493121147156,0.1123928502202034,0.07429537177085876,0.09010668843984604,0.05643686279654503,0.07156258076429367,0.062011171132326126,0.07944228500127792,0.06609005481004715,0.08577387034893036,0.0615558996796608,0.08243578672409058,0.05996322259306908,0.08503517508506775,0.058686837553977966,0.08278337866067886,0.06411818414926529,0.08719490468502045,0.06731216609477997,0.09050989151000977,0.0663415938615799,0.08887065201997757,0.0653088390827179,0.08858291804790497,0.0693478211760521,0.09671583026647568,0.06622970104217529,0.09162783622741699,0.06674155592918396,0.09271515160799026,0.06619461625814438,0.09262511134147644,0.0684923380613327,0.09566782414913177,0.07791128009557724,0.11059091985225677,0.08740013092756271,0.12976737320423126,0.09378376603126526,0.14103244245052338,0.09789301455020905,0.15153346955776215,0.09909158200025558,0.15689997375011444,0.10058122873306274,0.16149090230464935,0.10014847666025162,0.1610845923423767,0.10798799246549606,0.171059712767601,0.10319925099611282,0.15774033963680267,0.11579021066427231,0.17161990702152252,0.11752627789974213,0.16172130405902863,0.9947209358215332,0.09221356362104416,0.017572801560163498,p001_neutral_right,17.551589951849756,65.68239356052887,0.1325624440034337
0.2910112142562866,0.29878729581832886,0.20268745720386505,0.21038579940795898,0.11883389949798584,0.12922786176204681,0.10673251003026962,0.11876528710126877,0.08489677309989929,0.1084524467587471,0.06426545232534409,0.0833931565284729,0.07130492478609085,0.09264691174030304,0.07654242217540741,0.10016980767250061,0.07209835201501846,0.09600261598825455,0.07307399809360504,0.10171504318714142,0.06988803297281265,0.09641502052545547,0.07325770705938339,0.09791623800992966,0.07588443160057068,0.10038194060325623,0.074762262403965,0.09889352321624756,0.07398014515638351,0.09928540885448456,0.08411601930856705,0.11654208600521088,0.07529153674840927,0.10276149213314056,0.0756678506731987,0.1036614328622818,0.07503066956996918,0.10335639864206314,0.07797632366418839,0.1066831648349762,0.08715011924505234,0.12003318220376968,0.0966092199087143,0.1376715749502182,0.10387976467609406,0.1485813409090042,0.10663174837827682,0.15713496506214142,0.10713095963001251,0.16115136444568634,0.10721757262945175,0.16308918595314026,0.10617370158433914,0.16088716685771942,0.11545807123184204,0.17411522567272186,0.1048489362001419,0.1524718850851059,0.119889996945858,0.17194634675979614,0.1172177717089653,0.1575726419687271,0.9937477111816406,0.09967103600502014,0.019155746325850487,p001_smile_front,17.177009228307664,65.30781283698677,0.138404285792928
0.28771424293518066,0.2959614098072052,0.20279455184936523,0.21182209253311157,0.11947093904018402,0.1324787139892578,0.10940419137477875,0.12479867786169052,0.09464196860790253,0.12286888808012009,0.07215312123298645,0.09347707778215408,0.08082009851932526,0.10433179885149002,0.0871877446770668,0.11270894855260849,0.08306651562452316,0.10809006541967392,0.08679799735546112,0.11635352671146393,0.08259931206703186,0.10967543721199036,0.08425087481737137,0.109673872590065,0.08671515434980392,0.11211159825325012,0.08575180172920227,0.11079517006874084,0.08566541224718094,0.11161278933286667,0.10078104585409164,0.13461753726005554,0.08812475204467773,0.11566255986690521,0.08833377063274384,0.11608362942934036,0.08803974092006683,0.11600538343191147,0.09189367294311523,0.12017622590065002,0.10027816146612167,0.13218745589256287,0.10910370945930481,0.14778733253479004,0.11715670675039291,0.15871845185756683,0.11903037130832672,0.16584962606430054,0.11927824467420578,0.16927079856395721,0.11701057851314545,0.1678817868232727,0.11612240225076675,0.16590848565101624,0.12400097399950027,0.17854879796504974,0.11035774648189545,0.15354347229003906,0.12351546436548233,0.17344394326210022,0.11895014345645905,0.15873965620994568,0.9915412664413452,0.10907315462827682,0.02129106968641281,p001_smile_left,16.718025185881555,64.84882879456066,0.14591459723555011
0.29109978675842285,0.2985861301422119,0.19936226308345795,0.20559683442115784,0.1169808954000473,0.12472150474786758,0.1032896414399147,0.11137174814939499,0.07336024194955826,0.08901814371347427,0.055573105812072754,0.07085886597633362,0.061005327850580215,0.07853236049413681,0.06490970402956009,0.08465851098299026,0.06039443984627724,0.08145613223314285,0.05865347757935524,0.0838932991027832,0.05742932856082916,0.08177195489406586,0.06276380270719528,0.0861271321773529,0.06601866334676743,0.08952173590660095,0.06519263237714767,0.08815649896860123,0.06424207985401154,0.08791163563728333,0.06827569007873535,0.09590752422809601,0.06518956273794174,0.09098014235496521,0.06568261235952377,0.09203201532363892,0.0651087760925293,0.09185600280761719,0.06740447133779526,0.09487377852201462,0.07667607814073563,0.10953590273857117,0.08589925616979599,0.1280883252620697,0.09226077795028687,0.13913393020629883,0.09621979296207428,0.14913460612297058,0.09739641845226288,0.1541653871536255,0.09871833771467209,0.1584128886461258,0.09824724495410919,0.15796025097370148,0.1056898906826973,0.16754284501075745,0.10077524185180664,0.15437494218349457,0.11306288838386536,0.16789859533309937,0.11479692906141281,0.15826544165611267,0.9961912631988525,0.09071065485477448,0.017094004899263382,p001_smile_right,17.671561759049744,65.80236536772885,0.130744043456149
0.28658050298690796,0.29491502046585083,0.1956275850534439,0.20431147515773773,0.11418542265892029,0.12535525858402252,0.1011393740773201,0.113588348031044,0.07598993182182312,0.09939238429069519,0.0585339181125164,0.07806522399187088,0.06422523409128189,0.08629187941551208,0.06835399568080902,0.09297942370176315,0.06470218300819397,0.08972394466400146,0.06394508481025696,0.09422755986452103,0.06169239431619644,0.09010318666696548,0.06568287312984467,0.09210018813610077,0.06866151839494705,0.09507006406784058,0.06828297674655914,0.0942189022898674,0.06712039560079575,0.09421256184577942,0.0732826441526413,0.10827424377202988,0.06787628680467606,0.09726209193468094,0.06808748841285706,0.09767713397741318,0.06766647100448608,0.09774523973464966,0.070597343146801,0.10080862790346146,0.07887610793113708,0.11144347488880157,0.08724287897348404,0.12528368830680847,0.09654547274112701,0.13578175008296967,0.10147139430046082,0.14409440755844116,0.10390797257423401,0.14876437187194824,0.10337457805871964,0.14931149780750275,0.1053733304142952,0.1503225564956665,0.11302362382411957,0.16089455783367157,0.10647230595350266,0.14654459059238434,0.1196475699543953,0.1623007357120514,0.11951293051242828,0.1546192616224289,0.99107825756073,0.09380028396844864,0.01717562787234783,p002_neutral_front,17.65087377906731,65.78167738774641,0.13105581968133972
0.2884650230407715,0.29596295952796936,0.19554392993450165,0.20223772525787354,0.11434629559516907,0.1224236860871315,0.10012249648571014,0.10833494365215302,0.06855908036231995,0.08418583869934082,0.052386391907930374,0.06796707212924957,0.05717306584119797,0.07502534240484238,0.06075144186615944,0.08081336319446564,0.056485388427972794,0.07772108912467957,0.05377192795276642,0.0795913115143776,0.05270686000585556,0.07782670855522156,0.058368947356939316,0.08246660232543945,0.06171560287475586,0.08613169193267822,0.06088215485215187,0.08477836102247238,0.05917549878358841,0.08385933190584183,0.061617761850357056,0.09010970592498779,0.059668079018592834,0.08658463507890701,0.06009973958134651,0.08760488033294678,0.05988894775509834,0.0874251201748848,0.06235101446509361,0.09023645520210266,0.07136181741952896,0.10425923019647598,0.08141788095235825,0.12217531353235245,0.09142468124628067,0.13345041871070862,0.09864093363285065,0.14555111527442932,0.10231233388185501,0.15246056020259857,0.10357017815113068,0.15626458823680878,0.10577767342329025,0.1580476611852646,0.11416163295507431,0.1698446422815323,0.108844093978405,0.15686801075935364,0.12365379929542542,0.17389024794101715,0.12421521544456482,0.16546571254730225,0.9952674508094788,0.0893414169549942,0.016576381400227547,p002_neutral_left,17.805102692883462,65.93590630156257,0.1287492966979919
0.28424790501594543,0.29318657517433167,0.19650280475616455,0.20661787688732147,0.11561689525842667,0.12883307039737701,0.10401930660009384,0.11916492879390717,0.0836651623249054,0.11094148457050323,0.06538572907447815,0.08710144460201263,0.07219399511814117,0.09647204726934433,0.07743807137012482,0.10416850447654724,0.07425760477781296,0.10103518515825272,0.07550925016403198,0.10695385932922363,0.07269079983234406,0.10183648765087128,0.07571697980165482,0.10320864617824554,0.07870053499937057,0.10615874826908112,0.07862889766693115,0.10567393153905869,0.0779479444026947,0.10584408044815063,0.08692840486764908,0.12247611582279205,0.07958386093378067,0.10919100046157837,0.07974496483802795,0.10951922833919525,0.07910887151956558,0.10902681201696396,0.08267788589000702,0.11278986185789108,0.09090851247310638,0.12365551292896271,0.09859386831521988,0.13618429005146027,0.10721874237060547,0.1461905837059021,0.1105637401342392,0.15312543511390686,0.11206064373254776,0.15704889595508575,0.10974007844924927,0.154970183968544,0.11101352423429489,0.15565277636051178,0.1174597516655922,0.16522619128227234,0.10877770930528641,0.14789320528507233,0.11973382532596588,0.16274718940258026,0.11770091205835342,0.1534828394651413,0.9911888241767883,0.10143861174583435,0.01904725469648838,p002_neutral_right,17.201676108589016,65.33247971726811,0.13801179187478285
0.2856594920158386,0.29365214705467224,0.19405217468738556,0.20200705528259277,0.11331543326377869,0.1232387125492096,0.10015573352575302,0.11108067631721497,0.0734051764011383,0.09430449455976486,0.05639934167265892,0.07439745217561722,0.06178741902112961,0.08221293985843658,0.06572945415973663,0.08858959376811981,0.06177081912755966,0.0852825939655304,0.06045185402035713,0.08920429646968842,0.05847364291548729,0.08557835966348648,0.06297280639410019,0.08815107494592667,0.06592381000518799,0.09113523364067078,0.0652364194393158,0.09002368152141571,0.06376347690820694,0.08974206447601318,0.06904508173465729,0.10213352739810944,0.06445921212434769,0.09268447756767273,0.06484159827232361,0.09335202723741531,0.06429773569107056,0.0932573527097702,0.06715771555900574,0.0961698666214943,0.0760813057422638,0.10777876526117325,0.0852402076125145,0.12321285903453827,0.09476704150438309,0.13396179676055908,0.10021273791790009,0.1433613896369934,0.10281471908092499,0.14866971969604492,0.10291135311126709,0.15078045427799225,0.1046476885676384,0.1516817957162857,0.1126190796494484,0.16319328546524048,0.10571768879890442,0.14852064847946167,0.11941462010145187,0.16507256031036377,0.11855711787939072,0.15581971406936646,0.9931201934814453,0.09167748689651489,0.016702329739928246,p002_smile_front,17.772229466592208,65.90303307527131,0.1292374935532574
0.28768011927604675,0.2951153516769409,0.19438451528549194,0.20079109072685242,0.1134156659245491,0.12094108015298843,0.09914988279342651,0.10664917528629303,0.0671168714761734,0.081596240401268,0.05093449354171753,0.06518378108739853,0.05551448091864586,0.07200700044631958,0.05884692817926407,0.07745839655399323,0.05453132465481758,0.07418829202651978,0.0515630804002285,0.07587642222642899,0.05053691938519478,0.07427959889173508,0.05638455972075462,0.07905735075473785,0.05971392244100571,0.08268968015909195,0.05871579796075821,0.08112479001283646,0.056661032140254974,0.07981858402490616,0.058713484555482864,0.08589749038219452,0.05697645619511604,0.08245183527469635,0.057412322610616684,0.08343139290809631,0.05702897533774376,0.08308622241020203,0.05955217778682709,0.08617715537548065,0.06886762380599976,0.10083534568548203,0.07890056073665619,0.11922024190425873,0.08916427940130234,0.1309841424226761,0.09654974192380905,0.14346028864383698,0.10038537532091141,0.15074533224105835,0.10175023227930069,0.15465733408927917,0.10421339422464371,0.15672102570533752,0.11287001520395279,0.16877034306526184,0.1076466292142868,0.1559063345193863,0.12259427458047867,0.17327232658863068,0.12341850250959396,0.16511231660842896,0.9928346872329712,0.0874619260430336,0.01604863815009594,p002_smile_left,17.945618149097058,66.07642175777616,0.12668321968633392
0.28370559215545654,0.29279154539108276,0.19521290063858032,0.20577040314674377,0.11501266807317734,0.12863163650035858,0.10370447486639023,0.11926354467868805,0.08314923942089081,0.11065272241830826,0.06525712460279465,0.08755187690258026,0.07190920412540436,0.09671404957771301,0.07702647894620895,0.10443934053182602,0.07406077533960342,0.10159065574407578,0.07510559260845184,0.10730057209730148,0.0724261924624443,0.10232069343328476,0.07553005963563919,0.10371071845293045,0.0786551982164383,0.10684425383806229,0.0788680911064148,0.106437548995018,0.07840511202812195,0.1067863181233406,0.0868624821305275,0.12309663742780685,0.08007591962814331,0.11010290682315826,0.08019492030143738,0.11042382568120956,0.0795716792345047,0.11007620394229889,0.08323748409748077,0.11405936628580093,0.09142984449863434,0.12462537735700607,0.0987638607621193,0.13675673305988312,0.10694509744644165,0.14680689573287964,0.10997547954320908,0.15311995148658752,0.11140652000904083,0.15674321353435516,0.10906743258237839,0.15448100864887238,0.11045084148645401,0.15525782108306885,0.11659633368253708,0.16386106610298157,0.10856029391288757,0.14773619174957275,0.1191275343298912,0.16120539605617523,0.11770448833703995,0.15264618396759033,0.9931315183639526,0.10123321413993835,0.019060838967561722,p002_smile_right,17.19857987697495,65.32938348565406,0.1380609972713573
0.3085246682167053,0.31647661328315735,0.20348285138607025,0.21184752881526947,0.12968656420707703,0.13916614651679993,0.09430305659770966,0.10554917901754379,0.07550403475761414,0.09587876498699188,0.06346533447504044,0.08256800472736359,0.06935901939868927,0.09099819511175156,0.07101086527109146,0.09418138116598129,0.0700785294175148,0.09357652813196182,0.07412204146385193,0.10094259679317474,0.07664240896701813,0.10488256067037582,0.07650595158338547,0.10274966061115265,0.07944229245185852,0.10544288903474808,0.07446475327014923,0.09983019530773163,0.07241328805685043,0.0976743996143341,0.08791095018386841,0.1198987364768982,0.07659897953271866,0.1048964262008667,0.07979106903076172,0.10826028883457184,0.07804764807224274,0.10666966438293457,0.07546930015087128,0.10336019098758698,0.08821137994527817,0.12392330169677734,0.10676504671573639,0.15692855417728424,0.10861309617757797,0.1610744148492813,0.11453231424093246,0.17565006017684937,0.11407523602247238,0.17816706001758575,0.12894321978092194,0.20503678917884827,0.11689286679029465,0.1841510683298111,0.13269740343093872,0.2081543654203415,0.11997553706169128,0.18049195408821106,0.14586395025253296,0.22093355655670166,0.13325762748718262,0.1866503655910492,0.9937297701835632,0.10474297404289246,0.022700799629092216,p003_neutral_front,16.439588446400965,64.57039205508008,0.1506678453721703
0.30863940715789795,0.31736767292022705,0.2077508121728897,0.21717973053455353,0.13228948414325714,0.1433878093957901,0.0974864512681961,0.1104656234383583,0.08748463541269302,0.10989449918270111,0.0720331147313118,0.09039252251386642,0.0794948935508728,0.09992236644029617,0.08239297568798065,0.10453534871339798,0.08179798722267151,0.10558506846427917,0.08873429149389267,0.11485402286052704,0.09082677960395813,0.1187199130654335,0.08839492499828339,0.11649895459413528,0.09124000370502472,0.12009686976671219,0.08700281381607056,0.11602319031953812,0.0840938463807106,0.11178655177354813,0.10515541583299637,0.137335404753685,0.08942190557718277,0.11999914795160294,0.09267815947532654,0.12388632446527481,0.08871202915906906,0.1176881194114685,0.08814868330955505,0.11764664947986603,0.10590698570013046,0.14628112316131592,0.12549495697021484,0.17865973711013794,0.12811265885829926,0.182837575674057,0.13546888530254364,0.19898363947868347,0.13637882471084595,0.20338992774486542,0.14915825426578522,0.22477629780769348,0.13681726157665253,0.20513682067394257,0.1542351394891739,0.23311975598335266,0.1347280889749527,0.19570496678352356,0.16481155157089233,0.24342043697834015,0.14980079233646393,0.20622552931308746,0.9078879356384277,0.11822610348463058,0.027279812842607498,p003_neutral_left,15.64158613550076,63.77238974417986,0.16516601600392103
0.31387650966644287,0.32149407267570496,0.2043660283088684,0.21163056790828705,0.12912359833717346,0.1367282122373581,0.0919041857123375,0.10018321871757507,0.06343845278024673,0.07754519581794739,0.055171262472867966,0.07520817965269089,0.060770291835069656,0.08420919626951218,0.06356266140937805,0.08915630728006363,0.06403295695781708,0.09118823707103729,0.06698263436555862,0.09739430248737335,0.0721672922372818,0.10617949068546295,0.07610952109098434,0.10935895889997482,0.08098116517066956,0.11428313702344894,0.07681550830602646,0.10844656825065613,0.07485753297805786,0.10513151437044144,0.08179828524589539,0.11263670772314072,0.07923995703458786,0.11256255209445953,0.08208431303501129,0.1153465136885643,0.07966425269842148,0.11334788799285889,0.0776028260588646,0.11225622147321701,0.09209459275007248,0.13764894008636475,0.11152315139770508,0.1724623292684555,0.11420529335737228,0.17950981855392456,0.12194988876581192,0.19517138600349426,0.12269193679094315,0.19906458258628845,0.13813893496990204,0.22695817053318024,0.12763644754886627,0.2090456634759903,0.14020667970180511,0.22571274638175964,0.1331687718629837,0.20954374969005585,0.154798224568367,0.24049539864063263,0.14722982048988342,0.2163693904876709,0.9923558831214905,0.10641036182641983,0.025770744308829308,p003_neutral_right,15.888730380051943,64.01953398873106,0.16053268922194416
0.31307128071784973,0.32088571786880493,0.20640498399734497,0.21404911577701569,0.131700798869133,0.14005130529403687,0.0958784967660904,0.10527339577674866,0.07355186343193054,0.09059567749500275,0.06255782395601273,0.0796353667974472,0.06807869672775269,0.08786598592996597,0.07018742710351944,0.09169241040945053,0.06914665549993515,0.09158287197351456,0.07195975631475449,0.09726745635271072,0.07501223683357239,0.10187338292598724,0.07587406784296036,0.10110799223184586,0.0787845179438591,0.10360177606344223,0.07243745028972626,0.0962192714214325,0.06850259751081467,0.0916469469666481,0.07956688851118088,0.10807640850543976,0.07200921326875687,0.09767910093069077,0.07535307109355927,0.10118649154901505,0.07206952571868896,0.09769152849912643,0.07016836851835251,0.09557510167360306,0.08651653677225113,0.1203596368432045,0.10693133622407913,0.15510228276252747,0.10929492115974426,0.1604253202676773,0.11710932105779648,0.17714305222034454,0.11760126054286957,0.18145513534545898,0.1325961798429489,0.20761479437351227,0.12128229439258575,0.18852731585502625,0.13719911873340607,0.21147799491882324,0.12496296316385269,0.18581371009349823,0.15150786936283112,0.2247399091720581,0.13952916860580444,0.19221219420433044,0.9896888136863708,0.10474864393472672,0.022632326930761337,p003_smile_front,16.452707919914992,64.5835115285941,0.15044044313535285
0.3085719645023346,0.3173932731151581,0.2069704383611679,0.21652747690677643,0.13167640566825867,0.14281342923641205,0.09676108509302139,0.10968764871358871,0.08581643551588058,0.10823094099760056,0.07101621478796005,0.0894944965839386,0.07830728590488434,0.09888722002506256,0.08125858008861542,0.10348979383707047,0.08069650828838348,0.10457463562488556,0.08707805722951889,0.1134149506688118,0.08935526758432388,0.11749371141195297,0.0872005894780159,0.11544749140739441,0.09002171456813812,0.11887462437152863,0.08541607111692429,0.11430265009403229,0.0821879431605339,0.10972001403570175,0.10187337547540665,0.13389018177986145,0.08710677921772003,0.11752688884735107,0.09027399867773056,0.1212882250547409,0.08625580370426178,0.11510618031024933,0.08577527105808258,0.1148022785782814,0.10364425182342529,0.14380130171775818,0.12357458472251892,0.17714816331863403,0.12653721868991852,0.1815849095582962,0.13433901965618134,0.19850067794322968,0.1356203705072403,0.20341604948043823,0.14844636619091034,0.225094273686409,0.13635364174842834,0.20542459189891815,0.15345169603824615,0.23287814855575562,0.13446848094463348,0.19592896103858948,0.16399046778678894,0.24264611303806305,0.14957831799983978,0.2064596265554428,0.9803239107131958,0.11690125614404678,0.02698563225567341,p003_smile_left,15.688674022445552,63.819477631124656,0.16427304178006022
0.31294235587120056,0.3202310800552368,0.2030474990606308,0.20958542823791504,0.128662571310997,0.13573981821537018,0.09201524406671524,0.09969259053468704,0.06378541886806488,0.07706550508737564,0.05478240177035332,0.07341498881578445,0.060364190489053726,0.08244066685438156,0.06304931640625,0.08738330751657486,0.06339436769485474,0.08936060220003128,0.06662065535783768,0.09577066451311111,0.07144851982593536,0.1037691980600357,0.07508524507284164,0.10674261301755905,0.07973624765872955,0.11144573986530304,0.07556864619255066,0.10540489852428436,0.07378729432821274,0.10208846628665924,0.08104044198989868,0.11009403318166733,0.07811436802148819,0.1093418300151825,0.08074118942022324,0.11195291578769684,0.07840204238891602,0.10956767946481705,0.07689957320690155,0.10897909849882126,0.0917510837316513,0.13474178314208984,0.11090434342622757,0.16910849511623383,0.11406096071004868,0.1769867092370987,0.12071092426776886,0.19117975234985352,0.12074825912714005,0.19422470033168793,0.1352362483739853,0.22075648605823517,0.1251574009656906,0.20322152972221375,0.1369396597146988,0.21811418235301971,0.13120529055595398,0.20312216877937317,0.15173427760601044,0.23176394402980804,0.14611095190048218,0.20956069231033325,0.9943622350692749,0.10530801117420197,0.024647219106554985,p003_smile_right,16.082320741477243,64.21312435015635,0.156994328262377
0.30130764842033386,0.3088192343711853,0.19454136490821838,0.2010473906993866,0.12551432847976685,0.1329040229320526,0.09145743399858475,0.09968028962612152,0.06972941011190414,0.08641590178012848,0.054770976305007935,0.07028050720691681,0.058052610605955124,0.07612623274326324,0.05875788629055023,0.07830160856246948,0.05663866922259331,0.07691368460655212,0.058145225048065186,0.08296360075473785,0.05916166305541992,0.08507262170314789,0.059945616871118546,0.08304531127214432,0.062972791492939,0.08562371134757996,0.05915449559688568,0.08202897757291794,0.05885288864374161,0.08245332539081573,0.07321860641241074,0.10524369776248932,0.06263598799705505,0.08978725969791412,0.06563437730073929,0.09282797574996948,0.0649985745549202,0.09332610666751862,0.06218992918729782,0.09049457311630249,0.0680316686630249,0.10277187079191208,0.07807976752519608,0.1252661496400833,0.07954155653715134,0.1296384185552597,0.08192946016788483,0.138783261179924,0.08072767406702042,0.14032308757305145,0.09082191437482834,0.16145893931388855,0.08256165683269501,0.14604409039020538,0.09267565608024597,0.16294144093990326,0.08504997193813324,0.14280129969120026,0.10372564196586609,0.17200246453285217,0.09837443381547928,0.1481579691171646,0.9809620976448059,0.08514658361673355,0.016404636204242706,p004_neutral_front,17.850333962588415,65.98113757126752,0.1280805848059834
0.3063640296459198,0.3131368160247803,0.19641855359077454,0.20101049542427063,0.12844321131706238,0.13316282629966736,0.09364572912454605,0.09776642918586731,0.06342553347349167,0.07105319947004318,0.047621291130781174,0.059032417833805084,0.048752252012491226,0.06277894228696823,0.0487891286611557,0.0642487108707428,0.04641012102365494,0.06333854794502258,0.045603491365909576,0.06509310007095337,0.046496666967868805,0.06812737137079239,0.049611449241638184,0.07001993805170059,0.05336536467075348,0.07351729273796082,0.05024909973144531,0.07107269763946533,0.05051989108324051,0.07177170366048813,0.059086475521326065,0.08108015358448029,0.054010286927223206,0.07858015596866608,0.057509645819664,0.08232121914625168,0.056800246238708496,0.08252573013305664,0.05384639650583267,0.08025019615888596,0.05769607424736023,0.0924718976020813,0.06371724605560303,0.11061946302652359,0.06353282928466797,0.11193109303712845,0.06440404057502747,0.11913026124238968,0.06231158226728439,0.11969411373138428,0.06951441615819931,0.13511325418949127,0.06405777484178543,0.12346620857715607,0.07110026478767395,0.13371779024600983,0.06965557485818863,0.12169791013002396,0.0853601023554802,0.14283815026283264,0.08727691322565079,0.13008087873458862,0.9955008625984192,0.07470400631427765,0.013361698016524315,p004_neutral_left,18.741383478224876,66.87218708690398,0.1155928112666368
0.30368396639823914,0.31164026260375977,0.20098009705543518,0.20864273607730865,0.13081872463226318,0.14054886996746063,0.09787939488887787,0.10972608625888824,0.08486651629209518,0.10918840020895004,0.06614859402179718,0.0841229259967804,0.07087285816669464,0.09082233160734177,0.07149308919906616,0.09252215176820755,0.06858912855386734,0.08947598189115524,0.07305876910686493,0.09916185587644577,0.073443703353405,0.09975025802850723,0.07076319307088852,0.09357257187366486,0.07265335321426392,0.09495503455400467,0.06786472350358963,0.08985551446676254,0.06739580631256104,0.08997976034879684,0.09033844619989395,0.12611275911331177,0.07175654172897339,0.09749693423509598,0.07451707869768143,0.10013601928949356,0.07485517859458923,0.10173396021127701,0.07169163972139359,0.09757253527641296,0.07711417227983475,0.1078350841999054,0.08836308121681213,0.13084636628627777,0.09028417617082596,0.13470648229122162,0.09193091839551926,0.14345353841781616,0.09007146954536438,0.14470615983009338,0.10117264837026596,0.16670970618724823,0.09063201397657394,0.14873425662517548,0.10056377202272415,0.16935665905475616,0.08900700509548187,0.14118273556232452,0.10819368809461594,0.17570602893829346,0.09894198924303055,0.14555035531520844,0.9726493954658508,0.09452346712350845,0.01821732707321644,p004_neutral_right,17.39515344295516,65.52595705163426,0.13497157876092447
0.30503109097480774,0.31225258111953735,0.19690054655075073,0.20275144279003143,0.12706159055233002,0.13332854211330414,0.09238336980342865,0.09877965599298477,0.06651925295591354,0.07918807119131088,0.052371248602867126,0.06652016937732697,0.05503818020224571,0.07172027230262756,0.05542108416557312,0.07359789311885834,0.05309242382645607,0.07241356372833252,0.0533607043325901,0.07642801851034164,0.05466608703136444,0.07942186295986176,0.05640166625380516,0.0790279433131218,0.05963928997516632,0.08181580901145935,0.055694639682769775,0.07784567028284073,0.05516475439071655,0.07752300053834915,0.06624545156955719,0.09373725205659866,0.05883396789431572,0.08499353379011154,0.06216713786125183,0.08859088271856308,0.061218831688165665,0.08869250863790512,0.05835014209151268,0.08609385043382645,0.06483421474695206,0.10104754567146301,0.07492365688085556,0.12498967349529266,0.07597625255584717,0.12891387939453125,0.07927675545215607,0.13989290595054626,0.07854856550693512,0.14252214133739471,0.08910274505615234,0.16474649310112,0.08135993033647537,0.1499040573835373,0.0913529321551323,0.1661226451396942,0.08479774743318558,0.1480058878660202,0.10349582135677338,0.17627058923244476,0.09918519854545593,0.1536562293767929,0.9685628414154053,0.08286186307668686,0.016308071091771126,p004_smile_front,17.87597403995904,66.00677764863815,0.1277030582710184
0.30789536237716675,0.3147909343242645,0.19813871383666992,0.20301198959350586,0.1291356086730957,0.13417235016822815,0.09384441375732422,0.09831048548221588,0.06356001645326614,0.0717175230383873,0.048602521419525146,0.06099856644868851,0.05013151094317436,0.06534383445978165,0.05038473382592201,0.06729382276535034,0.04806938022375107,0.06655166298151016,0.04742681235074997,0.06859955191612244,0.04873667284846306,0.07244548946619034,0.0519595742225647,0.07450265437364578,0.05574760586023331,0.07809197902679443,0.05250517278909683,0.07547229528427124,0.05261268839240074,0.07586198300123215,0.06092216819524765,0.08484644442796707,0.05633921176195145,0.08320777118206024,0.059892669320106506,0.08702825009822845,0.05919092148542404,0.08738928288221359,0.05617589130997658,0.0850941464304924,0.060969360172748566,0.09906574338674545,0.06842903792858124,0.1195569559931755,0.06861235946416855,0.12165400385856628,0.07048024982213974,0.13038457930088043,0.06899751722812653,0.13188254833221436,0.0776929259300232,0.1498582810163498,0.0718308538198471,0.1374376267194748,0.07982425391674042,0.14884690940380096,0.07767289876937866,0.13621079921722412,0.09446624666452408,0.1589522510766983,0.0952925905585289,0.1445520669221878,0.9949708580970764,0.07825275510549545,0.014892546460032463,p004_smile_left,18.27031036365646,66.40111397233557,0.12203502144889582
0.30421799421310425,0.3122253119945526,0.20060384273529053,0.20860877633094788,0.13047656416893005,0.14046838879585266,0.0970347672700882,0.10910245031118393,0.08155318349599838,0.10548488050699234,0.06488511711359024,0.08374925702810287,0.0693528950214386,0.09046272933483124,0.0700286328792572,0.09240856766700745,0.0675911158323288,0.09003964811563492,0.07127115875482559,0.09888961911201477,0.07205364108085632,0.1001877561211586,0.07037852704524994,0.0951094925403595,0.07265979051589966,0.09685713797807693,0.06836460530757904,0.09215936809778214,0.06797277182340622,0.09230984002351761,0.0881112813949585,0.12478305399417877,0.07249574363231659,0.10020466893911362,0.07534048706293106,0.10277208685874939,0.07525752484798431,0.10390801727771759,0.07214146852493286,0.10009270161390305,0.07798857241868973,0.11138875782489777,0.08930224180221558,0.13467304408550262,0.091116763651371,0.13883349299430847,0.09335816651582718,0.14816977083683014,0.09191371500492096,0.14990027248859406,0.1031746193766594,0.17253242433071136,0.09305601567029953,0.1552058607339859,0.1028985008597374,0.17486561834812164,0.09170683473348618,0.1489819586277008,0.11095067858695984,0.1819189190864563,0.1014537364244461,0.15276958048343658,0.8699806928634644,0.0948057770729065,0.018895234912633896,p004_smile_right,17.236477044018255,65.36728065269736,0.13745993930099742
0.3042081892490387,0.3115645945072174,0.19820789992809296,0.2050115168094635,0.12868386507034302,0.13700616359710693,0.09481510519981384,0.10504643619060516,0.07596030831336975,0.09708196669816971,0.05964446812868118,0.07662834972143173,0.0629032701253891,0.08204646408557892,0.06316136568784714,0.08345422148704529,0.06084461882710457,0.08123564720153809,0.06334291398525238,0.08866386115550995,0.06386922299861908,0.0893518328666687,0.06363163888454437,0.0858457162976265,0.0665237084031105,0.08834972232580185,0.06306003779172897,0.08513499796390533,0.06322389841079712,0.08652094006538391,0.08024340122938156,0.11544696986675262,0.06718190759420395,0.09396933019161224,0.07035309076309204,0.09745659679174423,0.07096568495035172,0.10009697079658508,0.06822176277637482,0.09674076735973358,0.07329041510820389,0.10567490011453629,0.0828937441110611,0.12567651271820068,0.08389106392860413,0.1292629837989807,0.08488143235445023,0.13622941076755524,0.08254680782556534,0.13654030859470367,0.09237010776996613,0.15632538497447968,0.08499088883399963,0.14089332520961761,0.09649240225553513,0.15689781308174133,0.09121903032064438,0.13784870505332947,0.10771001875400543,0.16471339762210846,0.10298504680395126,0.1421155035495758,0.9919050931930542,0.08943912386894226,0.016704794019460678,p005_neutral_front,17.771588751149327,65.90239235982844,0.12924702712039715
0.3039036989212036,0.31169185042381287,0.2022247314453125,0.20997844636440277,0.1321050375699997,0.14244882762432098,0.0990721732378006,0.1121804416179657,0.08929811418056488,0.11586546152830124,0.0686507523059845,0.0874372199177742,0.0733456090092659,0.09399060159921646,0.07392801344394684,0.09539467841386795,0.07118199020624161,0.09203456342220306,0.07759488373994827,0.10379058122634888,0.07764432579278946,0.10342179983854294,0.07423453778028488,0.09613964706659317,0.07650405168533325,0.09790368378162384,0.07273587584495544,0.09385009855031967,0.07319410145282745,0.0954374447464943,0.10088663548231125,0.1378251314163208,0.07837765663862228,0.1035996600985527,0.08139317482709885,0.1064702719449997,0.08294087648391724,0.1093197613954544,0.08037427812814713,0.10572709888219833,0.0843425914645195,0.1131792739033699,0.09475771337747574,0.13321428000926971,0.09654740989208221,0.13687223196029663,0.09602448344230652,0.14251448214054108,0.09258154034614563,0.14191244542598724,0.10283622145652771,0.16099753975868225,0.09276770800352097,0.1431778520345688,0.10426755994558334,0.16288989782333374,0.09378651529550552,0.13483157753944397,0.11070255190134048,0.16607075929641724,0.0996326357126236,0.1357399970293045,0.8588310480117798,0.0986480638384819,0.018429411575198174,p005_neutral_left,17.344885309623734,65.47568891830284,0.13575496887848404
0.3090340495109558,0.3159104883670807,0.19882413744926453,0.20394687354564667,0.12946118414402008,0.13514485955238342,0.09414657950401306,0.09970485419034958,0.0647326409816742,0.07626622915267944,0.04954056069254875,0.06335854530334473,0.05101734399795532,0.06718127429485321,0.05089617893099785,0.06817945837974548,0.04842148721218109,0.06675972789525986,0.04823528975248337,0.06974109262228012,0.049535516649484634,0.0727323368191719,0.05240336433053017,0.0740116685628891,0.056295521557331085,0.07798361033201218,0.053581830114126205,0.07624706625938416,0.0539235919713974,0.07753176987171173,0.06267563253641129,0.09009981900453568,0.05728401243686676,0.08559343963861465,0.06071288511157036,0.09035621583461761,0.06071671098470688,0.09280092269182205,0.058558836579322815,0.09078783541917801,0.06333785504102707,0.10297841578722,0.07048068195581436,0.12220438569784164,0.07101989537477493,0.12450939416885376,0.07191935926675797,0.13215236365795135,0.0696888193488121,0.13291096687316895,0.07638784497976303,0.14995719492435455,0.07086064666509628,0.1369103342294693,0.0786590650677681,0.14749851822853088,0.07741836458444595,0.13465996086597443,0.08792587369680405,0.15414534509181976,0.08826050162315369,0.13872958719730377,0.9951586723327637,0.0785878375172615,0.015089249238371849,p005_neutral_right,18.213323678946225,66.34412728762533,0.12283830525683692
0.3049980401992798,0.31231579184532166,0.19907721877098083,0.20577389001846313,0.1294386088848114,0.13757751882076263,0.09538084268569946,0.10537142306566238,0.07618078589439392,0.09694747626781464,0.05981822684407234,0.07671128958463669,0.06298252195119858,0.08213657140731812,0.06329310685396194,0.0836879312992096,0.060943618416786194,0.08147541433572769,0.0634893849492073,0.08884142339229584,0.064093679189682,0.08967816084623337,0.0639725774526596,0.08633679151535034,0.0668446347117424,0.08879493921995163,0.06327296793460846,0.08551667630672455,0.06331285834312439,0.08673646301031113,0.08016975224018097,0.11516200006008148,0.06720815598964691,0.0942525789141655,0.07024010270833969,0.0975259467959404,0.07039064913988113,0.09949702769517899,0.06767308712005615,0.09615332633256912,0.0731874331831932,0.10567506402730942,0.08312540501356125,0.12614279985427856,0.08428604155778885,0.12996362149715424,0.08541230857372284,0.13714337348937988,0.08303573727607727,0.13758185505867004,0.09287545084953308,0.1574259102344513,0.0852857306599617,0.14171519875526428,0.0968739241361618,0.15793584287166595,0.09107678383588791,0.137969508767128,0.10797484964132309,0.1652725785970688,0.10293183475732803,0.1420612633228302,0.9878067970275879,0.08964961767196655,0.01680651120841503,p005_smile_front,17.745224305335256,65.87602791401436,0.12963992906668467
0.31030943989753723,0.31710776686668396,0.19974130392074585,0.20461028814315796,0.1303357034921646,0.135708749294281,0.09487386047840118,0.10010741651058197,0.06525151431560516,0.07647578418254852,0.04948985576629639,0.06213898956775665,0.050507355481386185,0.0652695745229721,0.0502316839993,0.06593611091375351,0.04732675105333328,0.06404341757297516,0.046591416001319885,0.06658143550157547,0.04746599122881889,0.06868233531713486,0.050377510488033295,0.0697048082947731,0.05405762419104576,0.07335735112428665,0.05099134147167206,0.07126861065626144,0.05118044093251228,0.07250607013702393,0.0598980076611042,0.08582768589258194,0.053944338113069534,0.07952765375375748,0.05722574144601822,0.08400323241949081,0.057053450495004654,0.086385078728199,0.054753802716732025,0.08409588038921356,0.05892837420105934,0.09434414654970169,0.06521047651767731,0.1115569993853569,0.06544757634401321,0.11355620622634888,0.06572119146585464,0.11994915455579758,0.06315071880817413,0.1201968714594841,0.0689808800816536,0.13546934723854065,0.06395869702100754,0.12320693582296371,0.07185705006122589,0.13288168609142303,0.07154723256826401,0.1209225058555603,0.08211345225572586,0.13913622498512268,0.08336789906024933,0.12547318637371063,0.9951753616333008,0.07555142790079117,0.013634447939693928,p005_smile_left,18.65362441997997,66.78442802865908,0.11676663881303567
0.30240193009376526,0.3102766275405884,0.20186740159988403,0.20972223579883575,0.13207405805587769,0.14254887402057648,0.09932882338762283,0.1126817986369133,0.09193596243858337,0.11862722039222717,0.07061544060707092,0.08952076733112335,0.07578767091035843,0.09642504900693893,0.07661493122577667,0.09804749488830566,0.07374762743711472,0.09473087638616562,0.08051829040050507,0.10657568275928497,0.08036549389362335,0.10606936365365982,0.07638008147478104,0.09847468137741089,0.07838509231805801,0.10013807564973831,0.07428545504808426,0.09626588970422745,0.07451401650905609,0.0975705087184906,0.10396171361207962,0.14080338180065155,0.0797334685921669,0.10588893294334412,0.08245819807052612,0.10873178392648697,0.08363041281700134,0.11082801967859268,0.08093367516994476,0.10740578919649124,0.08500868827104568,0.11567460745573044,0.09531684219837189,0.13507714867591858,0.09729050099849701,0.1387597620487213,0.09674905985593796,0.1443876475095749,0.09350395947694778,0.14407216012477875,0.10382172465324402,0.16181965172290802,0.09373418241739273,0.1443098932504654,0.1058923751115799,0.16422952711582184,0.09404724836349487,0.13453419506549835,0.112178735435009,0.16707134246826172,0.101060651242733,0.13748836517333984,0.9900399446487427,0.0999479815363884,0.018802011385560036,p005_smile_right,17.257956886658963,65.38876049533806,0.13712042658028759
0.3007526099681854,0.3078819811344147,0.19173963367938995,0.19714319705963135,0.12608814239501953,0.13182300329208374,0.0928858071565628,0.09847617894411087,0.06568741798400879,0.07696370780467987,0.0503995344042778,0.06307613104581833,0.05192490294575691,0.06679631769657135,0.05174172669649124,0.06782069802284241,0.049099672585725784,0.0664614588022232,0.04858541861176491,0.06905654817819595,0.049282774329185486,0.07125703245401382,0.05161178112030029,0.07198413461446762,0.05498169735074043,0.07500126957893372,0.05178410932421684,0.07232055813074112,0.05184796452522278,0.07295043766498566,0.06096585467457771,0.08589000254869461,0.054287564009428024,0.07826971262693405,0.05734466016292572,0.08173815906047821,0.05616721510887146,0.08148133009672165,0.05298919603228569,0.07784003764390945,0.05731118842959404,0.08826931565999985,0.06360781937837601,0.10518622398376465,0.06290345638990402,0.10608164221048355,0.06452310085296631,0.11451291292905807,0.06342466175556183,0.11730719357728958,0.07158271223306656,0.135411337018013,0.0663151890039444,0.12439997494220734,0.07557311654090881,0.13918766379356384,0.07128052413463593,0.12329906970262527,0.08704782277345657,0.1487375795841217,0.08628489077091217,0.1315508633852005,0.9951052069664001,0.07548991590738297,0.013332623988389969,p006_neutral_front,18.75084368850921,66.88164729718832,0.11546698224336674
0.2977364659309387,0.30559152364730835,0.19494332373142242,0.20283085107803345,0.12956322729587555,0.14039984345436096,0.09835459291934967,0.11217131465673447,0.08614837378263474,0.1127580851316452,0.0678153783082962,0.08793406933546066,0.07187182456254959,0.09400512278079987,0.07268427312374115,0.09588313847780228,0.07061076164245605,0.09367572516202927,0.07531318813562393,0.10329996794462204,0.07545555382966995,0.10327720642089844,0.07329115271568298,0.09763064980506897,0.07565005868673325,0.09951815754175186,0.07304731756448746,0.09662620723247528,0.07382364571094513,0.09816630184650421,0.09555177390575409,0.13294269144535065,0.07782864570617676,0.10472482442855835,0.07958637923002243,0.10622730851173401,0.07958638668060303,0.10713241994380951,0.07679373025894165,0.10302598029375076,0.080494724214077,0.10867568105459213,0.08855213224887848,0.12360955029726028,0.08945059031248093,0.1256401091814041,0.08942345529794693,0.12963040173053741,0.08706806600093842,0.12957759201526642,0.09516104310750961,0.14546985924243927,0.08691021054983139,0.13171623647212982,0.09646514058113098,0.14864973723888397,0.08745262771844864,0.12537217140197754,0.10437434166669846,0.154575377702713,0.09863417595624924,0.13250698149204254,0.991003692150116,0.09515897184610367,0.017111865803599358,p006_neutral_left,17.66702634291181,65.79782995159091,0.1308123304723196
0.29346078634262085,0.30030328035354614,0.18275533616542816,0.18695227801799774,0.12024780362844467,0.12452010810375214,0.08809766173362732,0.09131091088056564,0.059078577905893326,0.06478721648454666,0.04301382228732109,0.05043096840381622,0.04308498278260231,0.05202774330973625,0.04230264946818352,0.05195876955986023,0.03904183954000473,0.04977507144212723,0.03706929460167885,0.04961659386754036,0.03697073087096214,0.05048862844705582,0.0401291660964489,0.052695464342832565,0.043291058391332626,0.05559182167053223,0.03986135497689247,0.05282817408442497,0.03982954099774361,0.05333032086491585,0.046376075595617294,0.06106656417250633,0.04086049646139145,0.05660388618707657,0.04352300614118576,0.05989032983779907,0.04226607456803322,0.0592731274664402,0.03982645645737648,0.056594595313072205,0.04200329631567001,0.06345096975564957,0.04466289281845093,0.07356976717710495,0.0439809188246727,0.07319316267967224,0.04345560818910599,0.07711329311132431,0.04136510193347931,0.07746253162622452,0.04572568088769913,0.08827824890613556,0.0432845763862133,0.08121759444475174,0.05025521293282509,0.09060525894165039,0.05116672068834305,0.08240173012018204,0.062435634434223175,0.0998339131474495,0.0668683648109436,0.09190863370895386,0.9957728385925293,0.06117229536175728,0.00877423770725727,p006_neutral_right,20.56790604082916,68.69870964950826,0.09367090106995486
0.3004395663738251,0.3075155019760132,0.1916903555393219,0.1969100534915924,0.1262538582086563,0.13184164464473724,0.09326362609863281,0.09861225634813309,0.06612344831228256,0.07709044963121414,0.05046749860048294,0.06275258958339691,0.05180509760975838,0.06638701260089874,0.051602885127067566,0.06749182939529419,0.04889191687107086,0.06610113382339478,0.04851273447275162,0.06871811300516129,0.04920172691345215,0.07078011333942413,0.05145919695496559,0.07137373834848404,0.054869480431079865,0.07437337189912796,0.051685869693756104,0.07157128304243088,0.05187532305717468,0.07217301428318024,0.06136052682995796,0.08531699329614639,0.054257482290267944,0.07726659625768661,0.0571252666413784,0.08053353428840637,0.055990107357501984,0.0800575241446495,0.05315118283033371,0.07661152631044388,0.057461224496364594,0.08692065626382828,0.06394116580486298,0.1037423387169838,0.06370024383068085,0.10501441359519958,0.06500235944986343,0.11294421553611755,0.0635746419429779,0.11531609296798706,0.07112712413072586,0.1324382871389389,0.0655386820435524,0.12121479958295822,0.07408040761947632,0.13487882912158966,0.06998340785503387,0.11906430870294571,0.08512331545352936,0.1432453989982605,0.0853133425116539,0.12673097848892212,0.9949098229408264,0.0753241628408432,0.013007489033043385,p006_smile_front,18.858065315968883,66.98886892464799,0.11405037936387316
0.2996514141559601,0.30741602182388306,0.19582325220108032,0.20342278480529785,0.1302541345357895,0.14057336747646332,0.09854201972484589,0.1117117628455162,0.0848526582121849,0.11073490977287292,0.06684307008981705,0.08641284704208374,0.07086167484521866,0.09249003976583481,0.07159573584794998,0.0943993404507637,0.06942761689424515,0.09215472638607025,0.07368278503417969,0.10149407386779785,0.07397770881652832,0.10168930888175964,0.0721207857131958,0.09632638841867447,0.07449273020029068,0.09817927330732346,0.07179392129182816,0.09500730037689209,0.0723840519785881,0.09631689637899399,0.09301622956991196,0.13020040094852448,0.07620719075202942,0.10272376239299774,0.07791877537965775,0.1041819155216217,0.0777774229645729,0.10502995550632477,0.07497324794530869,0.10090360790491104,0.0788213312625885,0.10686282068490982,0.08705636858940125,0.12260176241397858,0.08792802691459656,0.12491659820079803,0.08810728788375854,0.12940002977848053,0.08589663356542587,0.12964612245559692,0.09417162835597992,0.1460043042898178,0.086040198802948,0.13206614553928375,0.09562602639198303,0.1488504558801651,0.08691336959600449,0.12584328651428223,0.10393747687339783,0.15483364462852478,0.09868326038122177,0.13305926322937012,0.9243050813674927,0.0941825583577156,0.016956932842731476,p006_smile_left,17.7065269983518,65.8373306070309,0.13021878836301418
0.2937994599342346,0.30055952072143555,0.183175727725029,0.1872805804014206,0.12012725323438644,0.12430526316165924,0.08783087134361267,0.09093539416790009,0.05842529609799385,0.06393158435821533,0.04231229051947594,0.04930796101689339,0.04231501743197441,0.05069420486688614,0.041401416063308716,0.05034863203763962,0.03797409310936928,0.04792007431387901,0.03584013134241104,0.047501545399427414,0.03555503860116005,0.04800625145435333,0.03868640959262848,0.050166159868240356,0.04186105728149414,0.05302397534251213,0.03829806670546532,0.05012860894203186,0.03813640773296356,0.05049799755215645,0.044630445539951324,0.05816395580768585,0.03905763477087021,0.05335045978426933,0.04174978658556938,0.056579142808914185,0.04043060541152954,0.0558466836810112,0.037944551557302475,0.053106117993593216,0.03983771428465843,0.05913306772708893,0.0421375147998333,0.06827753037214279,0.04143590107560158,0.06787499040365219,0.040724847465753555,0.07119229435920715,0.03860293701291084,0.07124225050210953,0.042651478201150894,0.08106677234172821,0.040556419640779495,0.07455635815858841,0.04735179990530014,0.0835156962275505,0.048707328736782074,0.07631475478410721,0.05972758308053017,0.09289485216140747,0.06478368490934372,0.08667344599962234,0.9957849979400635,0.05955224111676216,0.008303936570882797,p006_smile_right,20.80715976815078,68.93796337682988,0.09112593796983819
0.3134640157222748,0.32040292024612427,0.20509953796863556,0.21064920723438263,0.13495409488677979,0.1411942094564438,0.10000479221343994,0.1069798544049263,0.07288767397403717,0.08753976225852966,0.05688489228487015,0.07056467980146408,0.05839291960000992,0.07411064207553864,0.057957060635089874,0.07480102777481079,0.05456453189253807,0.07220125943422318,0.05420457944273949,0.07570026069879532,0.05475549027323723,0.07687687128782272,0.05641244724392891,0.07605469226837158,0.05953240022063255,0.07875532656908035,0.05612576752901077,0.07567951828241348,0.056275635957717896,0.07668358832597733,0.06682343035936356,0.09516416490077972,0.05903502181172371,0.08310436457395554,0.06260134279727936,0.08768167346715927,0.06254845857620239,0.08978652954101562,0.059026166796684265,0.08538653701543808,0.06342309713363647,0.09402257949113846,0.07114344090223312,0.11191029846668243,0.07088000327348709,0.11371671408414841,0.07287700474262238,0.12272774428129196,0.07100104540586472,0.12493748962879181,0.07930563390254974,0.14436668157577515,0.07290975004434586,0.13112308084964752,0.0835791826248169,0.14711275696754456,0.0792493149638176,0.13001102209091187,0.09448986500501633,0.15729612112045288,0.09125012904405594,0.13723720610141754,0.9895862936973572,0.08232144266366959,0.015067782253026962,p007_neutral_front,18.219506644836446,66.35031025351554,0.12275089512108237
0.3098074495792389,0.31696829199790955,0.20488721132278442,0.2112605720758438,0.13500180840492249,0.14423242211341858,0.10081679373979568,0.11299524456262589,0.0849551409482956,0.11177807301282883,0.0638447180390358,0.08330205082893372,0.06733367592096329,0.08879271894693375,0.06736359000205994,0.08976694196462631,0.0645255446434021,0.08651965856552124,0.06967491656541824,0.09712644666433334,0.07006821781396866,0.09707136452198029,0.06820277869701385,0.09112054854631424,0.07098499685525894,0.09330309927463531,0.06780858337879181,0.08989210426807404,0.06900791823863983,0.09226102381944656,0.09261464327573776,0.1298684924840927,0.07272433489561081,0.09928330034017563,0.07450274378061295,0.1011999100446701,0.0762607604265213,0.1046982929110527,0.07324740290641785,0.10034487396478653,0.07377862185239792,0.10290586948394775,0.08035966008901596,0.11751393973827362,0.08115343004465103,0.1202750951051712,0.07880467176437378,0.12320618331432343,0.07452657073736191,0.12175479531288147,0.08251144737005234,0.13778121769428253,0.07556483149528503,0.1224745437502861,0.08466967940330505,0.13624052703380585,0.08082152158021927,0.11706602573394775,0.09049630165100098,0.1398724466562271,0.0842248797416687,0.11942008137702942,0.992103636264801,0.09002795070409775,0.016171153634786606,p007_neutral_left,17.91258996831355,66.04339357699266,0.1271658508986851
0.314962238073349,0.321720689535141,0.20366235077381134,0.20831523835659027,0.133607417345047,0.13812828063964844,0.0977843701839447,0.10133064538240433,0.06544539332389832,0.07121650129556656,0.049779146909713745,0.058139245957136154,0.04987737908959389,0.05980543792247772,0.048871155828237534,0.05938442051410675,0.04490905627608299,0.056554101407527924,0.04228656738996506,0.055474769324064255,0.04247729107737541,0.056761234998703,0.045741498470306396,0.058714766055345535,0.04907936602830887,0.06172988936305046,0.04523824527859688,0.05872289836406708,0.04492567107081413,0.05922112986445427,0.051370102912187576,0.06691082566976547,0.04711709916591644,0.0649293065071106,0.05149778723716736,0.0713549554347992,0.05085812509059906,0.07318443059921265,0.04705396667122841,0.06899692863225937,0.05086350440979004,0.07881076633930206,0.05661097168922424,0.09506057947874069,0.05553550273180008,0.09522882848978043,0.05722533538937569,0.10433480888605118,0.05519956722855568,0.10674253106117249,0.0616537444293499,0.12378624081611633,0.05603036284446716,0.11294905841350555,0.0646975189447403,0.12714289128780365,0.061851486563682556,0.11316337436437607,0.07571779191493988,0.1383630484342575,0.07640881091356277,0.12230215966701508,0.9949497580528259,0.07091626524925232,0.012174193747341633,p007_neutral_right,19.145597909079818,67.27640151775893,0.11033672891354733
0.310879647731781,0.3179011940956116,0.20304231345653534,0.20873482525348663,0.13360129296779633,0.14016874134540558,0.09920892864465714,0.10687626153230667,0.07383078336715698,0.0902625024318695,0.05753398314118385,0.07192225009202957,0.05928900092840195,0.07575017958879471,0.058886464685201645,0.0765308067202568,0.05564354360103607,0.07388921827077866,0.05582898110151291,0.0782666876912117,0.056293927133083344,0.07904469221830368,0.05748262256383896,0.07744313776493073,0.060466084629297256,0.07991500198841095,0.05710548162460327,0.076785609126091,0.05728818103671074,0.07786985486745834,0.06928720325231552,0.09914190322160721,0.0601397380232811,0.08414262533187866,0.06350371241569519,0.08819424360990524,0.06355790048837662,0.09015826880931854,0.06026154011487961,0.0860087051987648,0.06455542892217636,0.09388598054647446,0.07241427153348923,0.11113400757312775,0.07245422899723053,0.11343055218458176,0.07411258667707443,0.12140658497810364,0.07198560982942581,0.12303312122821808,0.0803268626332283,0.14168763160705566,0.0738062858581543,0.1283690631389618,0.08466479927301407,0.14415450394153595,0.08012699335813522,0.1266188770532608,0.09567747265100479,0.1537993997335434,0.09233704954385757,0.13375796377658844,0.9868630170822144,0.08309279382228851,0.014909080229699612,p007_smile_front,18.26549148196052,66.39629509063963,0.12210274456251838
0.3076014816761017,0.31476205587387085,0.2042975276708603,0.21049004793167114,0.13508138060569763,0.144130140542984,0.10190467536449432,0.11372440308332443,0.088934026658535,0.11536574363708496,0.06615722924470901,0.08472519367933273,0.06999935209751129,0.09013289213180542,0.06983642280101776,0.09058238565921783,0.06623683124780655,0.08634063601493835,0.07176760584115982,0.09740635752677917,0.07138239592313766,0.09622328728437424,0.06839408725500107,0.0887538343667984,0.07052285224199295,0.09014497697353363,0.06631872802972794,0.08562872558832169,0.06685037165880203,0.08726213127374649,0.09332948923110962,0.1289677619934082,0.0705634281039238,0.09392060339450836,0.07277540862560272,0.09594018757343292,0.07450555264949799,0.09939948469400406,0.07120099663734436,0.09482204914093018,0.07231955230236053,0.09684252738952637,0.07980440557003021,0.11133268475532532,0.08070053905248642,0.11426491290330887,0.0786912590265274,0.11689570546150208,0.07465668767690659,0.11534570902585983,0.08369176089763641,0.1315762996673584,0.07582483440637589,0.11619343608617783,0.08630875498056412,0.1323937624692917,0.07962870597839355,0.11027930676937103,0.09225082397460938,0.13694541156291962,0.08329327404499054,0.1141829565167427,0.992494523525238,0.09016529470682144,0.015453388914465904,p007_smile_left,18.10976265400337,66.24056626268248,0.1243116604123117
0.3136149048805237,0.32041701674461365,0.2026512771844864,0.20726415514945984,0.1328548640012741,0.13737605512142181,0.09725461155176163,0.10081153362989426,0.06522782891988754,0.07117609679698944,0.04944958910346031,0.05796172842383385,0.049541037529706955,0.05971468240022659,0.04837881773710251,0.05921558290719986,0.04449600726366043,0.056507885456085205,0.04193580523133278,0.05556340143084526,0.04216168820858002,0.05694270506501198,0.04539424180984497,0.05893154814839363,0.048758696764707565,0.06193117797374725,0.044938914477825165,0.05887168273329735,0.04470614716410637,0.05931637063622475,0.05121892690658569,0.06708580255508423,0.046874694526195526,0.06500007957220078,0.05094710737466812,0.07096400111913681,0.05031145364046097,0.07257243245840073,0.04672935605049133,0.06869672238826752,0.05052145943045616,0.07852329313755035,0.056340496987104416,0.0945698693394661,0.0554979108273983,0.09522387385368347,0.057028934359550476,0.10380247980356216,0.05494772642850876,0.10593820363283157,0.06141709163784981,0.12267761677503586,0.055943578481674194,0.11199479550123215,0.0643029659986496,0.12495889514684677,0.06216926872730255,0.11230574548244476,0.07553505152463913,0.13549575209617615,0.07670517265796661,0.12080035358667374,0.9934513568878174,0.07057870924472809,0.012028290890157223,p007_smile_right,19.197960775400507,67.3287643840796,0.10967356513835602
0.3677402436733246,0.38024723529815674,0.2809509038925171,0.29158809781074524,0.24486596882343292,0.25627705454826355,0.23657992482185364,0.24425987899303436,0.18809105455875397,0.19826172292232513,0.13008572161197662,0.1408068984746933,0.11834495514631271,0.1308492124080658,0.12505440413951874,0.13597005605697632,0.11845902353525162,0.12878772616386414,0.10320896655321121,0.11523832380771637,0.09571515023708344,0.10826563835144043,0.12222170829772949,0.1332484483718872,0.1278991848230362,0.13789963722229004,0.0972215086221695,0.10955557972192764,0.09219661355018616,0.10427704453468323,0.10871221125125885,0.12556596100330353,0.09519913792610168,0.10822919756174088,0.11790530383586884,0.13031360507011414,0.11000064760446548,0.12206614762544632,0.10099661350250244,0.11407490819692612,0.1017087996006012,0.1177288219332695,0.08646363019943237,0.10942220687866211,0.08535868674516678,0.11388328671455383,0.0797538012266159,0.11185900866985321,0.06530145555734634,0.10100416094064713,0.06545674055814743,0.104105144739151,0.06644032895565033,0.10307589173316956,0.07064536213874817,0.10687614232301712,0.07901235669851303,0.09892041981220245,0.08794350922107697,0.10821373015642166,0.09070266038179398,0.10576648265123367,0.9767447710037231,0.12452635914087296,0.024211101233959198,p008_neutral_front,16.159854563676493,64.29065817235559,0.15559916848736435
0.37014320492744446,0.38256895542144775,0.28394222259521484,0.2945980429649353,0.24986039102077484,0.26129335165023804,0.24263210594654083,0.2505698502063751,0.19780266284942627,0.20906762778759003,0.13775458931922913,0.14909259974956512,0.12562380731105804,0.13888923823833466,0.13216546177864075,0.1445281058549881,0.1253383755683899,0.13708840310573578,0.11247789859771729,0.12702810764312744,0.10490261763334274,0.12031692266464233,0.13057366013526917,0.14363989233970642,0.1356927901506424,0.14752216637134552,0.1044798195362091,0.11912331730127335,0.09999013692140579,0.1148139238357544,0.12202045321464539,0.14478032290935516,0.10332337766885757,0.11961378157138824,0.12606215476989746,0.140778049826622,0.11809105426073074,0.13271655142307281,0.10906504839658737,0.12440324574708939,0.10982228815555573,0.12815004587173462,0.09490862488746643,0.12087354809045792,0.09421825408935547,0.12559659779071808,0.08818280696868896,0.12339785695075989,0.07353582233190536,0.11232087016105652,0.07331494241952896,0.11455439031124115,0.07259009778499603,0.11110629886388779,0.07735591381788254,0.11848710477352142,0.0810345783829689,0.10252263396978378,0.08884759992361069,0.11574161797761917,0.08772341161966324,0.10654498636722565,0.9681665897369385,0.1314036101102829,0.026685740798711777,p008_neutral_left,15.7372073663678,63.86801097504691,0.16335770810926487
0.36712804436683655,0.37969619035720825,0.2779483199119568,0.28872331976890564,0.24140778183937073,0.25300243496894836,0.2314293384552002,0.23927758634090424,0.17851194739341736,0.1885041743516922,0.12096168100833893,0.13186220824718475,0.10838621109724045,0.12101642787456512,0.11553321778774261,0.12618443369865417,0.10938995331525803,0.1191653311252594,0.0927053689956665,0.1030605137348175,0.08560405671596527,0.09634234756231308,0.114275723695755,0.12381834536790848,0.12107516080141068,0.12921124696731567,0.09084013104438782,0.10095926374197006,0.08549156039953232,0.09477109462022781,0.09459107369184494,0.10532316565513611,0.08781687915325165,0.097727470099926,0.11172111332416534,0.12135104835033417,0.1032956913113594,0.1122748926281929,0.09397075325250626,0.1038011759519577,0.09566093981266022,0.10882534831762314,0.07819908857345581,0.0992605909705162,0.07281536608934402,0.09952320903539658,0.06645553559064865,0.09836337715387344,0.05158745497465134,0.08836019784212112,0.05147720128297806,0.09066738933324814,0.0518006794154644,0.08845170587301254,0.0656016394495964,0.09624572843313217,0.08259817212820053,0.09644737839698792,0.0922541469335556,0.10586574673652649,0.0962456539273262,0.10654677450656891,0.9769049882888794,0.11731735616922379,0.022023208439350128,p008_neutral_right,16.571194107956277,64.70199771663538,0.14840218475261788
0.36752235889434814,0.38012853264808655,0.279397577047348,0.29015809297561646,0.24405546486377716,0.255540668964386,0.23608337342739105,0.243750661611557,0.1865542083978653,0.1965840607881546,0.12978482246398926,0.14042091369628906,0.11772499233484268,0.1301480531692505,0.12488383799791336,0.13567860424518585,0.1181381493806839,0.12811404466629028,0.1019551157951355,0.11328312754631042,0.09456640481948853,0.10646003484725952,0.12197189778089523,0.1324027180671692,0.1275106519460678,0.13661694526672363,0.09639555215835571,0.10781454294919968,0.09071353077888489,0.1017027199268341,0.1027127206325531,0.11726722866296768,0.0931011438369751,0.10506907105445862,0.11666133999824524,0.12777575850486755,0.10781945288181305,0.11850281059741974,0.09866039454936981,0.11032366007566452,0.10113877803087234,0.11643510311841965,0.085719034075737,0.10910291969776154,0.08275160938501358,0.11188139766454697,0.07818786054849625,0.1122186928987503,0.06309004127979279,0.10225766152143478,0.06274165213108063,0.10509510338306427,0.06364931166172028,0.10312353074550629,0.07019608467817307,0.10921036452054977,0.0795312449336052,0.0984356552362442,0.08930445462465286,0.10992114990949631,0.0907520204782486,0.1048264130949974,0.9499673247337341,0.12333385646343231,0.02389378473162651,p008_smile_front,16.217150533528674,64.34795414220778,0.15457614541586456
0.37090644240379333,0.3833281993865967,0.2851971387863159,0.2958252429962158,0.2507503926753998,0.26212841272354126,0.24367772042751312,0.25154170393943787,0.19844456017017365,0.20951825380325317,0.13883242011070251,0.15005610883235931,0.1270599365234375,0.14025919139385223,0.1339845359325409,0.14626087248325348,0.12712837755680084,0.13880237936973572,0.11373504996299744,0.12818163633346558,0.1061350479722023,0.12151270359754562,0.1316518932580948,0.14490191638469696,0.13652893900871277,0.14841414988040924,0.104958176612854,0.1198452040553093,0.10020069032907486,0.11528053134679794,0.12049221992492676,0.14322519302368164,0.10309688746929169,0.11975090205669403,0.12603287398815155,0.14105232059955597,0.11763590574264526,0.13261595368385315,0.1081513985991478,0.1238141879439354,0.10886510461568832,0.12795738875865936,0.0940861776471138,0.12118151038885117,0.09335468709468842,0.12597432732582092,0.08803624659776688,0.12483329325914383,0.0735485777258873,0.11455677449703217,0.07338161766529083,0.11710476875305176,0.073320172727108,0.11420813947916031,0.07692434638738632,0.1212206780910492,0.08034282922744751,0.1039595827460289,0.08773711323738098,0.11717943102121353,0.08620420843362808,0.10703736543655396,0.9714420437812805,0.13162823021411896,0.026966517791152,p008_smile_left,15.691751307338295,63.822554916017395,0.16421485252909374
0.36759674549102783,0.38019034266471863,0.27930617332458496,0.28998616337776184,0.24339959025382996,0.2548118233680725,0.23391127586364746,0.24154269695281982,0.1818428337574005,0.19161024689674377,0.12513895332813263,0.1357298046350479,0.11307326704263687,0.12539692223072052,0.11986624449491501,0.13035167753696442,0.11352057009935379,0.12323152273893356,0.09667818248271942,0.10725195705890656,0.08945363759994507,0.10064274817705154,0.11755717545747757,0.12771661579608917,0.12341459095478058,0.13222913444042206,0.09287814050912857,0.10378426313400269,0.08733249455690384,0.09747979044914246,0.09667341411113739,0.10838814079761505,0.0895528793334961,0.10046739131212234,0.11303027719259262,0.12361368536949158,0.10462035238742828,0.11461785435676575,0.095448799431324,0.1063215360045433,0.0972154289484024,0.11192546039819717,0.0807097777724266,0.10367454588413239,0.07637699693441391,0.10530433058738708,0.07102884352207184,0.10497373342514038,0.056235622614622116,0.0955992117524147,0.05627638101577759,0.09873395413160324,0.057197894901037216,0.09710943698883057,0.06637392938137054,0.10253248363733292,0.08121795207262039,0.09939674288034439,0.09035047888755798,0.10789716988801956,0.09374278038740158,0.10695195943117142,0.9725396037101746,0.1197134330868721,0.02288822829723358,p008_smile_right,16.403878233374364,64.53468184205347,0.15128855970374488
0.3338412642478943,0.34175822138786316,0.22822926938533783,0.23455500602722168,0.14855626225471497,0.1580285131931305,0.11844751238822937,0.12938496470451355,0.08192074298858643,0.1027231439948082,0.06844459474086761,0.08879131823778152,0.0705251544713974,0.09230208396911621,0.06293466687202454,0.08573043346405029,0.06406442821025848,0.08712809532880783,0.06506352871656418,0.08933261036872864,0.0661773532629013,0.0904262587428093,0.06850673258304596,0.09181274473667145,0.06898218393325806,0.09198760986328125,0.06558268517255783,0.0878874808549881,0.06704886257648468,0.08993447571992874,0.07933377474546432,0.10666108131408691,0.07042232155799866,0.09599744528532028,0.0717816948890686,0.09811391681432724,0.07841125130653381,0.10662078857421875,0.08171670138835907,0.11179026961326599,0.09157201647758484,0.12613625824451447,0.10643350332975388,0.1485489457845688,0.11184634268283844,0.15682068467140198,0.11787780374288559,0.1689874529838562,0.11532182991504669,0.16762569546699524,0.1230766773223877,0.18032914400100708,0.11778303980827332,0.17056594789028168,0.1286015510559082,0.18212595582008362,0.12255816161632538,0.1657223254442215,0.1430218517780304,0.18817570805549622,0.14726698398590088,0.18222105503082275,0.9962656497955322,0.10598591715097427,0.02157284878194332,p009_neutral_front,16.660925007674027,64.79172861635314,0.14687698520170994
0.3333849608898163,0.34140947461128235,0.2298615574836731,0.23623324930667877,0.14980417490005493,0.159471794962883,0.12018701434135437,0.13120339810848236,0.09407854825258255,0.11817583441734314,0.07216756790876389,0.09083332121372223,0.07620912790298462,0.09659360349178314,0.06902047991752625,0.0895703062415123,0.07016921788454056,0.09097039699554443,0.07535374909639359,0.09801659733057022,0.07562480866909027,0.09827446937561035,0.07585547864437103,0.09827958792448044,0.07634939253330231,0.09901228547096252,0.07239489257335663,0.09454553574323654,0.07429415732622147,0.09722030162811279,0.09784027189016342,0.1271251142024994,0.07772627472877502,0.10279154032468796,0.07796725630760193,0.10349691659212112,0.08487706631422043,0.11232776194810867,0.08959890156984329,0.11845453828573227,0.09879773110151291,0.13285057246685028,0.11344796419143677,0.15586814284324646,0.12013252824544907,0.16503719985485077,0.12447287887334824,0.17619359493255615,0.12144732475280762,0.17427104711532593,0.1265331655740738,0.1832430511713028,0.12065061181783676,0.17207275331020355,0.1304732710123062,0.18442602455615997,0.12252639979124069,0.1623295396566391,0.14192001521587372,0.18589620292186737,0.14731311798095703,0.1788104772567749,0.9823637008666992,0.11163379997015,0.02274114079773426,p009_neutral_left,16.43187752940547,64.56268113808457,0.1508016604607995
0.3380463123321533,0.3458268344402313,0.23105518519878387,0.23737283051013947,0.15098771452903748,0.1609576791524887,0.12018764019012451,0.1328137367963791,0.08302180469036102,0.10550037771463394,0.07034285366535187,0.09174834936857224,0.0721970722079277,0.09504879266023636,0.06456279009580612,0.08836237341165543,0.06510785222053528,0.08930385857820511,0.06585219502449036,0.09134472906589508,0.06754836440086365,0.09316544979810715,0.07020220160484314,0.09519469738006592,0.07076431810855865,0.09549733251333237,0.0668487399816513,0.09012322872877121,0.06844863295555115,0.09216750413179398,0.07828674465417862,0.10620960593223572,0.07234547287225723,0.09882544726133347,0.07399456948041916,0.10132065415382385,0.08211624622344971,0.11265285313129425,0.08549553155899048,0.11767766624689102,0.09635353833436966,0.13188454508781433,0.11368686705827713,0.15624085068702698,0.12038116157054901,0.16613054275512695,0.12825097143650055,0.17894582450389862,0.12707200646400452,0.1778615415096283,0.1384384036064148,0.1940182000398636,0.13419198989868164,0.18503662943840027,0.14438629150390625,0.1934586763381958,0.14162677526474,0.18425557017326355,0.15851671993732452,0.20069558918476105,0.1631585955619812,0.1980261355638504,0.9952368140220642,0.11173558235168457,0.02354268729686737,p009_neutral_right,16.28143965809079,64.41224326676989,0.15343626460803642
0.33650046586990356,0.34477031230926514,0.2296379953622818,0.23681160807609558,0.14875270426273346,0.15982383489608765,0.11818370968103409,0.1315304934978485,0.0851958766579628,0.11002492904663086,0.07011660188436508,0.09262438118457794,0.07273750007152557,0.09630192816257477,0.06605575233697891,0.08974868804216385,0.06716164946556091,0.09099188446998596,0.06942118704319,0.09446224570274353,0.07034629583358765,0.09555017948150635,0.07206813246011734,0.09679443389177322,0.07272473722696304,0.09730895608663559,0.06952179223299026,0.09333085268735886,0.07120916992425919,0.09565085917711258,0.08594974875450134,0.11563315987586975,0.07533609867095947,0.10249249637126923,0.07687428593635559,0.10468599945306778,0.08408630639314651,0.11427716910839081,0.08867345005273819,0.12062526494264603,0.09950198233127594,0.13562415540218353,0.11580155789852142,0.15927471220493317,0.12241603434085846,0.16856659948825836,0.12910176813602448,0.18068817257881165,0.1270434558391571,0.17892560362815857,0.13551096618175507,0.1918030083179474,0.13019222021102905,0.18109510838985443,0.14193007349967957,0.19337061047554016,0.13333328068256378,0.17459699511528015,0.15486060082912445,0.19861850142478943,0.1572309136390686,0.1918020397424698,0.9955834746360779,0.11218517273664474,0.02361898124217987,p009_smile_front,16.267388387479674,64.39819199615877,0.15368468122158394
0.3392040729522705,0.34727931022644043,0.23425836861133575,0.24094197154045105,0.15278808772563934,0.1633797138929367,0.12199149280786514,0.13520359992980957,0.0934811532497406,0.11992690712213516,0.07319556921720505,0.09487729519605637,0.07712140679359436,0.10021120309829712,0.07018955796957016,0.09318926930427551,0.07142242044210434,0.0945814847946167,0.07604680210351944,0.10085020959377289,0.0768381655216217,0.10171759128570557,0.07762183994054794,0.10235017538070679,0.07844972610473633,0.10325577110052109,0.07490910589694977,0.09880657494068146,0.07694714516401291,0.10171039402484894,0.09771252423524857,0.1287858784198761,0.08096112310886383,0.10794925689697266,0.0817822813987732,0.10931823402643204,0.08929920196533203,0.11976441740989685,0.09433702379465103,0.12682382762432098,0.10442467778921127,0.1411546766757965,0.12024284899234772,0.1654006391763687,0.12692174315452576,0.17503856122493744,0.13253749907016754,0.1869780272245407,0.129810631275177,0.18498067557811737,0.1358979046344757,0.19584518671035767,0.12955741584300995,0.184161975979805,0.1390630602836609,0.19550105929374695,0.13104182481765747,0.17551197111606598,0.14967487752437592,0.19712260365486145,0.15439295768737793,0.1905290186405182,0.9653012156486511,0.11588142812252045,0.024868803098797798,p009_smile_left,16.04345116221665,64.17425477089574,0.15769845623466894
0.3395606577396393,0.34753718972206116,0.23229584097862244,0.2391224056482315,0.15145795047283173,0.16211546957492828,0.12027116864919662,0.13366496562957764,0.08292815834283829,0.10597803443670273,0.07035765051841736,0.09272348880767822,0.07237541675567627,0.0962168499827385,0.06474535912275314,0.08936852216720581,0.06521723419427872,0.09008421748876572,0.06578227132558823,0.09177310764789581,0.06742536276578903,0.09356958419084549,0.07003000378608704,0.09536945819854736,0.0705462321639061,0.095485620200634,0.0664086788892746,0.09008315950632095,0.06787567585706711,0.09224306046962738,0.07781145721673965,0.10596784949302673,0.07182075083255768,0.09916184097528458,0.07380487024784088,0.10209507495164871,0.08242659270763397,0.11407255381345749,0.08585147559642792,0.11895935237407684,0.09670333564281464,0.13299717009067535,0.11412329226732254,0.15758146345615387,0.12067227810621262,0.16699087619781494,0.1288614273071289,0.18030650913715363,0.12781153619289398,0.1793275773525238,0.13955886662006378,0.1959589570760727,0.13528458774089813,0.18688781559467316,0.14579226076602936,0.19604451954364777,0.1422056406736374,0.18603548407554626,0.1595943421125412,0.20370405912399292,0.163460373878479,0.2003646343946457,0.9953098297119141,0.11204475164413452,0.023920364677906036,p009_smile_right,16.2123220359688,64.34312564464791,0.1546620983884094
0.33292534947395325,0.3410513401031494,0.2263209968805313,0.2318333387374878,0.14437729120254517,0.15070036053657532,0.1124025359749794,0.11768174171447754,0.0703326016664505,0.08108965307474136,0.05878853797912598,0.07108950614929199,0.06169325113296509,0.0770079642534256,0.05423342064023018,0.07168927043676376,0.05604301393032074,0.07413666695356369,0.05636083707213402,0.07736228406429291,0.0589190274477005,0.08132670074701309,0.06265009194612503,0.08423852175474167,0.06292389333248138,0.08422846347093582,0.05815372243523598,0.07736756652593613,0.05792899802327156,0.07700413465499878,0.06664543598890305,0.09017404913902283,0.05934707075357437,0.0812845304608345,0.05967230349779129,0.08149605989456177,0.06337817013263702,0.08551899343729019,0.06442569196224213,0.08888138830661774,0.0753505527973175,0.10852508991956711,0.09098809957504272,0.13856665790081024,0.09542964398860931,0.1486763060092926,0.10117422044277191,0.1633969098329544,0.09811991453170776,0.1622612476348877,0.10596644133329391,0.17876312136650085,0.09955299645662308,0.16615590453147888,0.11127959936857224,0.17951299250125885,0.10593650490045547,0.16232766211032867,0.1273677796125412,0.18622086942195892,0.13167506456375122,0.1756449043750763,0.9941010475158691,0.0945354774594307,0.019366471096873283,p010_neutral_front,17.129495079736145,65.26029868841525,0.139163468973985
0.33030760288238525,0.3390817642211914,0.22783519327640533,0.23468013107776642,0.14661894738674164,0.15568260848522186,0.11568908393383026,0.12478172034025192,0.08886363357305527,0.10948909819126129,0.0685729905962944,0.08451186120510101,0.0740777850151062,0.09207772463560104,0.06781473755836487,0.08681220561265945,0.06959356367588043,0.08967116475105286,0.07527239620685577,0.09762823581695557,0.07613533735275269,0.09886208176612854,0.07634874433279037,0.09919366985559464,0.07613683491945267,0.09930908679962158,0.07066237926483154,0.09355058521032333,0.0709209069609642,0.09389154613018036,0.09458610415458679,0.1233709380030632,0.07333272695541382,0.09882334619760513,0.07252342998981476,0.09804641455411911,0.07682079076766968,0.10133743286132812,0.08047190308570862,0.10746530443429947,0.09198185801506042,0.12856581807136536,0.10795985907316208,0.1557026356458664,0.11399554461240768,0.16520339250564575,0.11852248758077621,0.17889559268951416,0.11536426097154617,0.17755413055419922,0.12017332017421722,0.18635301291942596,0.113981232047081,0.17444220185279846,0.1264529675245285,0.19043928384780884,0.1172550842165947,0.16367729008197784,0.14052706956863403,0.19263428449630737,0.14597941935062408,0.18124765157699585,0.9899125695228577,0.10790294408798218,0.022456834092736244,p010_neutral_left,16.48651469488978,64.61731830356888,0.14985604456523013
0.3354893922805786,0.3435510993003845,0.22842706739902496,0.23381684720516205,0.14657855033874512,0.15284685790538788,0.11396195739507675,0.11926388740539551,0.06986208260059357,0.07972662895917892,0.05856527388095856,0.0727040022611618,0.06084730848670006,0.07905853539705276,0.05269904434680939,0.07391037791967392,0.05426707863807678,0.07634571939706802,0.05445641279220581,0.08012261986732483,0.058125417679548264,0.08675111830234528,0.06292154639959335,0.09112482517957687,0.06361265480518341,0.09194102883338928,0.05875017121434212,0.08397398889064789,0.058697011321783066,0.08343437314033508,0.06465514004230499,0.09039627015590668,0.06004023551940918,0.08835107833147049,0.05997586250305176,0.08781462907791138,0.06415680050849915,0.09336409717798233,0.06418539583683014,0.09559545665979385,0.07451485097408295,0.11527862399816513,0.09074798226356506,0.14668713510036469,0.09649810940027237,0.1581929624080658,0.10269255191087723,0.17436233162879944,0.10001256316900253,0.1742057055234909,0.10950375348329544,0.19383454322814941,0.10362686961889267,0.1826092153787613,0.11216802895069122,0.19036158919334412,0.11195452511310577,0.18218828737735748,0.12746571004390717,0.197760671377182,0.13379712402820587,0.1917288452386856,0.9944702982902527,0.09527487307786942,0.021399779245257378,p010_neutral_right,16.69590706700392,64.82671067568302,0.14628663385715518
0.3351683020591736,0.34317201375961304,0.22841770946979523,0.23385603725910187,0.14618395268917084,0.15253186225891113,0.11425160616636276,0.11964315921068192,0.07303380221128464,0.08459541946649551,0.060620345175266266,0.07290966808795929,0.06362137943506241,0.07868877798318863,0.05623689666390419,0.07306961715221405,0.05804706737399101,0.07543238997459412,0.05881001427769661,0.07887724041938782,0.061156049370765686,0.08218380063772202,0.0645439550280571,0.0846782848238945,0.06480999290943146,0.08454559743404388,0.06005000323057175,0.07799796760082245,0.05993694067001343,0.07796742767095566,0.06987378746271133,0.09336838126182556,0.06160426884889603,0.08223363012075424,0.06191419064998627,0.08244497328996658,0.06562162935733795,0.0865485891699791,0.06695307791233063,0.08987883478403091,0.0785411149263382,0.10921570658683777,0.09472475945949554,0.1386057585477829,0.09959063678979874,0.14892005920410156,0.10526560992002487,0.16288813948631287,0.10200054198503494,0.16148394346237183,0.10949820280075073,0.1771048903465271,0.10286696255207062,0.1644437611103058,0.11466468870639801,0.17820066213607788,0.10807754099369049,0.1595357358455658,0.12978102266788483,0.1842537522315979,0.13334012031555176,0.17323578894138336,0.9945919513702393,0.09707771241664886,0.019449178129434586,p010_smile_front,17.110987460808353,65.24179106948746,0.13946031022995248
0.3304244577884674,0.33916962146759033,0.2283322662115097,0.23533329367637634,0.14739562571048737,0.15674392879009247,0.11701013892889023,0.12641844153404236,0.09262601286172867,0.11440464109182358,0.07023520022630692,0.08655557781457901,0.07594944536685944,0.09443562477827072,0.06962075084447861,0.08879689127206802,0.07115284353494644,0.091016486287117,0.07764232903718948,0.1000397801399231,0.07814019173383713,0.1007368415594101,0.07777039706707001,0.1002320647239685,0.07740530371665955,0.10010300576686859,0.07179467380046844,0.09418091177940369,0.07220922410488129,0.09483359754085541,0.09894468635320663,0.12835568189620972,0.07464015483856201,0.0997568666934967,0.07350638508796692,0.09846089035272598,0.07802403718233109,0.10233455151319504,0.08222105354070663,0.1082996353507042,0.09316737204790115,0.12838388979434967,0.10881976783275604,0.15483662486076355,0.11561068147420883,0.16505280137062073,0.1194186881184578,0.17797686159610748,0.11594662070274353,0.17656217515468597,0.11998201906681061,0.18378670513629913,0.11415514349937439,0.1725292205810547,0.12601640820503235,0.18822161853313446,0.11704278737306595,0.16062811017036438,0.13981935381889343,0.18965071439743042,0.1461734026670456,0.17907953262329102,0.9737675189971924,0.10907768458127975,0.022475365549325943,p010_smile_left,16.482932359789796,64.6137359684689,0.14991786267595314
0.331912636756897,0.33987754583358765,0.22460246086120605,0.22953477501869202,0.1432265192270279,0.1489807367324829,0.11107920110225677,0.11579707264900208,0.0669986829161644,0.07610116899013519,0.055708207190036774,0.06839321553707123,0.05762798711657524,0.07404576987028122,0.04954961687326431,0.06876399368047714,0.05115530267357826,0.07116104662418365,0.051517169922590256,0.07490645349025726,0.055104564875364304,0.0811765193939209,0.05998150631785393,0.08570552617311478,0.06077565252780914,0.0866117924451828,0.05628599971532822,0.07916566729545593,0.05634200572967529,0.07873161882162094,0.06228126958012581,0.08593214303255081,0.057513780891895294,0.08344295620918274,0.05737535282969475,0.0829390436410904,0.06135829538106918,0.0881350114941597,0.061505433171987534,0.09056038409471512,0.07111509889364243,0.10935860872268677,0.08596976101398468,0.13870969414710999,0.09135755896568298,0.15013079345226288,0.09631522744894028,0.16471023857593536,0.09319276362657547,0.1641201376914978,0.10180028527975082,0.1823093444108963,0.09667828679084778,0.1719793975353241,0.10496445000171661,0.1780272275209427,0.10669222474098206,0.17201973497867584,0.12173930555582047,0.184988871216774,0.12996399402618408,0.18088114261627197,0.9927313327789307,0.09135360270738602,0.019539833068847656,p010_smile_right,17.090791508315753,65.22159511699486,0.13978495294146526
0.33224767446517944,0.3417595326900482,0.2275858223438263,0.2373795062303543,0.14079724252223969,0.1522386521100998,0.10516252368688583,0.11648309230804443,0.06826143711805344,0.08703134953975677,0.06232106313109398,0.08374345302581787,0.06908506900072098,0.09487481415271759,0.06470153480768204,0.09197156876325607,0.06737459450960159,0.09542520344257355,0.0693671777844429,0.10024978965520859,0.073076032102108,0.1058383360505104,0.07664569467306137,0.10856468975543976,0.0775669664144516,0.10944672673940659,0.07335793972015381,0.10438134521245956,0.07414465397596359,0.10649354010820389,0.08324601501226425,0.11896508187055588,0.07639762759208679,0.11264194548130035,0.07725095003843307,0.11352646350860596,0.08265262097120285,0.11994632333517075,0.08092432469129562,0.11881480365991592,0.0904475674033165,0.13593091070652008,0.10844902694225311,0.1688663810491562,0.11131539940834045,0.17492778599262238,0.12054593116044998,0.194259911775589,0.1186704933643341,0.1929626762866974,0.12900696694850922,0.2122352123260498,0.12064900249242783,0.19580267369747162,0.13504497706890106,0.21416035294532776,0.12456414103507996,0.18923898041248322,0.1487436443567276,0.21933500468730927,0.1477104276418686,0.2016524225473404,0.989363431930542,0.10766430199146271,0.025603489950299263,p011_neutral_front,15.917008330141666,64.04781193882077,0.16001090572301396
0.3290860056877136,0.33866822719573975,0.2298407256603241,0.23937006294727325,0.14671118557453156,0.1583198755979538,0.11393614113330841,0.12556420266628265,0.09323100745677948,0.1157420203089714,0.07158259302377701,0.09251601994037628,0.07856118679046631,0.1032380685210228,0.07308582961559296,0.09970560669898987,0.0753600001335144,0.10426925122737885,0.08251532912254333,0.1139775961637497,0.0836629867553711,0.11656887829303741,0.08477839827537537,0.11760112643241882,0.08606923371553421,0.11873704195022583,0.08368530869483948,0.11555608361959457,0.08551628887653351,0.11783940345048904,0.10751616954803467,0.14726601541042328,0.08793804049491882,0.12325624376535416,0.08749371767044067,0.12302971631288528,0.09135119616985321,0.12660761177539825,0.09280728548765182,0.1294175386428833,0.10236424207687378,0.14897549152374268,0.11716753244400024,0.1777445673942566,0.12106835097074509,0.18439440429210663,0.12705688178539276,0.20125749707221985,0.12446211278438568,0.20017901062965393,0.12929362058639526,0.21043895184993744,0.12229901552200317,0.19523265957832336,0.13602472841739655,0.21673014760017395,0.12387433648109436,0.18051990866661072,0.1480133831501007,0.21616676449775696,0.15100476145744324,0.19712871313095093,0.986971378326416,0.11572961509227753,0.027395455166697502,p011_neutral_left,15.623214795058583,63.75401840373769,0.16551572483210622
0.33013251423835754,0.33900031447410583,0.22471724450588226,0.23281370103359222,0.13859307765960693,0.1480747014284134,0.1033359095454216,0.11261679977178574,0.06139171123504639,0.0784282311797142,0.055298034101724625,0.0776691883802414,0.06137765944004059,0.08860363811254501,0.05553306266665459,0.08510182797908783,0.05778973549604416,0.08761103451251984,0.05940178036689758,0.09289640933275223,0.06436518579721451,0.10114361345767975,0.06949300318956375,0.10523916035890579,0.07097092270851135,0.10681655257940292,0.06656000018119812,0.10001271218061447,0.06742861121892929,0.10193324089050293,0.07384215295314789,0.10959408432245255,0.06894919276237488,0.10715082287788391,0.06924155354499817,0.10692895203828812,0.0757908895611763,0.11671430617570877,0.07335235178470612,0.11487368494272232,0.08008069545030594,0.12818415462970734,0.09660443663597107,0.1598961353302002,0.10027562081813812,0.16828998923301697,0.1079343631863594,0.1857563555240631,0.10554992407560349,0.18414585292339325,0.11677828431129456,0.20494966208934784,0.10993527621030807,0.1909669190645218,0.12075135111808777,0.20038503408432007,0.11870522052049637,0.1892922818660736,0.1365368515253067,0.20629918575286865,0.1401214450597763,0.19679486751556396,0.9938753843307495,0.09939068555831909,0.023792631924152374,p011_neutral_right,16.235575139562922,64.36637874824203,0.15424860428591364
0.3331010639667511,0.3426027297973633,0.22832909226417542,0.2379099428653717,0.1413789540529251,0.15264509618282318,0.10596602410078049,0.11697956919670105,0.06797536462545395,0.08635672926902771,0.06208888441324234,0.08350082486867905,0.06878325343132019,0.09462495893239975,0.06378528475761414,0.09133864939212799,0.0663754940032959,0.09462974220514297,0.06792142987251282,0.09911899268627167,0.07180263102054596,0.10483117401599884,0.07558340579271317,0.10751369595527649,0.07622366398572922,0.10799983888864517,0.07136502116918564,0.10204963386058807,0.07170412689447403,0.10361916571855545,0.079849973320961,0.1149505153298378,0.07376518100500107,0.10955841094255447,0.07453689724206924,0.11030451953411102,0.07982024550437927,0.11661528795957565,0.07798300683498383,0.11550489068031311,0.08783368766307831,0.13311094045639038,0.1061190813779831,0.16677625477313995,0.1091030091047287,0.17329111695289612,0.11835554987192154,0.19288592040538788,0.11643397808074951,0.191767618060112,0.12687067687511444,0.2115604728460312,0.11863475292921066,0.19530293345451355,0.13279618322849274,0.21319855749607086,0.12322120368480682,0.189255028963089,0.14707602560520172,0.21858572959899902,0.14654485881328583,0.20146429538726807,0.988903284072876,0.10618311911821365,0.02529226616024971,p011_smile_front,15.970122565868149,64.10092617454725,0.15903542423073455
0.3304498791694641,0.33931830525398254,0.23054465651512146,0.23887507617473602,0.1475500464439392,0.15774530172348022,0.11486824601888657,0.12477178871631622,0.09188666194677353,0.11362619698047638,0.06866455078125,0.08827007561922073,0.07454957813024521,0.09783009439706802,0.06800944358110428,0.09314517676830292,0.0696060061454773,0.09671969711780548,0.0762268602848053,0.10652326047420502,0.0772039070725441,0.10879763960838318,0.0780571773648262,0.10905478149652481,0.07887841016054153,0.10956642031669617,0.07578602433204651,0.10545053333044052,0.07727731019258499,0.1073932945728302,0.09968697279691696,0.13834837079048157,0.07923687994480133,0.11245137453079224,0.0787772536277771,0.11216357350349426,0.08283454179763794,0.1160130426287651,0.08340519666671753,0.11726204305887222,0.09215571731328964,0.13611137866973877,0.10664435476064682,0.16635657846927643,0.11042172461748123,0.17306865751743317,0.11581885814666748,0.190294548869133,0.11291202157735825,0.1895844042301178,0.11832364648580551,0.20183376967906952,0.11112955212593079,0.18546514213085175,0.12509211897850037,0.20832598209381104,0.11359546333551407,0.17141009867191315,0.1379164308309555,0.20863431692123413,0.14084844291210175,0.1881023496389389,0.9903329014778137,0.10866405069828033,0.025095032528042793,p011_smile_left,16.004122370514466,64.13492597919357,0.15841411719932916
0.3310852348804474,0.3395332992076874,0.22521373629570007,0.2322971522808075,0.1402973234653473,0.14864161610603333,0.10558493435382843,0.11332329362630844,0.06228998675942421,0.07647976279258728,0.05549842491745949,0.07472078502178192,0.06083723530173302,0.08454917371273041,0.05476847290992737,0.08087677508592606,0.057250991463661194,0.08360970765352249,0.05822959914803505,0.08757884800434113,0.06266754865646362,0.09464690089225769,0.06753233075141907,0.09864175319671631,0.06862525641918182,0.099729984998703,0.06418430805206299,0.09324207156896591,0.06483209878206253,0.09478290379047394,0.07073330879211426,0.10131272673606873,0.06662340462207794,0.10015588998794556,0.0672001838684082,0.10044310241937637,0.07324820011854172,0.10895460098981857,0.07095049321651459,0.10703867673873901,0.07843179255723953,0.1211213767528534,0.09373651444911957,0.15084193646907806,0.09609761834144592,0.15692192316055298,0.10241170227527618,0.1727646440267563,0.09938400983810425,0.17062170803546906,0.10863164812326431,0.18841445446014404,0.10173480957746506,0.174593985080719,0.11176975816488266,0.184433251619339,0.10949498414993286,0.1715601533651352,0.1272144317626953,0.18979932367801666,0.13198354840278625,0.18076610565185547,0.9934670329093933,0.0964144915342331,0.021413210779428482,p011_smile_right,16.693182080329542,64.82398568900864,0.14633253493132853
0.34724146127700806,0.3551604747772217,0.24298974871635437,0.25097405910491943,0.15682251751422882,0.17038176953792572,0.12316261231899261,0.1395033895969391,0.09570799767971039,0.12586617469787598,0.0845591276884079,0.11095822602510452,0.09308475255966187,0.1213165819644928,0.08924426883459091,0.11726932227611542,0.092984139919281,0.12132925540208817,0.10016059130430222,0.13026633858680725,0.1042848750948906,0.13475629687309265,0.10699926316738129,0.13697583973407745,0.10973473638296127,0.1396390199661255,0.10795406997203827,0.13651297986507416,0.11283345520496368,0.14297184348106384,0.13477259874343872,0.1739296168088913,0.12096261233091354,0.15420207381248474,0.12090259045362473,0.1537710279226303,0.1282138228416443,0.16447192430496216,0.12967483699321747,0.16538619995117188,0.1386815756559372,0.1747964769601822,0.15796911716461182,0.20066393911838531,0.16261816024780273,0.20706170797348022,0.17196574807167053,0.22099711000919342,0.1682213693857193,0.21680817008018494,0.17756903171539307,0.23211176693439484,0.16679462790489197,0.21613918244838715,0.17781026661396027,0.2284124791622162,0.1616414487361908,0.20500530302524567,0.18370389938354492,0.2286730706691742,0.17794112861156464,0.21555495262145996,0.9917324781417847,0.14346933364868164,0.03409962356090546,p012_neutral_front,14.672504153278519,62.80330776195762,0.18466083385738694
0.34774166345596313,0.3562520444393158,0.24080494046211243,0.24795030057430267,0.15339043736457825,0.1636199653148651,0.11852025240659714,0.12932705879211426,0.08901727944612503,0.11081100255250931,0.07327133417129517,0.0919133797287941,0.08182623237371445,0.1027648001909256,0.0781741514801979,0.0996294915676117,0.08274799585342407,0.10557327419519424,0.09051695466041565,0.11424019187688828,0.09510529786348343,0.1204792782664299,0.09892193973064423,0.12585870921611786,0.10331008583307266,0.1309211105108261,0.10363809019327164,0.13134810328483582,0.10913016647100449,0.1387210190296173,0.13138142228126526,0.16475388407707214,0.11723700910806656,0.15041039884090424,0.11817680299282074,0.1520337164402008,0.1245027631521225,0.16152216494083405,0.12747596204280853,0.16440434753894806,0.13812752068042755,0.17785508930683136,0.15617966651916504,0.2033224105834961,0.1607799232006073,0.20898619294166565,0.17008082568645477,0.22440576553344727,0.1676737666130066,0.22204603254795074,0.1731155663728714,0.23275570571422577,0.16383478045463562,0.2182266265153885,0.1740705966949463,0.231855571269989,0.15920782089233398,0.2058800756931305,0.18077778816223145,0.2311078906059265,0.181314155459404,0.22040435671806335,0.9286900162696838,0.13903926312923431,0.03302470222115517,p012_neutral_left,14.811610896647503,62.9424145053266,0.18172699915300194
0.3508149981498718,0.35897502303123474,0.24366675317287445,0.2527313232421875,0.15823332965373993,0.17331485450267792,0.12569957971572876,0.14282891154289246,0.09424703568220139,0.12162364274263382,0.08500391989946365,0.1122036799788475,0.09147652238607407,0.12067833542823792,0.08548048883676529,0.11680977046489716,0.08719410002231598,0.11984298378229141,0.09095529466867447,0.12420719116926193,0.09399264305830002,0.12660516798496246,0.09561126679182053,0.12739776074886322,0.09602846950292587,0.12726935744285583,0.09187188744544983,0.12224255502223969,0.09545955061912537,0.12612807750701904,0.11251971125602722,0.14770618081092834,0.10332640260457993,0.13450466096401215,0.10474074631929398,0.13539475202560425,0.11587615311145782,0.1470034420490265,0.11569559574127197,0.1457744836807251,0.12366219609975815,0.15491273999214172,0.14504438638687134,0.18093320727348328,0.15049053728580475,0.18696853518486023,0.16174817085266113,0.20245769619941711,0.16011770069599152,0.20061907172203064,0.1766194999217987,0.22188307344913483,0.16856029629707336,0.21007488667964935,0.18153803050518036,0.22339244186878204,0.17066892981529236,0.20830003917217255,0.18889416754245758,0.22636662423610687,0.17894066870212555,0.21053417026996613,0.9914157390594482,0.13691838085651398,0.031115809455513954,p012_neutral_right,15.070188966724254,63.200992575403355,0.17639673878933804
0.35212278366088867,0.3600583076477051,0.24652829766273499,0.25436705350875854,0.159992516040802,0.17321191728115082,0.12573154270648956,0.1417311728000641,0.0962638258934021,0.12568505108356476,0.08407130092382431,0.1098942682147026,0.09175485372543335,0.11925312131643295,0.08771003782749176,0.11469937115907669,0.09126918762922287,0.11828503012657166,0.09803559631109238,0.12650761008262634,0.1021125316619873,0.13066710531711578,0.1049419417977333,0.13292540609836578,0.10789105296134949,0.13554055988788605,0.10679234564304352,0.13305112719535828,0.11242730170488358,0.1400231271982193,0.13366009294986725,0.16889721155166626,0.12186475098133087,0.15242095291614532,0.12251689285039902,0.15327808260917664,0.1309528350830078,0.16493649780750275,0.13178019225597382,0.16496111452579498,0.1402905136346817,0.17430022358894348,0.15960316359996796,0.19969789683818817,0.16389170289039612,0.2050304114818573,0.1739276498556137,0.2198413908481598,0.17077912390232086,0.21663710474967957,0.18147499859333038,0.23309212923049927,0.17108018696308136,0.2182079404592514,0.1830204874277115,0.23218661546707153,0.16659584641456604,0.20869824290275574,0.1891433745622635,0.2333214282989502,0.18216924369335175,0.21832704544067383,0.9917104840278625,0.1448630690574646,0.03417198732495308,p012_smile_front,14.663297633972165,62.794101242651266,0.18485666697458622
0.3491722047328949,0.35752660036087036,0.2420816868543625,0.24921414256095886,0.15459570288658142,0.1653527319431305,0.1196320429444313,0.13138265907764435,0.08967403322458267,0.11283580213785172,0.07421519607305527,0.09446737915277481,0.0825086385011673,0.10490521043539047,0.07900777459144592,0.10158392041921616,0.08361650258302689,0.10732367634773254,0.09138447046279907,0.11580504477024078,0.09605628997087479,0.12200973182916641,0.10017748177051544,0.12745404243469238,0.10498787462711334,0.13265307247638702,0.10595685988664627,0.1333131194114685,0.11192501336336136,0.14105446636676788,0.13360661268234253,0.16666747629642487,0.12093851715326309,0.1535607874393463,0.1217612698674202,0.15520119667053223,0.12802626192569733,0.16495142877101898,0.13096557557582855,0.16752564907073975,0.141535684466362,0.1807435154914856,0.15928851068019867,0.2058809995651245,0.16372179985046387,0.21127577126026154,0.1728510558605194,0.2265789955854416,0.17030392587184906,0.2242213934659958,0.17572425305843353,0.2350899577140808,0.16661401093006134,0.22090540826320648,0.17653532326221466,0.2340501993894577,0.16203968226909637,0.2088935822248459,0.1830943077802658,0.233380988240242,0.18380938470363617,0.2231103926897049,0.9427035450935364,0.14116181433200836,0.03380143642425537,p012_smile_left,14.710648435722732,62.841452044401834,0.18385166962596605
0.35126999020576477,0.3593418598175049,0.24425360560417175,0.25330641865730286,0.15928645431995392,0.17462800443172455,0.12691336870193481,0.14456892013549805,0.09571518748998642,0.1240352988243103,0.0860312208533287,0.11409754306077957,0.09208818525075912,0.12218338996171951,0.08579624444246292,0.11825571954250336,0.08703165501356125,0.1209602802991867,0.0906652957201004,0.12519805133342743,0.0933137834072113,0.12736932933330536,0.09466371685266495,0.12800979614257812,0.09494609385728836,0.12780091166496277,0.0905408039689064,0.12245730310678482,0.09383289515972137,0.12586945295333862,0.11066288501024246,0.14634433388710022,0.10098806768655777,0.1332402229309082,0.10247501730918884,0.13391762971878052,0.11416659504175186,0.1454991102218628,0.11387341469526291,0.14433284103870392,0.12145855277776718,0.15351900458335876,0.14259330928325653,0.17905935645103455,0.14835256338119507,0.18520623445510864,0.1592686027288437,0.20021511614322662,0.1575983166694641,0.1984458714723587,0.17472024261951447,0.21953092515468597,0.1672947257757187,0.20825067162513733,0.18033182621002197,0.22089752554893494,0.17079854011535645,0.20741592347621918,0.18861642479896545,0.22495464980602264,0.17912925779819489,0.21094001829624176,0.9922800660133362,0.13609732687473297,0.030954577028751373,p012_smile_right,15.092751259212845,63.22355486789195,0.17593912875978263
0.3387385904788971,0.3475813865661621,0.2280062884092331,0.23551015555858612,0.14147040247917175,0.15059798955917358,0.1071324273943901,0.11571905016899109,0.06523478031158447,0.07971009612083435,0.05850877985358238,0.0765937864780426,0.06341126561164856,0.08549952507019043,0.0581216998398304,0.08230777829885483,0.0607212595641613,0.08620002120733261,0.061206668615341187,0.08934293687343597,0.0657028928399086,0.09646474570035934,0.07099545747041702,0.10184359550476074,0.07281208038330078,0.10412336140871048,0.0693870261311531,0.09959907084703445,0.06945773959159851,0.10045560449361801,0.07400821149349213,0.10651836544275284,0.07128211855888367,0.1064877137541771,0.07171318680047989,0.10704673826694489,0.07530198991298676,0.11131441593170166,0.07491929829120636,0.11232513934373856,0.08540462702512741,0.13153046369552612,0.10093897581100464,0.16180115938186646,0.10274266451597214,0.16719487309455872,0.11072845757007599,0.1857285499572754,0.10973036289215088,0.18561924993991852,0.11947066336870193,0.2027243673801422,0.11408927291631699,0.18905015289783478,0.12774483859539032,0.20395803451538086,0.12049888074398041,0.18381145596504211,0.1406368613243103,0.20846492052078247,0.14065316319465637,0.19465191662311554,0.9922415018081665,0.10229016840457916,0.023820986971259117,p013_neutral_front,16.230402484245385,64.36120609292449,0.15434049038168537
0.3375456929206848,0.3468858301639557,0.23114749789237976,0.23929132521152496,0.14605076611042023,0.15614250302314758,0.11358491331338882,0.12353897094726562,0.08143879473209381,0.1002030000090599,0.0685407891869545,0.0869607999920845,0.07491012662649155,0.09668590128421783,0.06984726339578629,0.09359679371118546,0.07246525585651398,0.09827453643083572,0.07619597017765045,0.10364235192537308,0.07915227860212326,0.10899009555578232,0.08206155896186829,0.11348999291658401,0.08376114815473557,0.11578430980443954,0.08064796775579453,0.111196368932724,0.08107956498861313,0.1117592304944992,0.09256570786237717,0.12609027326107025,0.08410292863845825,0.11795824766159058,0.08419234305620193,0.11824718117713928,0.08658505976200104,0.12036067992448807,0.08902432769536972,0.12571990489959717,0.10304413735866547,0.14983783662319183,0.12028579413890839,0.17988650500774384,0.12309592217206955,0.18574818968772888,0.13175424933433533,0.20383135974407196,0.130447119474411,0.20344288647174835,0.13715071976184845,0.21546640992164612,0.13079172372817993,0.2021561712026596,0.14359751343727112,0.21785591542720795,0.13242529332637787,0.19219839572906494,0.15385006368160248,0.21825508773326874,0.1553455889225006,0.2045210897922516,0.9828065037727356,0.11538605391979218,0.027237476781010628,p013_neutral_left,15.648331269662757,63.77913487834186,0.16503780409654822
0.33957499265670776,0.34817907214164734,0.2292342633008957,0.23636844754219055,0.14237482845783234,0.15071338415145874,0.10716978460550308,0.1147996336221695,0.0620030015707016,0.07509006559848785,0.05474770441651344,0.07245263457298279,0.05859366059303284,0.08017231523990631,0.051390640437603,0.0750705823302269,0.052824750542640686,0.07723069936037064,0.0525871105492115,0.08002355694770813,0.0573657862842083,0.08778393268585205,0.06288610398769379,0.09276790916919708,0.06392628699541092,0.09392932057380676,0.05823267251253128,0.08533921837806702,0.05715162307024002,0.08435679972171783,0.060389433056116104,0.08839335292577744,0.0580231212079525,0.08915607631206512,0.058025896549224854,0.08875030279159546,0.06202588975429535,0.09467122703790665,0.061042968183755875,0.09467973560094833,0.07180215418338776,0.1132972463965416,0.08851490914821625,0.1457747220993042,0.09097118675708771,0.15294677019119263,0.09939238429069519,0.1723865270614624,0.09841463714838028,0.17264023423194885,0.1100882962346077,0.19368307292461395,0.10482984781265259,0.18031452596187592,0.11707832664251328,0.19133153557777405,0.1133439913392067,0.17831146717071533,0.13060690462589264,0.1960097849369049,0.13078109920024872,0.18344098329544067,0.9940838813781738,0.09373053163290024,0.02121599018573761,p013_neutral_right,16.733366941746887,64.864170550426,0.14565709795865633
0.33862510323524475,0.3473142981529236,0.22775648534297943,0.23487932980060577,0.14128327369689941,0.14992952346801758,0.10693881660699844,0.11497848480939865,0.06480920314788818,0.07910383492708206,0.05785504728555679,0.07543519139289856,0.06287076324224472,0.08426942676305771,0.05750560760498047,0.08099949359893799,0.06023365631699562,0.08495120704174042,0.060988664627075195,0.0885150283575058,0.06552265584468842,0.09529747813940048,0.07076942175626755,0.10033396631479263,0.07242585718631744,0.10233459621667862,0.06854677200317383,0.09736290574073792,0.06834130734205246,0.09798534214496613,0.07355589419603348,0.10551036149263382,0.07018544524908066,0.10405907779932022,0.07046952098608017,0.10442280769348145,0.07362713664770126,0.108053058385849,0.07371030002832413,0.10958360135555267,0.08510375022888184,0.12969207763671875,0.10161712765693665,0.16084866225719452,0.10410477221012115,0.16723167896270752,0.11211246252059937,0.1852792650461197,0.11091189086437225,0.18485096096992493,0.12077391892671585,0.2017836570739746,0.1150711253285408,0.18783794343471527,0.128737211227417,0.20281001925468445,0.12080666422843933,0.18184740841388702,0.14145660400390625,0.20664262771606445,0.1410302370786667,0.19233918190002441,0.9935059547424316,0.1021919846534729,0.023458125069737434,p013_smile_front,16.29706702553275,64.42787063421186,0.15316045530664055
0.33977752923965454,0.34884461760520935,0.23147225379943848,0.23919884860515594,0.1458287239074707,0.15542010962963104,0.1123940646648407,0.1216491162776947,0.0747804045677185,0.09151053428649902,0.0644526481628418,0.08253747969865799,0.07005678117275238,0.09180843830108643,0.06504633277654648,0.08877623826265335,0.06797677278518677,0.0936107262969017,0.06990160793066025,0.09743570536375046,0.07350243628025055,0.10353361815214157,0.07745742052793503,0.10846100747585297,0.07895133644342422,0.11028555035591125,0.07545455545186996,0.10521851480007172,0.07518716156482697,0.10494488477706909,0.08258336037397385,0.11412829160690308,0.07764135301113129,0.11098770797252655,0.07769569009542465,0.11107427626848221,0.07958032190799713,0.1126260980963707,0.08101334422826767,0.11603587120771408,0.09525129199028015,0.13994580507278442,0.11241523921489716,0.17056669294834137,0.11471085250377655,0.17604489624500275,0.12340601533651352,0.19425329566001892,0.1224474087357521,0.19423532485961914,0.12952616810798645,0.20711416006088257,0.12381050735712051,0.19366025924682617,0.1368701159954071,0.2084389328956604,0.1271195113658905,0.1842191219329834,0.14823035895824432,0.20974132418632507,0.14998245239257812,0.19666443765163422,0.9894189238548279,0.10983260720968246,0.025301402434706688,p013_smile_left,15.968554055920109,64.09935766459921,0.15906414566050606
0.34074631333351135,0.3493293225765228,0.23040556907653809,0.23758141696453094,0.14345096051692963,0.15196265280246735,0.10819149762392044,0.11606693267822266,0.0634632259607315,0.07738304883241653,0.05625571310520172,0.07491114735603333,0.06033926084637642,0.08293122798204422,0.053252387791872025,0.07801535725593567,0.054846812039613724,0.08034060150384903,0.05450599268078804,0.0829143077135086,0.05909627676010132,0.09015282988548279,0.06441907584667206,0.09473390877246857,0.06530626118183136,0.09569410234689713,0.059267204254865646,0.08725882321596146,0.0580020397901535,0.08627203851938248,0.061354801058769226,0.09063925594091415,0.058777809143066406,0.09088878333568573,0.058900896459817886,0.09052674472332001,0.06305794417858124,0.09626687318086624,0.06195763498544693,0.09596405923366547,0.07272951304912567,0.11449779570102692,0.08950024843215942,0.14695560932159424,0.09216185659170151,0.15419133007526398,0.10063465684652328,0.17341268062591553,0.09963616728782654,0.17351651191711426,0.11116835474967957,0.1940010040998459,0.10576681792736053,0.18053841590881348,0.11825192719697952,0.19203342497348785,0.11370616406202316,0.17779242992401123,0.131753072142601,0.1965404599905014,0.1313839703798294,0.1831260323524475,0.9932921528816223,0.09492017328739166,0.02153928577899933,p013_smile_right,16.667687015664523,64.79849062434363,0.14676268524049063
0.3412376940250397,0.34863436222076416,0.23408818244934082,0.23833587765693665,0.15194809436798096,0.15702374279499054,0.11936576664447784,0.12331515550613403,0.07451625168323517,0.08270236849784851,0.05937492102384567,0.06819280982017517,0.059214480221271515,0.06982287019491196,0.04926280677318573,0.06137922778725624,0.04956560581922531,0.06215856969356537,0.047680433839559555,0.06220288574695587,0.04884031042456627,0.06411952525377274,0.05261002108454704,0.06726041436195374,0.053104717284440994,0.06801512837409973,0.05033274367451668,0.06503918766975403,0.05217266082763672,0.06784868985414505,0.06051722913980484,0.07914431393146515,0.05392439663410187,0.07256482541561127,0.054867975413799286,0.07403139770030975,0.06074247136712074,0.08110670000314713,0.05914377048611641,0.07967007905244827,0.06352639943361282,0.087839774787426,0.07214828580617905,0.10399132966995239,0.07418215274810791,0.10743775218725204,0.07790862023830414,0.11734956502914429,0.07539969682693481,0.11664452403783798,0.08179150521755219,0.12871399521827698,0.07837837189435959,0.12155310064554214,0.08740346133708954,0.13210102915763855,0.08543655276298523,0.12213845551013947,0.10441292822360992,0.1431509107351303,0.11136112362146378,0.1410171538591385,0.9963614344596863,0.0853109061717987,0.01483343355357647,p014_neutral_front,18.287583094723352,66.41838670340246,0.12179258414852881
0.3378826081752777,0.34584158658981323,0.23451216518878937,0.2398340106010437,0.15356889367103577,0.16090035438537598,0.12262259423732758,0.12979932129383087,0.0902697741985321,0.10930725187063217,0.06793809682130814,0.08211183547973633,0.07075074315071106,0.0866585224866867,0.06223246082663536,0.07878591865301132,0.06290950626134872,0.07985872030258179,0.06611591577529907,0.08583693206310272,0.06636032462120056,0.0857832133769989,0.06725840270519257,0.08577695488929749,0.06780944019556046,0.086640365421772,0.06472335010766983,0.08389441668987274,0.06761710345745087,0.08775513619184494,0.08891133219003677,0.115882009267807,0.07042618095874786,0.09318430721759796,0.07014866918325424,0.09336735308170319,0.0768781453371048,0.10034262388944626,0.07805955410003662,0.10260915011167526,0.08135034888982773,0.1106700450181961,0.08949311077594757,0.12451929599046707,0.09261779487133026,0.1285390853881836,0.0937659740447998,0.13617362082004547,0.08901689201593399,0.13391311466693878,0.0918755978345871,0.13912445306777954,0.08662385493516922,0.13090495765209198,0.0940636470913887,0.14104019105434418,0.0887056365609169,0.12302378565073013,0.10594815015792847,0.14437125623226166,0.11387719959020615,0.140186607837677,0.9836630821228027,0.0972418412566185,0.01765594631433487,p014_neutral_left,17.531090003846643,65.66189361252574,0.13287567992049887
0.3411683440208435,0.34858953952789307,0.2341482788324356,0.23847134411334991,0.15255051851272583,0.15781156718730927,0.12019084393978119,0.12477926909923553,0.07315270602703094,0.08108380436897278,0.06025444716215134,0.07112300395965576,0.06019162759184837,0.073983334004879,0.05078446492552757,0.06698203831911087,0.05159755423665047,0.06838615238666534,0.04980294778943062,0.06934168934822083,0.05257907509803772,0.0741511732339859,0.05748631805181503,0.07906289398670197,0.058788642287254333,0.08100919425487518,0.05632217228412628,0.07780145108699799,0.058467965573072433,0.08116960525512695,0.06350093334913254,0.08702821284532547,0.06065630167722702,0.086878702044487,0.06134895607829094,0.08771506696939468,0.0677390769124031,0.0971558466553688,0.06530383229255676,0.09491521120071411,0.06933297216892242,0.10232111811637878,0.07866387814283371,0.12003382295370102,0.08132369816303253,0.12526634335517883,0.08644488453865051,0.13652858138084412,0.08516855537891388,0.1369071900844574,0.09359663724899292,0.15227195620536804,0.09034395217895508,0.1459178924560547,0.0974603146314621,0.15189369022846222,0.0987977683544159,0.14844584465026855,0.11327093839645386,0.16173838078975677,0.12046192586421967,0.16148197650909424,0.9943545460700989,0.0906836986541748,0.01749710738658905,p014_neutral_right,17.570337427353017,65.70114103603211,0.1322766320503703
0.3393099308013916,0.3467862606048584,0.2329109013080597,0.23725146055221558,0.1511102169752121,0.1562863141298294,0.11894361674785614,0.12304437160491943,0.07491365820169449,0.08374349027872086,0.05949375405907631,0.06856302171945572,0.059579793363809586,0.07051949203014374,0.04973182827234268,0.06212957948446274,0.05016184598207474,0.06302768737077713,0.04854340851306915,0.06337027996778488,0.0496998205780983,0.06507143378257751,0.05327855423092842,0.06796886026859283,0.05372631549835205,0.0685795322060585,0.050946325063705444,0.06564190238714218,0.05282169580459595,0.06840358674526215,0.061678238213062286,0.08049105852842331,0.0545482337474823,0.07300476729869843,0.05542926862835884,0.07439505308866501,0.06115037575364113,0.08114570379257202,0.05966803804039955,0.0797988697886467,0.06421048939228058,0.08825229853391647,0.07298287004232407,0.10447327792644501,0.07505032420158386,0.10789443552494049,0.0786336287856102,0.11761774867773056,0.07591848075389862,0.11669749021530151,0.08198484778404236,0.1281636357307434,0.07823577523231506,0.12058061361312866,0.08713623136281967,0.1311587542295456,0.08446956425905228,0.12006029486656189,0.10335569828748703,0.14119288325309753,0.10991708934307098,0.13850083947181702,0.995603084564209,0.08547494560480118,0.01474759541451931,p014_smile_front,18.31278785335782,66.44359146203692,0.12143967808965614
0.33724483847618103,0.34509894251823425,0.2334977388381958,0.23850132524967194,0.15265502035617828,0.15919728577136993,0.1217307448387146,0.127924382686615,0.08758272230625153,0.1047799289226532,0.06618903577327728,0.07849032431840897,0.06838268786668777,0.08219253271818161,0.059305913746356964,0.07393967360258102,0.059832170605659485,0.07468441873788834,0.06217131018638611,0.07990316301584244,0.06226896494626999,0.07960448414087296,0.06357759237289429,0.0796838253736496,0.06377865374088287,0.08005838841199875,0.06023937463760376,0.07669483125209808,0.06274381279945374,0.08014015853404999,0.08239983767271042,0.10724552720785141,0.06502913683652878,0.08516617119312286,0.06495608389377594,0.0854782909154892,0.07179925590753555,0.09269757568836212,0.07242076098918915,0.09450279921293259,0.0754871517419815,0.10201773047447205,0.08359242230653763,0.11619730293750763,0.0866946429014206,0.12055596709251404,0.08780781924724579,0.12827257812023163,0.08262474089860916,0.12601827085018158,0.08597972989082336,0.13262732326984406,0.08053898066282272,0.12418311089277267,0.08780543506145477,0.1343974620103836,0.08282746374607086,0.11747610569000244,0.09996677190065384,0.13868774473667145,0.10735684633255005,0.13385674357414246,0.981988787651062,0.09285888075828552,0.016352780163288116,p014_smile_left,17.864084016011173,65.99488762469028,0.1278779893620795
0.3440844714641571,0.35136252641677856,0.23642857372760773,0.24058647453784943,0.15376710891723633,0.1586911678314209,0.1207323744893074,0.12463589757680893,0.0734267383813858,0.08016160875558853,0.05990700423717499,0.06907816976308823,0.05974810570478439,0.07134351879358292,0.04961566627025604,0.06344333291053772,0.050001244992017746,0.06433809548616409,0.04761626943945885,0.06418260931968689,0.049881186336278915,0.06799796968698502,0.054511409252882004,0.0723828673362732,0.05521491914987564,0.07354845851659775,0.05214402824640274,0.06985970586538315,0.05388105288147926,0.07254543155431747,0.05932263284921646,0.07897250354290009,0.05588055029511452,0.07760808616876602,0.05690617114305496,0.07872318476438522,0.06346596777439117,0.08761122077703476,0.061284635215997696,0.08554418385028839,0.06581705808639526,0.09339843690395355,0.07573037594556808,0.11126493662595749,0.07863076031208038,0.11651014536619186,0.08404067158699036,0.1278427094221115,0.08281394094228745,0.12827330827713013,0.09152934700250626,0.14366509020328522,0.08860437572002411,0.13777092099189758,0.09650634974241257,0.1453990489244461,0.09749316424131393,0.14171817898750305,0.11397010087966919,0.15805059671401978,0.12132696807384491,0.1583532989025116,0.9958279132843018,0.0888553187251091,0.01639535278081894,p014_smile_right,17.85279234126385,65.98359594994295,0.12804433912055208
0.34159982204437256,0.3504500389099121,0.23651142418384552,0.24433651566505432,0.15088076889514923,0.16018429398536682,0.11736481636762619,0.12645193934440613,0.07903573662042618,0.09573077410459518,0.06850586831569672,0.08704555779695511,0.07388368248939514,0.09609346091747284,0.0685344785451889,0.09228821098804474,0.07047373801469803,0.0955895408987999,0.07262881100177765,0.09998918324708939,0.07528955489397049,0.1052720844745636,0.07789875566959381,0.10809556394815445,0.07801583409309387,0.10805164277553558,0.07319054752588272,0.10071165859699249,0.0737389624118805,0.10097350925207138,0.08426754921674728,0.11364173144102097,0.07512988895177841,0.10510876029729843,0.07456973940134048,0.10439108312129974,0.0789496898651123,0.10952454060316086,0.07886660099029541,0.10996057838201523,0.08739669620990753,0.12658356130123138,0.10160746425390244,0.1534784436225891,0.10402011126279831,0.1584772765636444,0.10980198532342911,0.17357394099235535,0.10642942041158676,0.17163735628128052,0.11429866403341293,0.18635013699531555,0.10825205594301224,0.17288796603679657,0.11966788023710251,0.18396739661693573,0.1136399507522583,0.16673964262008667,0.13361389935016632,0.187771275639534,0.13643649220466614,0.1774124801158905,0.9931914210319519,0.10596174746751785,0.022880379110574722,p015_neutral_front,16.405367838883404,64.53617144756251,0.15126261636827099
0.3386375606060028,0.3488515019416809,0.23462535440921783,0.2441006600856781,0.1487940549850464,0.16013751924037933,0.11551035195589066,0.12679925560951233,0.08563999086618423,0.1054471954703331,0.07308357208967209,0.09162255376577377,0.08060116320848465,0.10271362960338593,0.07630974799394608,0.10025177150964737,0.07900836318731308,0.10565710812807083,0.08287542313337326,0.1109519898891449,0.08505917340517044,0.11528780311346054,0.08683372288942337,0.11846908181905746,0.08671440184116364,0.11844617128372192,0.08129055798053741,0.11107698827981949,0.08088050782680511,0.11014842987060547,0.09422294795513153,0.12552940845489502,0.08261070400476456,0.11430641263723373,0.0822141021490097,0.11405119299888611,0.08528201282024384,0.11660746484994888,0.08804909884929657,0.12298818677663803,0.10099513083696365,0.14608410000801086,0.11688415706157684,0.17325542867183685,0.12076419591903687,0.18041758239269257,0.12790733575820923,0.1968599110841751,0.12527552247047424,0.1959003210067749,0.13055303692817688,0.20466919243335724,0.12481831014156342,0.19390568137168884,0.1348392218351364,0.2053108513355255,0.1266069859266281,0.18524260818958282,0.14466501772403717,0.2054872363805771,0.14830121397972107,0.19599352777004242,0.9867110848426819,0.1151631698012352,0.026481695473194122,p015_neutral_left,15.770542129226609,63.901345737905714,0.1627319743418426
0.33856427669525146,0.3480818271636963,0.23266153037548065,0.2419121414422989,0.14699368178844452,0.15888693928718567,0.11329418420791626,0.12672856450080872,0.07615780830383301,0.0961424708366394,0.07174424827098846,0.09508700668811798,0.07936209440231323,0.10706112533807755,0.07712212204933167,0.1061457023024559,0.08062583208084106,0.11112799495458603,0.08419281989336014,0.11800704151391983,0.08959022909402847,0.12730586528778076,0.09389287233352661,0.13284441828727722,0.09585481882095337,0.135393425822258,0.09207772463560104,0.12864726781845093,0.09364522993564606,0.13057902455329895,0.10042893141508102,0.13835668563842773,0.09662075340747833,0.1366868019104004,0.09595473110675812,0.13535360991954803,0.10106496512889862,0.14314162731170654,0.10019785910844803,0.14312994480133057,0.11006384342908859,0.15941786766052246,0.12673500180244446,0.1884813755750656,0.12940461933612823,0.1958235800266266,0.13662153482437134,0.21116217970848083,0.13419993221759796,0.20934416353702545,0.1439882069826126,0.2267940491437912,0.1372331827878952,0.21355336904525757,0.14626488089561462,0.2184174805879593,0.14320290088653564,0.20949864387512207,0.1594500094652176,0.22188645601272583,0.1646420657634735,0.21819718182086945,0.992050290107727,0.12233775854110718,0.030499594286084175,p015_neutral_right,15.15705937718355,63.28786298586265,0.17464133040630495
0.34339484572410583,0.3521771728992462,0.23815752565860748,0.2458799183368683,0.15159431099891663,0.1608520746231079,0.11739295721054077,0.12651418149471283,0.0794261023402214,0.0958276316523552,0.0687093511223793,0.08667045831680298,0.07427241653203964,0.09586328268051147,0.06894873827695847,0.09196737408638,0.0707814171910286,0.09516195207834244,0.07286112010478973,0.09931787103414536,0.07544621080160141,0.10422535985708237,0.07792171835899353,0.10678442567586899,0.0776323452591896,0.1062937006354332,0.07219421118497849,0.09855945408344269,0.07232475280761719,0.09849955886602402,0.08273287862539291,0.11079615354537964,0.07345950603485107,0.10216846317052841,0.07303119450807571,0.10168330371379852,0.07719583064317703,0.10640281438827515,0.07673921436071396,0.10626685619354248,0.08622065931558609,0.12368768453598022,0.10161782056093216,0.15155813097953796,0.10424388200044632,0.15673069655895233,0.11095915734767914,0.17273610830307007,0.10799746215343475,0.17117728292942047,0.11642761528491974,0.1863527148962021,0.11007478833198547,0.1728709638118744,0.12224935740232468,0.18549393117427826,0.11513499170541763,0.16688565909862518,0.13630206882953644,0.19019664824008942,0.13798297941684723,0.17852617800235748,0.9943118691444397,0.10625026375055313,0.022763187065720558,p015_smile_front,16.427669326040338,64.55847293471945,0.15087473965419312
0.3386840522289276,0.3488059639930725,0.23521052300930023,0.24451091885566711,0.148906871676445,0.16004811227321625,0.11561379581689835,0.12670381367206573,0.08717875927686691,0.10678176581859589,0.07333412021398544,0.09186705201864243,0.0812976211309433,0.10328317433595657,0.07689161598682404,0.10095274448394775,0.07974429428577423,0.10676883161067963,0.08442952483892441,0.11255878955125809,0.08665880560874939,0.11708170920610428,0.08844522386789322,0.12057056277990341,0.08852586895227432,0.12081276625394821,0.08329801261425018,0.11404189467430115,0.08294560015201569,0.11330383270978928,0.09728657454252243,0.12887345254421234,0.08466688543558121,0.1174236461520195,0.08441946655511856,0.1173454076051712,0.08728155493736267,0.11940459907054901,0.09022916853427887,0.12611040472984314,0.10380148142576218,0.14962419867515564,0.11989744752645493,0.17647114396095276,0.12374485284090042,0.1835225522518158,0.13135527074337006,0.2001769095659256,0.12904788553714752,0.19930918514728546,0.13395147025585175,0.2072993516921997,0.1283097118139267,0.1964530646800995,0.13883455097675323,0.20868124067783356,0.12980113923549652,0.18688446283340454,0.14917847514152527,0.20880970358848572,0.1530771404504776,0.19900193810462952,0.9873208403587341,0.11729978024959564,0.027144655585289,p015_smile_left,15.663156643548623,63.793960252227734,0.16475635218494308
0.3409806787967682,0.3502585291862488,0.23470363020896912,0.24381449818611145,0.1481585055589676,0.1601274311542511,0.11388852447271347,0.12767861783504486,0.07728823274374008,0.09785919636487961,0.07324284315109253,0.09736189991235733,0.0815075933933258,0.11012990772724152,0.07946658879518509,0.10957139730453491,0.08322110772132874,0.11473875492811203,0.08746345341205597,0.12263406813144684,0.09344825148582458,0.13238438963890076,0.09790381789207458,0.13793952763080597,0.09990248829126358,0.14042523503303528,0.09566240757703781,0.13280147314071655,0.09719522297382355,0.13452008366584778,0.10408385843038559,0.14257290959358215,0.10048893839120865,0.14087936282157898,0.0996788740158081,0.1392960250377655,0.10476761311292648,0.1469334363937378,0.10420103371143341,0.14725808799266815,0.1154007688164711,0.16529692709445953,0.1340428739786148,0.1966255009174347,0.13758599758148193,0.2056497186422348,0.1452525407075882,0.22135263681411743,0.14279842376708984,0.21918967366218567,0.15397673845291138,0.2380392700433731,0.1470634639263153,0.2241314798593521,0.15648967027664185,0.22868859767913818,0.15401217341423035,0.22035646438598633,0.1703551709651947,0.23210474848747253,0.17557425796985626,0.2282988280057907,0.9894688725471497,0.12743227183818817,0.03259710595011711,p015_smile_right,14.86820955934724,62.99901316802634,0.18054668634488175
0.3422599732875824,0.3508928418159485,0.23700359463691711,0.2454993724822998,0.15067315101623535,0.1610756367444992,0.11766263097524643,0.128034770488739,0.08328188955783844,0.10425668209791183,0.07196776568889618,0.09529632329940796,0.07785338908433914,0.10618165135383606,0.07242720574140549,0.10367127507925034,0.07422973215579987,0.10657203942537308,0.07602189481258392,0.11232046782970428,0.0787515714764595,0.11759834736585617,0.08147827535867691,0.11927129328250885,0.08209811896085739,0.11933394521474838,0.07905692607164383,0.11443225294351578,0.08118072897195816,0.1173640564084053,0.09315766394138336,0.13556510210037231,0.08481122553348541,0.12256000936031342,0.08711210638284683,0.12373575568199158,0.09508572518825531,0.1318238079547882,0.10044356435537338,0.13816478848457336,0.11533795297145844,0.16212408244609833,0.13705730438232422,0.19828175008296967,0.14502950012683868,0.21067394316196442,0.15429025888442993,0.22825457155704498,0.1513490527868271,0.22545839846134186,0.1591283231973648,0.24066029489040375,0.1500866413116455,0.22447387874126434,0.1611117124557495,0.23976507782936096,0.14810261130332947,0.21323363482952118,0.16953597962856293,0.24058200418949127,0.16847655177116394,0.2243216633796692,0.9911003112792969,0.12343524396419525,0.03158248960971832,p016_neutral_front,15.005536380659812,63.136339989338914,0.17771462970087276
0.3387281000614166,0.347917765378952,0.23565703630447388,0.2448204755783081,0.14988091588020325,0.1615876704454422,0.11714642494916916,0.12915797531604767,0.09323087334632874,0.11648743599653244,0.07568912953138351,0.09880088269710541,0.08354026079177856,0.11080049723386765,0.07923475652933121,0.10879764705896378,0.08234503120183945,0.11391903460025787,0.0876757949590683,0.12161186337471008,0.0903264731168747,0.1259680688381195,0.09241332858800888,0.12799768149852753,0.09373194724321365,0.12874849140644073,0.09128023684024811,0.12519392371177673,0.09350018948316574,0.12780001759529114,0.11108627915382385,0.15181681513786316,0.096114881336689,0.13233552873134613,0.09625173360109329,0.13232608139514923,0.10076257586479187,0.13657216727733612,0.10496997088193893,0.1432192325592041,0.11897089332342148,0.16736158728599548,0.13707181811332703,0.19851543009281158,0.1431894451379776,0.2082744687795639,0.1508815735578537,0.22541674971580505,0.1477772295475006,0.22350886464118958,0.15152263641357422,0.23221176862716675,0.14354278147220612,0.21773353219032288,0.1534811556339264,0.23328925669193268,0.1410280019044876,0.2030135840177536,0.1611238270998001,0.2304811179637909,0.16369841992855072,0.21560585498809814,0.9878359436988831,0.12664926052093506,0.03179587051272392,p016_neutral_left,14.97629280329775,63.107096411976855,0.17831396611797945
0.3444071412086487,0.35261866450309753,0.23803071677684784,0.24595211446285248,0.15056434273719788,0.16039587557315826,0.11504016816616058,0.12522651255130768,0.07265880703926086,0.09163317084312439,0.06388682872056961,0.0892779678106308,0.06945493817329407,0.10004424303770065,0.06311753392219543,0.0965171828866005,0.0646035298705101,0.0981520488858223,0.06634450703859329,0.10323541611433029,0.07135992497205734,0.1118803322315216,0.0754847526550293,0.11505834758281708,0.07619912177324295,0.11503870040178299,0.07151172310113907,0.10631749033927917,0.07297967374324799,0.10784900933504105,0.080699622631073,0.11570097506046295,0.07598516345024109,0.1125551238656044,0.07755596935749054,0.11283792555332184,0.0864204466342926,0.12448114901781082,0.08864617347717285,0.1274590939283371,0.10220739990472794,0.1491345465183258,0.12541677057743073,0.18731887638568878,0.13296157121658325,0.1996668130159378,0.14346788823604584,0.21896766126155853,0.14115771651268005,0.21727526187896729,0.1532098650932312,0.23726920783519745,0.14446087181568146,0.22234806418418884,0.15428176522254944,0.23277781903743744,0.1484145075082779,0.21758176386356354,0.16586683690547943,0.23665651679039001,0.16645270586013794,0.22511988878250122,0.993345320224762,0.11624366044998169,0.0297386571764946,p016_neutral_right,15.266786455654056,63.39759006433316,0.17244899876918565
0.3421488404273987,0.35099339485168457,0.23482531309127808,0.24384814500808716,0.1472732126712799,0.15846438705921173,0.1134074479341507,0.1245587021112442,0.07719957828521729,0.09705184400081635,0.06860561668872833,0.0917883887887001,0.07490528374910355,0.10286203771829605,0.06954987347126007,0.09989632666110992,0.0710248351097107,0.10219061374664307,0.0725945457816124,0.1071353629231453,0.075798898935318,0.11310914903879166,0.0786403939127922,0.11502063274383545,0.07886477559804916,0.11468817293643951,0.07487760484218597,0.10855571180582047,0.07654935866594315,0.11082848161458969,0.08736439049243927,0.12477370351552963,0.08051329106092453,0.11620482802391052,0.0834876298904419,0.1180020123720169,0.09347140789031982,0.12850326299667358,0.10002875328063965,0.13645818829536438,0.11625432968139648,0.16138818860054016,0.14116404950618744,0.20012906193733215,0.15078707039356232,0.2142837941646576,0.16148608922958374,0.2327289581298828,0.1590505987405777,0.23018242418766022,0.1696924865245819,0.24771186709403992,0.16066937148571014,0.2316202074289322,0.17286361753940582,0.24604691565036774,0.1615995615720749,0.22313736379146576,0.18313530087471008,0.24853259325027466,0.18233266472816467,0.2345760017633438,0.9911753535270691,0.1245361790060997,0.03183792531490326,p016_smile_front,14.970552403579148,63.10135601225825,0.17843185061782904
0.34032633900642395,0.34941431879997253,0.23712286353111267,0.24611978232860565,0.15061961114406586,0.1622624695301056,0.11747059971094131,0.12956102192401886,0.09275776892900467,0.11617132276296616,0.07620268315076828,0.09863898158073425,0.0840625986456871,0.1105572059750557,0.07989957928657532,0.10835006088018417,0.08283814042806625,0.11298850178718567,0.08807556331157684,0.12074112147092819,0.09070783853530884,0.1250421553850174,0.09259534627199173,0.12679190933704376,0.09367872029542923,0.12725909054279327,0.09075627475976944,0.12306445837020874,0.09272901713848114,0.1254149228334427,0.1101309135556221,0.1497454047203064,0.09552378952503204,0.13002298772335052,0.09566588699817657,0.12999188899993896,0.10037191957235336,0.13471528887748718,0.10475296527147293,0.14131051301956177,0.11920347064733505,0.16570833325386047,0.13827559351921082,0.19842036068439484,0.14455483853816986,0.20830655097961426,0.15267200767993927,0.22580952942371368,0.14955544471740723,0.22378994524478912,0.15410402417182922,0.2339499145746231,0.14547264575958252,0.21823616325855255,0.15569448471069336,0.23440533876419067,0.14236129820346832,0.2034502476453781,0.16269902884960175,0.23176923394203186,0.16404001414775848,0.2156812697649002,0.9760092496871948,0.12726467847824097,0.03174741566181183,p016_smile_left,14.982916218521694,63.113719827200796,0.1781780448366516
0.34409090876579285,0.3521961569786072,0.237465962767601,0.24482105672359467,0.14999745786190033,0.15920887887477875,0.11434298008680344,0.12374475598335266,0.07118649035692215,0.08849552273750305,0.06289567053318024,0.08650842308998108,0.06844157725572586,0.09712136536836624,0.06223638355731964,0.09364201873540878,0.06389084458351135,0.09559402614831924,0.06540974974632263,0.10058528184890747,0.07070785760879517,0.10956892371177673,0.07519093155860901,0.11338302493095398,0.0760333463549614,0.11357730627059937,0.07124613225460052,0.10482633858919144,0.0724221020936966,0.10592814534902573,0.07910246402025223,0.11253160238265991,0.07532903552055359,0.11060328036546707,0.07667084038257599,0.11092930287122726,0.08489479869604111,0.12193025648593903,0.08645663410425186,0.12482524663209915,0.09978677332401276,0.14663532376289368,0.12232048064470291,0.18464535474777222,0.12913942337036133,0.1964944452047348,0.13931585848331451,0.21586638689041138,0.13696730136871338,0.214364692568779,0.14925874769687653,0.23498022556304932,0.14059628546237946,0.22002655267715454,0.15000556409358978,0.2292868047952652,0.1448470503091812,0.21551194787025452,0.161330446600914,0.23291520774364471,0.16211986541748047,0.22218073904514313,0.9912797212600708,0.11433666944503784,0.029001403599977493,p016_smile_right,15.375809827571207,63.50661343625031,0.17029798472083424
0.3269869089126587,0.335476279258728,0.21715238690376282,0.22330856323242188,0.13435186445713043,0.14145725965499878,0.10249461233615875,0.10856831818819046,0.060570746660232544,0.07271572947502136,0.051879189908504486,0.06858864426612854,0.05554667115211487,0.07612656056880951,0.04874727874994278,0.07189304381608963,0.05061308294534683,0.0745057687163353,0.05023789033293724,0.07611297070980072,0.0535120852291584,0.08104046434164047,0.05836745351552963,0.08524497598409653,0.05914306640625,0.08584397286176682,0.055691029876470566,0.08137127012014389,0.056047458201646805,0.08234888315200806,0.06191008538007736,0.0894116684794426,0.05671429634094238,0.08659060299396515,0.05728578940033913,0.08763138949871063,0.06108259782195091,0.09180900454521179,0.059216126799583435,0.09136645495891571,0.06681006401777267,0.10840316861867905,0.07991904765367508,0.13642430305480957,0.08206062763929367,0.14166145026683807,0.08928421884775162,0.16022495925426483,0.08815287798643112,0.16117507219314575,0.09705930948257446,0.17891938984394073,0.09241684526205063,0.16701088845729828,0.10736238211393356,0.18519555032253265,0.10281086713075638,0.16495577991008759,0.12562024593353271,0.19364900887012482,0.1279582977294922,0.17950290441513062,0.9908261895179749,0.08829839527606964,0.01918545737862587,p017_neutral_front,17.17027842822423,65.30108203690334,0.13851157850023177
0.3279012143611908,0.3368324339389801,0.22140446305274963,0.22829854488372803,0.13976971805095673,0.14809972047805786,0.10880361497402191,0.11644395440816879,0.077971912920475,0.09580876678228378,0.05909896269440651,0.07714866101741791,0.06259644776582718,0.08417690545320511,0.055801067501306534,0.07987978309392929,0.05736386775970459,0.08296126127243042,0.060385242104530334,0.08816197514533997,0.06198154762387276,0.09146157652139664,0.06470724940299988,0.09422469139099121,0.06577613204717636,0.095578633248806,0.06307342648506165,0.09263410419225693,0.06426531821489334,0.09428071975708008,0.07927192747592926,0.11370500922203064,0.06544478982686996,0.09891980141401291,0.06493950635194778,0.09908400475978851,0.06799395382404327,0.10160403698682785,0.06782089918851852,0.10266074538230896,0.07583686709403992,0.12123837321996689,0.08850668370723724,0.14874117076396942,0.09177076816558838,0.15377062559127808,0.09760533273220062,0.17200474441051483,0.09612638503313065,0.17355842888355255,0.10277494788169861,0.18861861526966095,0.0974818542599678,0.1762659251689911,0.11103440076112747,0.19760066270828247,0.1037682443857193,0.16991224884986877,0.12618105113506317,0.2035103291273117,0.1299726516008377,0.18715502321720123,0.9931983351707458,0.09540990740060806,0.021719133481383324,p017_neutral_left,16.63157505591506,64.76237866459417,0.1473741275848082
0.3276037871837616,0.3360989987850189,0.21846561133861542,0.22475101053714752,0.13604694604873657,0.14351186156272888,0.10416559875011444,0.11094806343317032,0.06004815921187401,0.07273274660110474,0.05174505338072777,0.07014403492212296,0.05474900081753731,0.07706867903470993,0.04780476167798042,0.07304764539003372,0.04962535947561264,0.07540135830640793,0.04885587841272354,0.07678329944610596,0.052826110273599625,0.08340520411729813,0.0581609383225441,0.08789364248514175,0.05921260640025139,0.08886776119470596,0.05571296438574791,0.08380445837974548,0.05623149871826172,0.08493361622095108,0.06027432531118393,0.08883529901504517,0.05711541697382927,0.08975467830896378,0.057483501732349396,0.09025425463914871,0.06166784465312958,0.09573923796415329,0.059200264513492584,0.09454381465911865,0.06595346331596375,0.1102217435836792,0.07813076674938202,0.13804154098033905,0.07936699688434601,0.14269256591796875,0.08536143600940704,0.1598486602306366,0.08345247805118561,0.15990938246250153,0.09201367944478989,0.17775872349739075,0.0877346470952034,0.16613106429576874,0.10049374401569366,0.17922557890415192,0.1002281978726387,0.1665167212486267,0.11985550075769424,0.18863028287887573,0.1253349632024765,0.17933131754398346,0.9947860240936279,0.08694169670343399,0.019306901842355728,p017_neutral_right,17.142874113951102,65.27367772263021,0.13894927794830647
0.32715803384780884,0.33582523465156555,0.21782325208187103,0.22412683069705963,0.13509239256381989,0.14245611429214478,0.10310005396604538,0.10941783338785172,0.06242956966161728,0.07544153928756714,0.052727531641721725,0.06952571123838425,0.05626293271780014,0.07658886909484863,0.04955899342894554,0.07244529575109482,0.051479894667863846,0.07515111565589905,0.05133166164159775,0.07677542418241501,0.05431003123521805,0.081383116543293,0.05870211496949196,0.0848538875579834,0.05927659943699837,0.08543696999549866,0.055303920060396194,0.08055621385574341,0.05537549406290054,0.08118385076522827,0.06252693384885788,0.09008980542421341,0.05594851076602936,0.08511830121278763,0.05639474093914032,0.08607807010412216,0.05992396920919418,0.08965601027011871,0.05829959362745285,0.08936033397912979,0.06670267879962921,0.10729284584522247,0.08009964972734451,0.13547027111053467,0.08259505033493042,0.14073707163333893,0.0896272137761116,0.15943914651870728,0.0884668231010437,0.1608140915632248,0.0968274176120758,0.17783717811107635,0.09193263947963715,0.1660548746585846,0.10660652816295624,0.18534798920154572,0.10132325440645218,0.16370443999767303,0.12447341531515121,0.19399046897888184,0.12685105204582214,0.1793787032365799,0.9915294051170349,0.08834710717201233,0.019130222499370575,p017_smile_front,17.182799787606328,65.31360339628543,0.13831204755685808
0.33001723885536194,0.33930009603500366,0.22300340235233307,0.23058155179023743,0.1399071365594864,0.1490463763475418,0.10861905664205551,0.11734511703252792,0.07841241359710693,0.09628941863775253,0.06138698011636734,0.08108002692461014,0.06600570678710938,0.08934072405099869,0.06032285839319229,0.08658050745725632,0.06315388530492783,0.09148883074522018,0.06638846546411514,0.09654148668050766,0.06892400979995728,0.10111267119646072,0.07260272651910782,0.10539686679840088,0.07434791326522827,0.1074831560254097,0.07235027849674225,0.10578185319900513,0.073781818151474,0.10787559300661087,0.08779079467058182,0.12471282482147217,0.07575340569019318,0.11340833455324173,0.07546530663967133,0.11378145962953568,0.07798667252063751,0.11521308124065399,0.07838789373636246,0.11804787814617157,0.0880182534456253,0.13845929503440857,0.10158184915781021,0.16539888083934784,0.10497146099805832,0.17095643281936646,0.11204291880130768,0.1897205114364624,0.11097230762243271,0.19147194921970367,0.11719352751970291,0.2043224722146988,0.11208220571279526,0.19298599660396576,0.1262955665588379,0.21393629908561707,0.11752991378307343,0.18487028777599335,0.14096316695213318,0.2186381220817566,0.14374372363090515,0.20244437456130981,0.9891253709793091,0.10420184582471848,0.024978019297122955,p017_smile_left,16.024420032090898,64.15522364077,0.15804435863745012
0.3314216732978821,0.3400641083717346,0.22200623154640198,0.22861139476299286,0.13770894706249237,0.14553989470005035,0.10446833819150925,0.1116955503821373,0.06041521951556206,0.07396804541349411,0.052885182201862335,0.07199617475271225,0.056978724896907806,0.08011031895875931,0.05051656812429428,0.07613413035869598,0.05269436538219452,0.07892406731843948,0.0527033656835556,0.08103674650192261,0.05751468986272812,0.08847364038228989,0.0632660984992981,0.09377221018075943,0.06468434631824493,0.09532814472913742,0.06099938973784447,0.08989022672176361,0.061692383140325546,0.09150496125221252,0.06595254689455032,0.09559246152639389,0.06299618631601334,0.09658755362033844,0.0633760541677475,0.09700234234333038,0.06807966530323029,0.10341678559780121,0.06561413407325745,0.10216500610113144,0.07309386134147644,0.11807180941104889,0.08716839551925659,0.14724622666835785,0.08905494213104248,0.15279221534729004,0.09625042229890823,0.17076580226421356,0.09462800621986389,0.1707421839237213,0.10457884520292282,0.18970611691474915,0.09946611523628235,0.17744992673397064,0.11178704351186752,0.18953172862529755,0.11060503125190735,0.17701178789138794,0.13003352284431458,0.19788414239883423,0.13406237959861755,0.18768945336341858,0.9943393468856812,0.09312792122364044,0.021143173798918724,p017_smile_right,16.748298202500244,64.87910181117935,0.1454069248657667
0.338983952999115,0.34667688608169556,0.23479172587394714,0.24017535150051117,0.15358054637908936,0.16009420156478882,0.12206431478261948,0.1279626488685608,0.08228752762079239,0.09488794952630997,0.0663374811410904,0.07810430228710175,0.06713806092739105,0.08088520169258118,0.057884298264980316,0.07327500730752945,0.05832057446241379,0.07449701428413391,0.057820893824100494,0.07637446373701096,0.05854719132184982,0.0773598775267601,0.061491455882787704,0.07941249758005142,0.06158860772848129,0.07956352084875107,0.0580550953745842,0.07568354159593582,0.059664975851774216,0.07801954448223114,0.07154372334480286,0.09444558620452881,0.061147548258304596,0.08166931569576263,0.061050042510032654,0.08140736818313599,0.06573696434497833,0.08660182356834412,0.06556092202663422,0.08681473881006241,0.07159866392612457,0.09589484333992004,0.0817946195602417,0.112851083278656,0.08427995443344116,0.11738303303718567,0.08778519183397293,0.12711596488952637,0.08418108522891998,0.12544022500514984,0.0901964083313942,0.13704544305801392,0.08621835708618164,0.12826479971408844,0.0982309877872467,0.13897934556007385,0.09722728282213211,0.1268925815820694,0.11820177733898163,0.14851932227611542,0.12413906306028366,0.14458081126213074,0.9979029297828674,0.09314889460802078,0.01636704057455063,p018_neutral_front,17.860298409505113,65.99110201818421,0.127933735091846
0.33922845125198364,0.3472324013710022,0.23479889333248138,0.2401174008846283,0.15337452292442322,0.15975981950759888,0.1218152791261673,0.12736782431602478,0.08958795666694641,0.10501035302877426,0.06470244377851486,0.07661481946706772,0.06601058691740036,0.07976631820201874,0.05673661082983017,0.0718054249882698,0.05735006928443909,0.0732145830988884,0.0606384314596653,0.07858055830001831,0.060469694435596466,0.0786106288433075,0.061922840774059296,0.0801311805844307,0.06267654895782471,0.08138801902532578,0.059712834656238556,0.07868331670761108,0.062053658068180084,0.08171005547046661,0.08458395302295685,0.1095016747713089,0.06413156539201736,0.08635485172271729,0.06346527487039566,0.08626125752925873,0.06796461343765259,0.09075051546096802,0.0696936696767807,0.09364299476146698,0.075340136885643,0.10518104583024979,0.08473207801580429,0.12171463668346405,0.0889425203204155,0.1275002807378769,0.09184669703245163,0.1380634307861328,0.08941050618886948,0.13809734582901,0.09317653626203537,0.1459100842475891,0.09001979976892471,0.1389649212360382,0.1004527136683464,0.1507643610239029,0.09701309353113174,0.13380473852157593,0.1164410337805748,0.15608493983745575,0.12301815301179886,0.1501173973083496,0.9917084574699402,0.09520827978849411,0.017564499750733376,p018_neutral_left,17.5536421470713,65.6844457557504,0.13253112747854134
0.3442049026489258,0.3517828583717346,0.23891599476337433,0.24440355598926544,0.156594380736351,0.16335313022136688,0.1242029219865799,0.13078519701957703,0.08261051774024963,0.096452496945858,0.06816238909959793,0.0813504308462143,0.06943447142839432,0.0850580558180809,0.060633737593889236,0.07816048711538315,0.06085538491606712,0.07930739969015121,0.06058807671070099,0.08167615532875061,0.062078267335891724,0.08348169177770615,0.06513038277626038,0.08568046241998672,0.06563868373632431,0.08632020652294159,0.06190750002861023,0.08181153982877731,0.06376798450946808,0.0844830647110939,0.07387266308069229,0.0991794690489769,0.06611735373735428,0.0889088436961174,0.0661705806851387,0.08884720504283905,0.07204906642436981,0.0962640643119812,0.07125766575336456,0.09532701969146729,0.07818594574928284,0.10551087558269501,0.09111333638429642,0.1261163204908371,0.09469418227672577,0.1323271542787552,0.1000826433300972,0.14385250210762024,0.09753115475177765,0.14311696588993073,0.10707099735736847,0.15931323170661926,0.10314489901065826,0.1508866548538208,0.11408630013465881,0.15966928005218506,0.11484075337648392,0.15293985605239868,0.1330844908952713,0.17042693495750427,0.13930679857730865,0.16784873604774475,0.9971550703048706,0.10024521499872208,0.019015587866306305,p018_neutral_right,17.208902438444852,65.33970604712395,0.1378970190624377
0.33894115686416626,0.34670543670654297,0.2345510870218277,0.24022187292575836,0.1527004837989807,0.15967337787151337,0.12109366804361343,0.12767066061496735,0.08340641856193542,0.09787379950284958,0.06623043864965439,0.07916940748691559,0.06744129955768585,0.0824311226606369,0.05845458433032036,0.07514248788356781,0.059043340384960175,0.07654041051864624,0.05977914109826088,0.07947566360235214,0.060360152274370193,0.08028313517570496,0.06296654045581818,0.08213247358798981,0.06324099749326706,0.08245909959077835,0.05988670140504837,0.07882905751466751,0.06160104274749756,0.08127956092357635,0.07599411904811859,0.10064686834812164,0.06342772394418716,0.0851965993642807,0.06320570409297943,0.08485948294401169,0.06775063276290894,0.08973751217126846,0.06826145946979523,0.09068623930215836,0.07472309470176697,0.10045374929904938,0.08535347133874893,0.11756476014852524,0.08847641944885254,0.12264395505189896,0.09213877469301224,0.1323811560869217,0.08912727981805801,0.13085973262786865,0.09502239525318146,0.1416347324848175,0.09122816473245621,0.132923424243927,0.1039893701672554,0.144911527633667,0.10148575156927109,0.13056012988090515,0.12348964810371399,0.15393371880054474,0.12908633053302765,0.14944393932819366,0.9912995100021362,0.09556854516267776,0.017079923301935196,p018_smile_front,17.675140838590224,65.80594444726933,0.13069018058727747
0.338368684053421,0.34637683629989624,0.23419681191444397,0.23958007991313934,0.15282662212848663,0.15944316983222961,0.12138797342777252,0.1272609829902649,0.09157636016607285,0.10773403197526932,0.06526708602905273,0.07783675193786621,0.06696805357933044,0.08152946084737778,0.05800290405750275,0.07387521862983704,0.05879013612866402,0.0754711702466011,0.063064806163311,0.08158840239048004,0.06269514560699463,0.08149639517068863,0.06367544084787369,0.08271822333335876,0.06449368596076965,0.08401280641555786,0.06178565323352814,0.08152487128973007,0.06422547996044159,0.08479151129722595,0.08928649127483368,0.11475473642349243,0.06650272011756897,0.08960490673780441,0.06580013036727905,0.08938831835985184,0.070156991481781,0.0939469262957573,0.07235901802778244,0.09703467786312103,0.07827097922563553,0.10842667520046234,0.0877528041601181,0.1245473101735115,0.09216684103012085,0.13057589530944824,0.09517662227153778,0.14071765542030334,0.0929415225982666,0.14056727290153503,0.09626184403896332,0.14717943966388702,0.09320250898599625,0.14043942093849182,0.10394969582557678,0.1523139625787735,0.09991694986820221,0.13447846472263336,0.11961474269628525,0.15720631182193756,0.12621010839939117,0.15184570848941803,0.9907853603363037,0.09732315689325333,0.01798047311604023,p018_smile_left,17.45198884961951,65.58279245829861,0.13409128650303953
0.34442389011383057,0.3520733416080475,0.2394581288099289,0.24533475935459137,0.15701605379581451,0.16439135372638702,0.12446911633014679,0.13189725577831268,0.08356200158596039,0.09908191114664078,0.06915098428726196,0.08360619097948074,0.0706280916929245,0.0875118225812912,0.062027234584093094,0.08088698238134384,0.06224854290485382,0.08207044750452042,0.06221199035644531,0.08471261709928513,0.0636114701628685,0.08610610663890839,0.06638319790363312,0.08785668760538101,0.06667792052030563,0.08822019398212433,0.06291308254003525,0.08386852592229843,0.06471164524555206,0.0864710807800293,0.07530838251113892,0.10216083377599716,0.06702783703804016,0.09064966440200806,0.06688405573368073,0.0902763158082962,0.07258502393960953,0.09720101952552795,0.0720025822520256,0.09630756825208664,0.07908286899328232,0.10608378797769547,0.09218326210975647,0.12608271837234497,0.09593591094017029,0.13240908086299896,0.1011594906449318,0.14297664165496826,0.09841808676719666,0.1416308730840683,0.10776939988136292,0.15696322917938232,0.10390839725732803,0.148381769657135,0.11473716050386429,0.156534805893898,0.11554611474275589,0.15000982582569122,0.13366732001304626,0.16692189872264862,0.1399582028388977,0.16512979567050934,0.9975566267967224,0.10116007924079895,0.01905779540538788,p018_smile_right,17.19927339723452,65.33007700591362,0.1380499743041913
0.33712491393089294,0.3459978401660919,0.2277124971151352,0.2355233132839203,0.14181891083717346,0.1513620764017105,0.10702797770500183,0.11660943925380707,0.06537068635225296,0.08170009404420853,0.059147775173187256,0.07936237752437592,0.0644112229347229,0.08900785446166992,0.059646278619766235,0.08704431354999542,0.06266763061285019,0.09151680022478104,0.06509827077388763,0.09605702757835388,0.07154429703950882,0.10373401641845703,0.0783250480890274,0.10944276303052902,0.08323530107736588,0.11360537260770798,0.08378541469573975,0.11242737621068954,0.08841602504253387,0.1179562509059906,0.10138282179832458,0.13472487032413483,0.09758883714675903,0.13130860030651093,0.09932852536439896,0.13355107605457306,0.10468669980764389,0.1405499279499054,0.10693676024675369,0.1438872218132019,0.11962752789258957,0.16360653936862946,0.13938303291797638,0.195574551820755,0.14494138956069946,0.203852117061615,0.15384723246097565,0.22069354355335236,0.15194185078144073,0.21939504146575928,0.16305410861968994,0.23763403296470642,0.15623697638511658,0.2250790148973465,0.16903194785118103,0.24070250988006592,0.15987971425056458,0.2210283726453781,0.1805897206068039,0.2471172958612442,0.17942972481250763,0.23500962555408478,0.9905650019645691,0.12334128469228745,0.03057851269841194,p019_neutral_front,15.14583641964278,63.27664002832188,0.17486712869608154
0.340690016746521,0.35041648149490356,0.23201480507850647,0.24175842106342316,0.1446504294872284,0.15711139142513275,0.10909918695688248,0.12271113693714142,0.07354458421468735,0.09517885744571686,0.06699845939874649,0.09157578647136688,0.07462378591299057,0.10310939699411392,0.07397012412548065,0.10378865152597427,0.0796651616692543,0.11102429032325745,0.08297617733478546,0.11624138802289963,0.0887037143111229,0.12390892207622528,0.09470517188310623,0.13025334477424622,0.09869907051324844,0.13411888480186462,0.09892407804727554,0.13302510976791382,0.10186538100242615,0.13624876737594604,0.11354545503854752,0.1513037234544754,0.10891272127628326,0.1471061408519745,0.10970205068588257,0.14824806153774261,0.11233926564455032,0.15152455866336823,0.11622181534767151,0.15734516084194183,0.13189417123794556,0.18342654407024384,0.1511242389678955,0.2160916030406952,0.15740148723125458,0.224896639585495,0.16719074547290802,0.24449309706687927,0.16632767021656036,0.24539560079574585,0.1744004786014557,0.25949063897132874,0.16853144764900208,0.248282790184021,0.1818714737892151,0.267122745513916,0.169446662068367,0.239932581782341,0.19172784686088562,0.2709142863750458,0.19050534069538116,0.25658348202705383,0.9572061896324158,0.13459981977939606,0.03661583736538887,p019_neutral_left,14.363310295591008,62.49411390427011,0.19135265183787986
0.3396585285663605,0.3476872742176056,0.22965587675571442,0.23571118712425232,0.1433444619178772,0.15046042203903198,0.10785375535488129,0.11410589516162872,0.06223012134432793,0.07349207252264023,0.05373436212539673,0.06927254796028137,0.057069506496191025,0.07653886824846268,0.04936201497912407,0.07138784974813461,0.050614044070243835,0.07305202633142471,0.052426110953092575,0.07584822922945023,0.05935038626194,0.08406104147434235,0.06638480722904205,0.08983119577169418,0.07083030045032501,0.09336740523576736,0.06980162858963013,0.09081094712018967,0.0741732195019722,0.09658103436231613,0.08477513492107391,0.11096605658531189,0.08369619399309158,0.11069296300411224,0.08610236644744873,0.11403524875640869,0.09305401146411896,0.12324108928442001,0.09355878829956055,0.12435285747051239,0.10553401708602905,0.14075930416584015,0.12554578483104706,0.17156286537647247,0.12974712252616882,0.17858250439167023,0.13980557024478912,0.19616365432739258,0.1386483609676361,0.19527624547481537,0.1517878919839859,0.21682237088680267,0.14524640142917633,0.20486430823802948,0.15774767100811005,0.21912464499473572,0.15114377439022064,0.20455139875411987,0.17033931612968445,0.22763602435588837,0.16909772157669067,0.21593499183654785,0.9932569265365601,0.11331084370613098,0.025469304993748665,p019_neutral_right,15.939829059000704,64.0706326676798,0.15959105549418698
0.336463063955307,0.34509873390197754,0.2273513823747635,0.23445309698581696,0.14291666448116302,0.15161016583442688,0.10870860517024994,0.11728399991989136,0.06630174815654755,0.08162214607000351,0.05873047560453415,0.07787103205919266,0.06308522075414658,0.08622882515192032,0.05691802501678467,0.08308511972427368,0.059443697333335876,0.08697828650474548,0.060894545167684555,0.09085845202207565,0.06663015484809875,0.09782560914754868,0.07310426235198975,0.10308144986629486,0.0774473249912262,0.10678499937057495,0.0775044783949852,0.10543543845415115,0.08169282972812653,0.11059297621250153,0.09398455172777176,0.12753118574619293,0.0896938145160675,0.12289810180664062,0.0910431370139122,0.12474413216114044,0.09588336944580078,0.13124962151050568,0.09696091711521149,0.13391274213790894,0.10822940617799759,0.15201161801815033,0.12614896893501282,0.1819792538881302,0.13049271702766418,0.18954482674598694,0.13824641704559326,0.20494988560676575,0.13581766188144684,0.20322927832603455,0.14598697423934937,0.22043728828430176,0.1390611082315445,0.20757931470870972,0.15163365006446838,0.22237980365753174,0.14317117631435394,0.2027404010295868,0.16392233967781067,0.22821421921253204,0.16333606839179993,0.21591541171073914,0.9923882484436035,0.11519984900951385,0.027344875037670135,p019_smile_front,15.631240569510469,63.762044178189576,0.16536285870070744
0.33762994408607483,0.3470419943332672,0.23065635561943054,0.2393779307603836,0.14505411684513092,0.15648101270198822,0.11107788980007172,0.12325877696275711,0.07985915243625641,0.10100510716438293,0.06634791940450668,0.08904290199279785,0.07241720706224442,0.09847851097583771,0.06982164829969406,0.0971933975815773,0.07456527650356293,0.1035081073641777,0.077694371342659,0.1089600995182991,0.08216573297977448,0.11439389735460281,0.0871117115020752,0.11931420862674713,0.09098799526691437,0.12282180786132812,0.09146494418382645,0.12217042595148087,0.09510484337806702,0.12590734660625458,0.11322394013404846,0.1492113322019577,0.10278335213661194,0.13693219423294067,0.1030447855591774,0.1376984864473343,0.10592126101255417,0.14072750508785248,0.10994994640350342,0.14674308896064758,0.12341570109128952,0.17030557990074158,0.14057496190071106,0.19984345138072968,0.14716435968875885,0.20920072495937347,0.15508803725242615,0.22613699734210968,0.1536397784948349,0.22648900747299194,0.159779891371727,0.237773597240448,0.15410003066062927,0.22694885730743408,0.1663372963666916,0.2452012598514557,0.15375959873199463,0.21604005992412567,0.17481964826583862,0.24648216366767883,0.17416781187057495,0.2314205914735794,0.9645493626594543,0.12742063403129578,0.032144151628017426,p019_smile_left,14.928980319691476,63.05978392837058,0.17928790151044052
0.3401550352573395,0.3481023907661438,0.23055902123451233,0.23658403754234314,0.14543326199054718,0.15285101532936096,0.1109539046883583,0.11800269782543182,0.06581174582242966,0.078764408826828,0.05739104747772217,0.07472731173038483,0.06101742014288902,0.08200923353433609,0.05352241173386574,0.07722724229097366,0.05515825375914574,0.079290971159935,0.057195112109184265,0.0824584886431694,0.06382649391889572,0.0900864526629448,0.07027953863143921,0.09562794864177704,0.07391439378261566,0.09845229238271713,0.07188980281352997,0.09428760409355164,0.07511060684919357,0.09845972806215286,0.08257101476192474,0.1085723266005516,0.08264045417308807,0.10996177792549133,0.08433588594198227,0.11232330650091171,0.09019207954406738,0.12004393339157104,0.09080526232719421,0.12122401595115662,0.10421262681484222,0.13966038823127747,0.12459174543619156,0.17056673765182495,0.1286718249320984,0.17802326381206512,0.13861492276191711,0.19506756961345673,0.1373664140701294,0.19408124685287476,0.14941710233688354,0.2141774743795395,0.14256121218204498,0.2021048665046692,0.1535225510597229,0.2139769345521927,0.14828625321388245,0.20085689425468445,0.16613394021987915,0.22116431593894958,0.1666439175605774,0.2111978828907013,0.9944797158241272,0.1136479526758194,0.025355415418744087,p019_smile_right,15.959292696520855,64.09009630519995,0.15923383879924546
0.38998129963874817,0.4010049104690552,0.32064586877822876,0.32906970381736755,0.2586674094200134,0.26927801966667175,0.2496412843465805,0.2566578984260559,0.18524707853794098,0.19471612572669983,0.1373104602098465,0.14769400656223297,0.13639092445373535,0.14734695851802826,0.12255670130252838,0.13344880938529968,0.10459572821855545,0.11619213223457336,0.10189220309257507,0.11397737264633179,0.11736026406288147,0.12811334431171417,0.13054214417934418,0.14186039566993713,0.13907277584075928,0.14908947050571442,0.11786092817783356,0.1294364184141159,0.1069001704454422,0.11858214437961578,0.10945180058479309,0.12321379035711288,0.1060682013630867,0.11970558017492294,0.13676196336746216,0.14999698102474213,0.12422098964452744,0.13670414686203003,0.11199001222848892,0.1265244483947754,0.1267121285200119,0.14781847596168518,0.1190045177936554,0.1510097086429596,0.10492052882909775,0.14597754180431366,0.09458687156438828,0.14481298625469208,0.0827271118760109,0.13736748695373535,0.07708702236413956,0.13319557905197144,0.07599799335002899,0.12121782451868057,0.1003342717885971,0.1383485347032547,0.10973674058914185,0.12684160470962524,0.12716834247112274,0.1444658637046814,0.14666543900966644,0.15906868875026703,0.9681130051612854,0.14103564620018005,0.029977891594171524,p020_neutral_front,15.231989152241166,63.36279276092027,0.17314124752401297
0.38858145475387573,0.399650514125824,0.32007020711898804,0.3285377323627472,0.25754475593566895,0.26821064949035645,0.24897916615009308,0.2561183571815491,0.18537703156471252,0.19511941075325012,0.13752681016921997,0.14834822714328766,0.1363241970539093,0.1479046642780304,0.12281806021928787,0.13486242294311523,0.10546696186065674,0.11856941878795624,0.10231301188468933,0.11645656824111938,0.11810677498579025,0.13116803765296936,0.13125166296958923,0.14526499807834625,0.13993702828884125,0.15278483927249908,0.11998926848173141,0.1348033994436264,0.10963327437639236,0.12488105148077011,0.11271493136882782,0.13032707571983337,0.1090923622250557,0.1268080621957779,0.13899244368076324,0.1562168151140213,0.12667250633239746,0.14333133399486542,0.11465471982955933,0.13336816430091858,0.12896263599395752,0.15471437573432922,0.12137466669082642,0.1577427238225937,0.10841502249240875,0.15377379953861237,0.09908857196569443,0.15380890667438507,0.0886630192399025,0.148132786154747,0.08250802755355835,0.1434803605079651,0.08138251304626465,0.1322954148054123,0.10554131865501404,0.15103484690189362,0.11409240961074829,0.13584479689598083,0.13231608271598816,0.15519744157791138,0.15220457315444946,0.16645660996437073,0.9750765562057495,0.143245667219162,0.03140563145279884,p020_neutral_left,15.02992470092764,63.160728309606746,0.17721634081765383
0.38796770572662354,0.3990848660469055,0.3179652988910675,0.32647183537483215,0.2554771900177002,0.2662467956542969,0.24661822617053986,0.25368523597717285,0.18223287165164948,0.19179880619049072,0.13358452916145325,0.1438991278409958,0.13274042308330536,0.14361344277858734,0.11886413395404816,0.12960971891880035,0.10109923779964447,0.11240886896848679,0.09797126799821854,0.10928387194871902,0.11396047472953796,0.12394841760396957,0.1274695247411728,0.13790586590766907,0.13612493872642517,0.14522595703601837,0.11529340595006943,0.12574590742588043,0.10469665378332138,0.11519123613834381,0.10715418308973312,0.11933549493551254,0.10363978892564774,0.11606623232364655,0.1346159279346466,0.14678318798542023,0.1230149045586586,0.13484039902687073,0.11024628579616547,0.12388317286968231,0.12408309429883957,0.1436375081539154,0.1160014346241951,0.14598658680915833,0.10193411260843277,0.1405835598707199,0.09130513668060303,0.13885599374771118,0.07922087609767914,0.13121069967746735,0.07460272312164307,0.12787455320358276,0.07397396117448807,0.11636818945407867,0.09773313999176025,0.13200463354587555,0.10972452163696289,0.12499970942735672,0.12533506751060486,0.14027826488018036,0.14588797092437744,0.15737085044384003,0.9732615947723389,0.13840483129024506,0.02882947027683258,p020_neutral_right,15.401633374231727,63.53243698291082,0.16979243291982296
0.38959169387817383,0.4006268382072449,0.3212819993495941,0.3297794759273529,0.2585970163345337,0.2693255841732025,0.2513464689254761,0.2584075927734375,0.18830999732017517,0.19790294766426086,0.13966389000415802,0.150297150015831,0.1387854814529419,0.15011772513389587,0.12527881562709808,0.13656198978424072,0.10780210047960281,0.12028209865093231,0.10512653738260269,0.11858517676591873,0.12064684182405472,0.1330067664384842,0.13334299623966217,0.14649884402751923,0.14146463572978973,0.15361468493938446,0.12067724019289017,0.13458384573459625,0.10998833924531937,0.12440069019794464,0.11335086077451706,0.13038067519664764,0.10929863899946213,0.1260528713464737,0.13952364027500153,0.15578904747962952,0.12663701176643372,0.14199893176555634,0.11508655548095703,0.13264650106430054,0.1314704716205597,0.15649132430553436,0.12618358433246613,0.1625128984451294,0.11459892988204956,0.16006694734096527,0.10603324323892593,0.16021926701068878,0.09553597122430801,0.15341541171073914,0.0895744040608406,0.14924657344818115,0.0867713913321495,0.13640575110912323,0.10981348156929016,0.15379711985588074,0.11424795538187027,0.13564373552799225,0.1323927342891693,0.1545245498418808,0.14784376323223114,0.16273927688598633,0.9725214242935181,0.14549200236797333,0.031952958554029465,p020_smile_front,14.954889239154937,63.08569284783404,0.17875390500358157
0.38966110348701477,0.40066659450531006,0.3210412263870239,0.3295203149318695,0.25875285267829895,0.2693590223789215,0.25175097584724426,0.25876715779304504,0.1892024576663971,0.1987105906009674,0.14105799794197083,0.1514045000076294,0.1407291740179062,0.15192504227161407,0.12733936309814453,0.13885919749736786,0.10946918278932571,0.12194952368736267,0.10655321180820465,0.11965055018663406,0.12199297547340393,0.13420721888542175,0.13495951890945435,0.14811654388904572,0.14338095486164093,0.15526266396045685,0.12227474898099899,0.1359769105911255,0.11123137176036835,0.12488216161727905,0.11374835669994354,0.12970200181007385,0.11050703376531601,0.1265558898448944,0.14046353101730347,0.15590374171733856,0.12754951417446136,0.14240719377994537,0.11557942628860474,0.13249985873699188,0.13104665279388428,0.15490274131298065,0.12358877062797546,0.1577032506465912,0.11137383431196213,0.1548047810792923,0.10286697745323181,0.1549437791109085,0.0929529070854187,0.14948643743991852,0.08484282344579697,0.14386014640331268,0.08205334842205048,0.13321685791015625,0.10061251372098923,0.1486114114522934,0.10643172264099121,0.1314237415790558,0.1230946034193039,0.1492224633693695,0.1415518820285797,0.15781861543655396,0.9055800437927246,0.14443962275981903,0.031615108251571655,p020_smile_left,15.00105326804116,63.13185687672026,0.17780637854579812
0.38816070556640625,0.3992653787136078,0.318488746881485,0.32699087262153625,0.2555583715438843,0.26632779836654663,0.2466094046831131,0.2536640763282776,0.1825101524591446,0.19200898706912994,0.13319402933120728,0.1435539871454239,0.132099911570549,0.14307650923728943,0.11864139139652252,0.12926992774009705,0.10113722831010818,0.11235016584396362,0.09805455058813095,0.10925343632698059,0.1140502318739891,0.12363526970148087,0.1274457722902298,0.13738541305065155,0.13623782992362976,0.14473922550678253,0.11535131186246872,0.12517736852169037,0.10459443926811218,0.1144854798913002,0.10700846463441849,0.11840382218360901,0.10371221601963043,0.11522641032934189,0.13485503196716309,0.1460915207862854,0.1228352040052414,0.13348592817783356,0.11014824360609055,0.12240906059741974,0.12484437972307205,0.14293944835662842,0.11715099960565567,0.14538902044296265,0.10288018733263016,0.1393698900938034,0.09225556254386902,0.13738326728343964,0.07974658906459808,0.1292407512664795,0.07403870671987534,0.12452466040849686,0.07248520851135254,0.11221366375684738,0.09582789987325668,0.12843608856201172,0.1061083972454071,0.11980947107076645,0.12197034060955048,0.13639427721500397,0.14171656966209412,0.15312284231185913,0.9652111530303955,0.1380552500486374,0.02851215749979019,p020_smile_right,15.449699186147098,63.5805027948262,0.16885543372894515
0.38920488953590393,0.40033045411109924,0.3186946511268616,0.32713571190834045,0.25599631667137146,0.26661092042922974,0.2496708184480667,0.25664401054382324,0.18853361904621124,0.19788096845149994,0.13844938576221466,0.14883984625339508,0.13772526383399963,0.14878039062023163,0.12524372339248657,0.13646578788757324,0.1078127846121788,0.12052382528781891,0.10436143726110458,0.1185975968837738,0.12007371336221695,0.13424763083457947,0.13349254429340363,0.14923924207687378,0.14172376692295074,0.15770791471004486,0.12154697626829147,0.14005206525325775,0.11047553271055222,0.12978750467300415,0.11360346525907516,0.13525862991809845,0.10900372266769409,0.13110299408435822,0.13714680075645447,0.1582239866256714,0.12359210103750229,0.14344003796577454,0.11293723434209824,0.13510571420192719,0.12938231229782104,0.15898196399211884,0.12750637531280518,0.16656379401683807,0.12356769293546677,0.16843245923519135,0.12127791345119476,0.17253829538822174,0.11702588200569153,0.17032577097415924,0.11424868553876877,0.16819675266742706,0.11256882548332214,0.15989457070827484,0.12965308129787445,0.17425328493118286,0.12798261642456055,0.1536213904619217,0.14365360140800476,0.17089594900608063,0.1538492888212204,0.17411629855632782,0.9790673851966858,0.14968030154705048,0.03366420418024063,p021_neutral_front,14.728316477700822,62.859120086379924,0.18347807547562905
0.3898959159851074,0.4011017680168152,0.32039737701416016,0.3288208544254303,0.25824394822120667,0.2688237130641937,0.25296682119369507,0.25986015796661377,0.19266276061534882,0.20198610424995422,0.1426805704832077,0.15296056866645813,0.14195311069488525,0.15313537418842316,0.12956544756889343,0.14131861925125122,0.11216295510530472,0.12590734660625458,0.1086835116147995,0.12352412939071655,0.12427670508623123,0.1393054723739624,0.1378406137228012,0.15501701831817627,0.14609982073307037,0.1631982922554016,0.12607404589653015,0.1462247222661972,0.11543542891740799,0.13619786500930786,0.11854664981365204,0.14142349362373352,0.11377190053462982,0.13706840574741364,0.14210450649261475,0.16439612209796906,0.12794308364391327,0.14918704330921173,0.1182541698217392,0.14228452742099762,0.13478152453899384,0.1660362184047699,0.1303151398897171,0.1698121577501297,0.12460296601057053,0.1704726666212082,0.12062455713748932,0.17275330424308777,0.11503717303276062,0.17038986086845398,0.10811316967010498,0.164065420627594,0.10590022802352905,0.15624505281448364,0.12176156789064407,0.17123286426067352,0.1216631680727005,0.147831529378891,0.13829649984836578,0.16712629795074463,0.15199415385723114,0.169897198677063,0.9754831790924072,0.15137876570224762,0.03450453281402588,p021_neutral_left,14.62123848497489,62.75204209365399,0.1857539577344878
0.3895092308521271,0.40062063932418823,0.31912893056869507,0.3276064693927765,0.2560346722602844,0.26671722531318665,0.2502986490726471,0.25725606083869934,0.18926368653774261,0.1985396444797516,0.13970258831977844,0.149551659822464,0.1392168402671814,0.14994490146636963,0.12634041905403137,0.13728247582912445,0.10858261585235596,0.12048275768756866,0.10515280812978745,0.11749375611543655,0.12176632881164551,0.1338818073272705,0.13512273132801056,0.14842693507671356,0.1438966542482376,0.15671059489250183,0.12151676416397095,0.13620221614837646,0.1098681092262268,0.12502367794513702,0.11136046797037125,0.1278313398361206,0.10800635069608688,0.12533129751682281,0.13653241097927094,0.1525493562221527,0.12414868921041489,0.13999351859092712,0.11187928915023804,0.1292721927165985,0.12794442474842072,0.15106049180030823,0.12602633237838745,0.15867577493190765,0.12143075466156006,0.16094936430454254,0.11908657848834991,0.16465096175670624,0.11463853716850281,0.16220106184482574,0.1146213486790657,0.1630023866891861,0.11226296424865723,0.15455952286720276,0.12718932330608368,0.164784237742424,0.12570835649967194,0.1475345492362976,0.13912121951580048,0.16054809093475342,0.14716364443302155,0.16361963748931885,0.9208322167396545,0.1491159200668335,0.03246598318219185,p021_neutral_right,14.88571440653995,63.016518015219056,0.18018319339547695
0.3888736367225647,0.39996567368507385,0.3182039260864258,0.32666540145874023,0.2546651065349579,0.2653161287307739,0.24853141605854034,0.2555731534957886,0.18690933287143707,0.19629622995853424,0.1359902322292328,0.14637157320976257,0.13573385775089264,0.14695538580417633,0.12346949428319931,0.13470953702926636,0.10534598678350449,0.11814232170581818,0.10244853794574738,0.11672993749380112,0.11792667210102081,0.13204500079154968,0.1311342716217041,0.1467689573764801,0.1398605853319168,0.15563051402568817,0.1195857971906662,0.13776318728923798,0.10848455131053925,0.12737883627414703,0.11110952496528625,0.1326514482498169,0.10697028040885925,0.1285158395767212,0.1345740407705307,0.1554429829120636,0.1210341826081276,0.1408192664384842,0.11066097766160965,0.13234718143939972,0.1267821192741394,0.1554611623287201,0.12547923624515533,0.1634305715560913,0.12248080223798752,0.1662020981311798,0.12132971733808517,0.1714385747909546,0.11785711348056793,0.17023701965808868,0.11572059988975525,0.1690906286239624,0.11387558281421661,0.16096296906471252,0.13020464777946472,0.17531803250312805,0.12624822556972504,0.1526486575603485,0.14239396154880524,0.17037071287631989,0.15074750781059265,0.1710333377122879,0.974225640296936,0.14821402728557587,0.03314828500151634,p021_smile_front,14.79538935845781,62.92619296713691,0.18206670481314352
0.3900532126426697,0.40121206641197205,0.3200041353702545,0.32837799191474915,0.2581294775009155,0.2686411142349243,0.2530212998390198,0.25984734296798706,0.19353744387626648,0.20274363458156586,0.14405418932437897,0.1540796458721161,0.1438526213169098,0.15474572777748108,0.13138587772846222,0.14283566176891327,0.11385787278413773,0.1273851841688156,0.11014369875192642,0.12487298250198364,0.12556926906108856,0.14063119888305664,0.13883498311042786,0.15605436265468597,0.14685946702957153,0.16401061415672302,0.12648248672485352,0.14686286449432373,0.11536424607038498,0.1361495554447174,0.11837884783744812,0.14168480038642883,0.11379408091306686,0.13756214082241058,0.14144940674304962,0.16425490379333496,0.1266193389892578,0.1479307860136032,0.11690577864646912,0.14114871621131897,0.13396890461444855,0.16642187535762787,0.13028593361377716,0.17104509472846985,0.12637704610824585,0.1736181378364563,0.12413888424634933,0.17753519117832184,0.1201169490814209,0.1767941266298294,0.11370598524808884,0.17081324756145477,0.11196525394916534,0.16452516615390778,0.12611529231071472,0.1792605221271515,0.1230640783905983,0.1520114690065384,0.13924066722393036,0.1717449277639389,0.1499953269958496,0.16924285888671875,0.9579318761825562,0.15249426662921906,0.03509965166449547,p021_smile_left,14.546971935324134,62.67777554400324,0.18734901031095805
0.38956645131111145,0.4006631374359131,0.31940484046936035,0.3278258144855499,0.2560926079750061,0.26673102378845215,0.25015097856521606,0.25706374645233154,0.18899859488010406,0.19819191098213196,0.13914407789707184,0.14884398877620697,0.13878178596496582,0.14928755164146423,0.12621977925300598,0.1369614452123642,0.1077260673046112,0.11932320892810822,0.10463479161262512,0.11659300327301025,0.12093710899353027,0.13267412781715393,0.13442039489746094,0.147333025932312,0.14316299557685852,0.1555226445198059,0.12073041498661041,0.1348990797996521,0.10926651209592819,0.12378039211034775,0.11045879870653152,0.12629254162311554,0.107256218791008,0.12402697652578354,0.1359880417585373,0.15141381323337555,0.12353435158729553,0.1387316733598709,0.11113405227661133,0.12785851955413818,0.12718825042247772,0.1497337520122528,0.1250065416097641,0.15710759162902832,0.12021090090274811,0.15919409692287445,0.1178043857216835,0.16267943382263184,0.11362285912036896,0.16029028594493866,0.11358367651700974,0.16105443239212036,0.11139153689146042,0.15293756127357483,0.12600785493850708,0.16319464147090912,0.12447037547826767,0.14658093452453613,0.1375236064195633,0.15952156484127045,0.146370992064476,0.16351386904716492,0.8976448178291321,0.14841611683368683,0.03215909004211426,p021_smile_right,14.926962483340196,63.05776609201931,0.17932955707889944
0.38628602027893066,0.3975082337856293,0.31625786423683167,0.3248366713523865,0.2546687722206116,0.26546573638916016,0.2503219544887543,0.25744038820266724,0.1937589943408966,0.20370183885097504,0.1431218832731247,0.1543571650981903,0.1430596113204956,0.15514211356639862,0.13149584829807281,0.14394788444042206,0.11412446200847626,0.12852348387241364,0.11319813132286072,0.13023346662521362,0.12817786633968353,0.14468815922737122,0.13963940739631653,0.15677547454833984,0.14663495123386383,0.16332590579986572,0.12513838708400726,0.14404454827308655,0.11449628323316574,0.13424919545650482,0.12344890832901001,0.1492515653371811,0.11332028359174728,0.13553376495838165,0.14167949557304382,0.16253957152366638,0.12873710691928864,0.14862316846847534,0.11822333186864853,0.14070095121860504,0.13413900136947632,0.16388826072216034,0.13042868673801422,0.17152443528175354,0.12385540455579758,0.17497128248214722,0.11522011458873749,0.17336000502109528,0.105068139731884,0.16543734073638916,0.0998954102396965,0.16239289939403534,0.09621168673038483,0.14991241693496704,0.11599985510110855,0.16445444524288177,0.1208040863275528,0.14648084342479706,0.13649213314056396,0.16293299198150635,0.1515853852033615,0.16808591783046722,0.9743666052818298,0.15017841756343842,0.03420905023813248,p022_neutral_front,14.658589831684605,62.78939344036371,0.18495688751201583
0.38682493567466736,0.39803385734558105,0.3179280757904053,0.32650026679039,0.25663354992866516,0.2674153447151184,0.25349482893943787,0.26060715317726135,0.19890597462654114,0.20909030735492706,0.1494307667016983,0.16147005558013916,0.14963598549365997,0.16288280487060547,0.13846564292907715,0.1535709947347641,0.12260259687900543,0.1418200433254242,0.1216040700674057,0.14434944093227386,0.13607272505760193,0.15947812795639038,0.14806364476680756,0.1736474186182022,0.15468932688236237,0.1802196055650711,0.13553917407989502,0.1638512909412384,0.1256464719772339,0.1537773460149765,0.13466262817382812,0.16846738755702972,0.12526677548885345,0.156112939119339,0.1496017724275589,0.18063002824783325,0.1345410943031311,0.16238045692443848,0.12854138016700745,0.1597074568271637,0.14777915179729462,0.19003741443157196,0.14601008594036102,0.19770802557468414,0.14459647238254547,0.20551657676696777,0.1404157280921936,0.2081131786108017,0.13481958210468292,0.2058034986257553,0.12613509595394135,0.19623981416225433,0.12374367564916611,0.188604474067688,0.13985593616962433,0.2064734399318695,0.13605165481567383,0.17218413949012756,0.15344130992889404,0.19493280351161957,0.1650356948375702,0.18746551871299744,0.95683753490448,0.16213126480579376,0.040772780776023865,p022_neutral_left,13.896296678831677,62.02710028751078,0.20192270990659733
0.38623854517936707,0.39775341749191284,0.3170173764228821,0.3258706033229828,0.2546410858631134,0.2655945122241974,0.2514273524284363,0.25883448123931885,0.1963026076555252,0.2066323459148407,0.14756309986114502,0.15889163315296173,0.14846374094486237,0.16080495715141296,0.1364508718252182,0.15039578080177307,0.11864103376865387,0.1339464634656906,0.11760495603084564,0.13475605845451355,0.13359229266643524,0.1506229043006897,0.1451394259929657,0.16325582563877106,0.15219326317310333,0.1692638099193573,0.1285001039505005,0.14702939987182617,0.11712515354156494,0.1361526995897293,0.12466451525688171,0.14646677672863007,0.11561480164527893,0.13693904876708984,0.14292868971824646,0.1619853973388672,0.13061824440956116,0.1499747335910797,0.11819271743297577,0.13920538127422333,0.13334280252456665,0.1606353372335434,0.1301172375679016,0.16824938356876373,0.12572716176509857,0.17410315573215485,0.11915276944637299,0.1740371435880661,0.11020342260599136,0.16731961071491241,0.10691732168197632,0.1684192717075348,0.1025012657046318,0.15787073969841003,0.11504248529672623,0.1654626876115799,0.12096948176622391,0.15251336991786957,0.1302240788936615,0.16034741699695587,0.14284512400627136,0.16240210831165314,0.9665347933769226,0.1522625982761383,0.034838512539863586,p022_neutral_right,14.579403958434723,62.71020756711383,0.18665077696024623
0.38814911246299744,0.3992213308811188,0.3170841932296753,0.325559139251709,0.25462931394577026,0.2653151750564575,0.25009143352508545,0.2571566700935364,0.19263681769371033,0.2025517225265503,0.1409037858247757,0.15193434059619904,0.14061887562274933,0.15255580842494965,0.1289674937725067,0.14122548699378967,0.11163882166147232,0.1257941871881485,0.1110721006989479,0.12805086374282837,0.12617361545562744,0.14244644343852997,0.1379806399345398,0.15473315119743347,0.14525391161441803,0.16165408492088318,0.12414579838514328,0.14263615012168884,0.1137441098690033,0.13291779160499573,0.1229107677936554,0.14833824336528778,0.11276526004076004,0.13443392515182495,0.14088082313537598,0.16132570803165436,0.12806126475334167,0.14710623025894165,0.11815943568944931,0.13978765904903412,0.1345040649175644,0.16350914537906647,0.13076215982437134,0.17068690061569214,0.12370359897613525,0.17336980998516083,0.11466781795024872,0.1711364984512329,0.10414044559001923,0.1629660427570343,0.09905728697776794,0.15895719826221466,0.095971018075943,0.1467374861240387,0.11715462803840637,0.1626608967781067,0.12202668190002441,0.14566993713378906,0.13866133987903595,0.16343724727630615,0.15519705414772034,0.17189715802669525,0.9773897528648376,0.14973388612270355,0.03386567533016205,p022_smile_front,14.702402595161026,62.833206203840135,0.18402628977991717
0.38713231682777405,0.3986433148384094,0.3180173337459564,0.3271344006061554,0.25627946853637695,0.2676549255847931,0.25337815284729004,0.26105934381484985,0.19903989136219025,0.20987199246883392,0.14963975548744202,0.16274793446063995,0.14977653324604034,0.1642431914806366,0.1388065367937088,0.1554691046476364,0.12311483174562454,0.14408597350120544,0.12180525809526443,0.14594247937202454,0.1362365484237671,0.16078251600265503,0.1483464539051056,0.17491626739501953,0.15505874156951904,0.18149754405021667,0.13559120893478394,0.16506940126419067,0.12578904628753662,0.15522420406341553,0.13509956002235413,0.16979874670505524,0.1250273883342743,0.157126322388649,0.14945724606513977,0.180867999792099,0.13434678316116333,0.16292023658752441,0.12817956507205963,0.1604330837726593,0.14682787656784058,0.18942619860172272,0.14391465485095978,0.19473204016685486,0.1425950825214386,0.2028038650751114,0.13804411888122559,0.2047702521085739,0.13234500586986542,0.20271366834640503,0.12350938469171524,0.1921018362045288,0.12181118875741959,0.186232328414917,0.13764405250549316,0.20251865684986115,0.13554495573043823,0.17141389846801758,0.1522759646177292,0.19221673905849457,0.16533389687538147,0.18783219158649445,0.9767438173294067,0.16161222755908966,0.040680915117263794,p022_smile_left,13.906092861842039,62.03689647052114,0.2016951043462974
0.38679975271224976,0.39828625321388245,0.3169575035572052,0.32584866881370544,0.25553035736083984,0.26658788323402405,0.2513894736766815,0.25893786549568176,0.19573207199573517,0.20609541237354279,0.14642606675624847,0.15798410773277283,0.1469704657793045,0.1595362424850464,0.13501307368278503,0.14919564127922058,0.1175922378897667,0.13333533704280853,0.11647386848926544,0.13402819633483887,0.13239699602127075,0.1499386578798294,0.14437662065029144,0.16310986876487732,0.15136896073818207,0.1690538078546524,0.1279018372297287,0.14672958850860596,0.11680544167757034,0.1362297534942627,0.12416292726993561,0.14622646570205688,0.11524365842342377,0.13669057190418243,0.14217035472393036,0.1615760773420334,0.1301913857460022,0.14989306032657623,0.11800283193588257,0.13923344016075134,0.1330154538154602,0.1605898141860962,0.12995700538158417,0.1689506620168686,0.1256103217601776,0.17528708279132843,0.1189352497458458,0.17525295913219452,0.1099027544260025,0.16864652931690216,0.10687541216611862,0.1699191927909851,0.10259506851434708,0.1594647467136383,0.11503849178552628,0.16660857200622559,0.1217765137553215,0.15459348261356354,0.1307416707277298,0.16211967170238495,0.14440402388572693,0.1650429517030716,0.9542003870010376,0.15195222198963165,0.03495657444000244,p022_smile_right,14.564711325220582,62.69551493389969,0.1869667736256965
0.30713778734207153,0.313991516828537,0.2037769854068756,0.21067802608013153,0.12838944792747498,0.13670973479747772,0.09613672643899918,0.10570621490478516,0.07253395766019821,0.0919201597571373,0.057114046066999435,0.07629311084747314,0.07361039519309998,0.09582172334194183,0.06500597298145294,0.08886189013719559,0.061750378459692,0.08725455403327942,0.07150543481111526,0.10116513818502426,0.07964874804019928,0.1107090562582016,0.08288691937923431,0.1136874184012413,0.08397839218378067,0.11387777328491211,0.08158620446920395,0.11181697249412537,0.07695328444242477,0.1069013699889183,0.0889483168721199,0.12781836092472076,0.08283964544534683,0.1162518858909607,0.08198344707489014,0.11391493678092957,0.07794447988271713,0.10964418947696686,0.08217833191156387,0.11609840393066406,0.09376304596662521,0.13282178342342377,0.10302899777889252,0.14790880680084229,0.10991579294204712,0.15876422822475433,0.11687221378087997,0.1713820844888687,0.1211310401558876,0.1792263686656952,0.12394389510154724,0.18481029570102692,0.12713806331157684,0.1888994574546814,0.13950306177139282,0.20673730969429016,0.12362707406282425,0.1760575771331787,0.14778640866279602,0.2093316912651062,0.136693075299263,0.1809244304895401,0.9942812323570251,0.10643520951271057,0.02255459874868393,p023_neutral_front,16.46764894692739,64.5984525556065,0.15018188555443007
0.3121865391731262,0.3196731507778168,0.20727360248565674,0.21465519070625305,0.13176879286766052,0.14057642221450806,0.09916128218173981,0.10894889384508133,0.0726986825466156,0.090571328997612,0.05852995067834854,0.07884272187948227,0.07485434412956238,0.09888838976621628,0.06752839684486389,0.09315074980258942,0.06564871966838837,0.09309682995080948,0.07436788827180862,0.10535246878862381,0.0829358696937561,0.11599406599998474,0.0876215398311615,0.12129765748977661,0.0897480696439743,0.12261070311069489,0.08917921036481857,0.12249492108821869,0.0848546251654625,0.11743467301130295,0.0948038324713707,0.13235120475292206,0.09101371467113495,0.12759731709957123,0.09057952463626862,0.12642662227153778,0.08569292724132538,0.12082046270370483,0.09071610122919083,0.1291920393705368,0.10349942743778229,0.1506260633468628,0.11151614040136337,0.16626624763011932,0.11842454969882965,0.17775602638721466,0.12578460574150085,0.1919509321451187,0.13079191744327545,0.20132237672805786,0.13072843849658966,0.20346355438232422,0.13472382724285126,0.20855771005153656,0.1463271677494049,0.2267087697982788,0.1302529275417328,0.19363310933113098,0.15320028364658356,0.2271697074174881,0.14533981680870056,0.20086869597434998,0.9753461480140686,0.11232045292854309,0.026163015514612198,p023_neutral_left,15.823122012544728,63.95392562122383,0.16174985475916878
0.307415634393692,0.31410378217697144,0.20266911387443542,0.20844389498233795,0.12784400582313538,0.1350429803133011,0.09545990079641342,0.10366453975439072,0.06889621168375015,0.08547504246234894,0.053793080151081085,0.07151848822832108,0.0695841908454895,0.09098996967077255,0.06129097938537598,0.08426645398139954,0.058379411697387695,0.0821806937456131,0.06782975047826767,0.09615735709667206,0.07672838121652603,0.10702738910913467,0.08061309903860092,0.11065211892127991,0.08235865086317062,0.1115037202835083,0.07967559248209,0.10788482427597046,0.07574784010648727,0.10343581438064575,0.08524605631828308,0.1205396056175232,0.08084992319345474,0.11146901547908783,0.0800376757979393,0.10939652472734451,0.07829129695892334,0.10883631557226181,0.08069794625043869,0.1131598949432373,0.09078069031238556,0.1277620494365692,0.1011631116271019,0.1451287716627121,0.10779623687267303,0.15765181183815002,0.11413939297199249,0.1691553145647049,0.117455393075943,0.17596742510795593,0.1226133406162262,0.1852857768535614,0.12446358799934387,0.1884993016719818,0.13430364429950714,0.20018333196640015,0.12494338303804398,0.1792900711297989,0.14377854764461517,0.203566774725914,0.13653618097305298,0.18070873618125916,0.9936633706092834,0.10425359010696411,0.021793808788061142,p023_neutral_right,16.616668637837112,64.74747224651621,0.14762726302435178
0.30732816457748413,0.31426218152046204,0.20395950973033905,0.2108122706413269,0.128545343875885,0.1367569863796234,0.09650302678346634,0.10582327097654343,0.07287825644016266,0.09158913791179657,0.057557035237550735,0.07626065611839294,0.07394751161336899,0.09596925228834152,0.06582672894001007,0.08920471370220184,0.06277720630168915,0.08758793026208878,0.0725884661078453,0.10145679116249084,0.0806049108505249,0.11094163358211517,0.0837801992893219,0.11396002024412155,0.08499942719936371,0.11422351747751236,0.08301453292369843,0.11240370571613312,0.07872185111045837,0.10755605250597,0.0910886749625206,0.12845967710018158,0.08472736179828644,0.11697562038898468,0.08398386090993881,0.11505596339702606,0.08014334738254547,0.11084574460983276,0.08447695523500443,0.11758606880903244,0.09608317166566849,0.13486573100090027,0.10544214397668839,0.1502770483493805,0.11244942992925644,0.16133610904216766,0.11935929954051971,0.17401480674743652,0.12354756891727448,0.18186303973197937,0.12618687748908997,0.18718858063220978,0.12924063205718994,0.19110991060733795,0.14192068576812744,0.20941217243671417,0.12557774782180786,0.1779913604259491,0.15019138157367706,0.2121441811323166,0.13893327116966248,0.1835925281047821,0.9946627616882324,0.10795425623655319,0.022931795567274094,p023_smile_front,16.395619385352713,64.52642299403182,0.1514324785746905
0.3107753098011017,0.3180067837238312,0.20623376965522766,0.21328973770141602,0.12988042831420898,0.1382550299167633,0.09699515253305435,0.10641755908727646,0.07128435373306274,0.08902254700660706,0.056636735796928406,0.07601720094680786,0.07269228249788284,0.09628678113222122,0.06602399051189423,0.09111913293600082,0.06473148614168167,0.0918801948428154,0.07395543158054352,0.10470908135175705,0.08240700513124466,0.1151215136051178,0.0871860682964325,0.12075003236532211,0.08950970321893692,0.12221882492303848,0.08916129916906357,0.12241233885288239,0.0848824679851532,0.11712085455656052,0.09585132449865341,0.1327296942472458,0.09093554317951202,0.12687556445598602,0.09042483568191528,0.12567076086997986,0.08531485497951508,0.11942916363477707,0.09097554534673691,0.12911683320999146,0.10389789938926697,0.1510767936706543,0.11161396652460098,0.16570112109184265,0.11912968754768372,0.17800548672676086,0.12633824348449707,0.19208118319511414,0.13153895735740662,0.20197981595993042,0.13113375008106232,0.20287902653217316,0.13591288030147552,0.2098180055618286,0.14804646372795105,0.22865495085716248,0.13181333243846893,0.19577665627002716,0.15535123646259308,0.23000000417232513,0.14769680798053741,0.2045629620552063,0.9756549000740051,0.11220966279506683,0.026136504486203194,p023_smile_left,15.827524957097028,63.95832856577613,0.16166788328608497
0.3095839321613312,0.3165428340435028,0.20527462661266327,0.21202510595321655,0.1289674937725067,0.1375516802072525,0.09636187553405762,0.10671175271272659,0.07175639271736145,0.09217896312475204,0.05684496834874153,0.07673215866088867,0.0730496197938919,0.09670303761959076,0.06559716165065765,0.09081759303808212,0.06345511227846146,0.08982083946466446,0.07367058098316193,0.10511280596256256,0.08248046785593033,0.11531148105859756,0.08620912581682205,0.11841783672571182,0.08808278292417526,0.1197458952665329,0.0859484001994133,0.11734062433242798,0.08248963952064514,0.1139153242111206,0.09368279576301575,0.13451291620731354,0.08799375593662262,0.1220327839255333,0.08689196407794952,0.11973022669553757,0.08537755161523819,0.11949630081653595,0.08794307708740234,0.12352057546377182,0.09786463528871536,0.13678060472011566,0.10829522460699081,0.15307559072971344,0.11519692093133926,0.16552568972110748,0.12122097611427307,0.17575035989284515,0.12442295998334885,0.18198572099208832,0.12980535626411438,0.19143351912498474,0.13184241950511932,0.1947624385356903,0.14231735467910767,0.2074032872915268,0.13220994174480438,0.18601390719413757,0.15182988345623016,0.2114925980567932,0.14396995306015015,0.18847070634365082,0.9939238429069519,0.1100381389260292,0.023825986310839653,p023_smile_right,16.229491120752012,64.36029472943112,0.15435668534546748
0.30841752886772156,0.3148588538169861,0.20294372737407684,0.2079276293516159,0.12994514405727386,0.13543689250946045,0.0990598276257515,0.10398034751415253,0.07115599513053894,0.08039795607328415,0.053042277693748474,0.06569546461105347,0.06641566753387451,0.08157213777303696,0.0554983913898468,0.07275392860174179,0.04976898804306984,0.06861145794391632,0.056376561522483826,0.07805660367012024,0.06359051167964935,0.0867554247379303,0.06686883419752121,0.09037091583013535,0.06846102327108383,0.0914074182510376,0.065972238779068,0.08856526762247086,0.06165849417448044,0.0831705629825592,0.07021675258874893,0.09605928510427475,0.06608958542346954,0.09176813066005707,0.06593906134366989,0.09105649590492249,0.06117666885256767,0.08522048592567444,0.06578579545021057,0.0931364968419075,0.07955802977085114,0.11714403331279755,0.08968005329370499,0.1369314193725586,0.09613615274429321,0.14950260519981384,0.10201998054981232,0.162429079413414,0.10494434088468552,0.1694852113723755,0.10652005672454834,0.17478950321674347,0.10776854306459427,0.1759767234325409,0.11934234201908112,0.1927003562450409,0.10641300678253174,0.1625266969203949,0.12918032705783844,0.1944066733121872,0.12286040186882019,0.16809310019016266,0.9946694374084473,0.09396827965974808,0.018939880654215813,p024_neutral_front,17.226227619419753,65.35703122809886,0.13762223895219775
0.3131897449493408,0.32020148634910583,0.208279088139534,0.21448254585266113,0.13466589152812958,0.14183777570724487,0.10370056331157684,0.11094729602336884,0.07607945799827576,0.08869604021310806,0.05799141526222229,0.07516220211982727,0.07158631086349487,0.0912233367562294,0.06156409531831741,0.08353323489427567,0.056982818990945816,0.08106381446123123,0.063694529235363,0.08980647474527359,0.07088961452245712,0.09832167625427246,0.07472793757915497,0.10278571397066116,0.07656572759151459,0.10413172841072083,0.07502210885286331,0.1033424586057663,0.0703451931476593,0.09771689027547836,0.07950910180807114,0.1098189577460289,0.07493990659713745,0.10577172785997391,0.07468006014823914,0.1049879789352417,0.06889479607343674,0.09778624773025513,0.07483736425638199,0.10729850828647614,0.08920431137084961,0.1312614530324936,0.09746937453746796,0.14765900373458862,0.10485968738794327,0.1604904681444168,0.11091156303882599,0.1735302060842514,0.11492667347192764,0.18217255175113678,0.11352583020925522,0.18314452469348907,0.11625266820192337,0.18714334070682526,0.12624576687812805,0.20455142855644226,0.11158861964941025,0.17104825377464294,0.13297012448310852,0.20378132164478302,0.12731830775737762,0.17750753462314606,0.9895758032798767,0.10108118504285812,0.02168154902756214,p024_neutral_left,16.6390969307044,64.7699005393835,0.14724655862722952
0.3158254623413086,0.3220864236354828,0.21053574979305267,0.21520285308361053,0.1364060491323471,0.14172066748142242,0.10473431646823883,0.10980099439620972,0.07447458058595657,0.08313032239675522,0.057093296200037,0.07034754008054733,0.07104244083166122,0.08671547472476959,0.05871886387467384,0.07708362489938736,0.05167732015252113,0.07164701819419861,0.0581892654299736,0.0808015763759613,0.06691530346870422,0.09170619398355484,0.07077081501483917,0.09595650434494019,0.0719786286354065,0.09631955623626709,0.06746964156627655,0.09059574455022812,0.062063075602054596,0.0838627964258194,0.06738335639238358,0.09081163257360458,0.06638303399085999,0.09136918187141418,0.06580164283514023,0.09008824080228806,0.06244908273220062,0.08678638935089111,0.0657847598195076,0.0924578383564949,0.0797555148601532,0.11473406851291656,0.09196534752845764,0.13632673025131226,0.09905926138162613,0.1499534398317337,0.10601771622896194,0.16366280615329742,0.10933926701545715,0.17137333750724792,0.11371161043643951,0.18112435936927795,0.11494885385036469,0.18386390805244446,0.12322850525379181,0.19491645693778992,0.11599336564540863,0.1752779632806778,0.13286961615085602,0.1986331045627594,0.12751373648643494,0.17646698653697968,0.9956455230712891,0.09743563830852509,0.019972162321209908,p024_neutral_right,16.99574912929401,65.12655273797311,0.14132290090855731
0.3109143376350403,0.3173667788505554,0.20517654716968536,0.210332989692688,0.1315869390964508,0.13732114434242249,0.10025447607040405,0.10547523200511932,0.07156213372945786,0.0811961367726326,0.05354481562972069,0.06669830530881882,0.06697718054056168,0.08271989226341248,0.05609208345413208,0.07394228130578995,0.05057587847113609,0.0699630007147789,0.05700946971774101,0.07933388650417328,0.06430205702781677,0.0881732925772667,0.0676884651184082,0.09184180945158005,0.06937210261821747,0.09292745590209961,0.06699098646640778,0.09015852212905884,0.06270352005958557,0.08480362594127655,0.07076679170131683,0.09708571434020996,0.06703547388315201,0.09326731413602829,0.06677470356225967,0.09241949766874313,0.062039364129304886,0.0867663249373436,0.06642661243677139,0.09426850080490112,0.08014258742332458,0.11797428876161575,0.0904090628027916,0.13802169263362885,0.09686172753572464,0.15062756836414337,0.10277728736400604,0.16374576091766357,0.10567434877157211,0.1708349734544754,0.10709106922149658,0.1760551929473877,0.10818622261285782,0.17701099812984467,0.1194572001695633,0.1933707743883133,0.1067226454615593,0.16332870721817017,0.12910129129886627,0.19485072791576385,0.12314166873693466,0.16892313957214355,0.996657133102417,0.09476100653409958,0.01927897147834301,p024_smile_front,17.1491613916737,65.2799650003528,0.13884873596235225
0.31315064430236816,0.31996017694473267,0.20837096869945526,0.21384382247924805,0.13494540750980377,0.14104820787906647,0.10401272028684616,0.10997196286916733,0.0760728195309639,0.08699856698513031,0.05829358845949173,0.07324876636266708,0.07190791517496109,0.09000774472951889,0.061930976808071136,0.08215410262346268,0.057646848261356354,0.07952332496643066,0.06409603357315063,0.0884137973189354,0.07138975709676743,0.09732445329427719,0.07539360225200653,0.10197804868221283,0.07737813889980316,0.10330169647932053,0.07621554285287857,0.10240311175584793,0.07174686342477798,0.09660325944423676,0.07995999604463577,0.10815582424402237,0.07648155093193054,0.10487624257802963,0.07610518485307693,0.10408086329698563,0.07031673192977905,0.09664040058851242,0.07635297626256943,0.10628712922334671,0.09118568152189255,0.13118958473205566,0.09993427991867065,0.14848636090755463,0.10717905312776566,0.1612185835838318,0.11354948580265045,0.1746354103088379,0.11757229268550873,0.1831003576517105,0.11609324812889099,0.18426841497421265,0.11869972944259644,0.18765895068645477,0.12858526408672333,0.20474228262901306,0.1133008599281311,0.1707047075033188,0.13449330627918243,0.20327980816364288,0.1282661110162735,0.176712304353714,0.9934887886047363,0.10228492319583893,0.021576857194304466,p024_smile_left,16.660118127842402,64.7909217365215,0.1468906300425744
0.3161483108997345,0.32235339283943176,0.21099233627319336,0.2155350297689438,0.13677790760993958,0.14194492995738983,0.1052849218249321,0.1100630909204483,0.07474608719348907,0.08278505504131317,0.05764297395944595,0.06998582184314728,0.07148761302232742,0.08609066903591156,0.05890434607863426,0.07615060359239578,0.05130721256136894,0.07037919759750366,0.05740942806005478,0.0790603756904602,0.06595207005739212,0.089699387550354,0.06968104839324951,0.09375310689210892,0.07067272067070007,0.09398745000362396,0.06594773381948471,0.08823281526565552,0.060448262840509415,0.08137878030538559,0.06529256701469421,0.08776191622018814,0.06454247236251831,0.08864931762218475,0.06413861364126205,0.08764597028493881,0.06096617504954338,0.08457628637552261,0.06411787867546082,0.08993417769670486,0.07792350649833679,0.11174090206623077,0.09005364775657654,0.13312391936779022,0.0969051793217659,0.14640429615974426,0.10390214622020721,0.16009372472763062,0.10724496841430664,0.16781562566757202,0.11154749244451523,0.1773420125246048,0.11285790801048279,0.18006150424480438,0.12120115756988525,0.19123849272727966,0.11406850069761276,0.17174240946769714,0.13097573816776276,0.19525764882564545,0.12558197975158691,0.1732703447341919,0.9963070154190063,0.0962928757071495,0.019406400620937347,p024_smile_right,17.120550073948248,65.25135368262735,0.1393068577670796
0.30538761615753174,0.31219181418418884,0.2000885009765625,0.20600123703479767,0.12543049454689026,0.13188834488391876,0.09263056516647339,0.09891373664140701,0.06365523487329483,0.0755005031824112,0.04628274589776993,0.06113599240779877,0.05945054441690445,0.07682150602340698,0.04966370388865471,0.0684114620089531,0.04504368081688881,0.06525957584381104,0.051899854093790054,0.07497400790452957,0.05916289612650871,0.08366436511278152,0.0633222684264183,0.08831889927387238,0.06565529108047485,0.09030268341302872,0.06308558583259583,0.08827370405197144,0.05874180421233177,0.0840076133608818,0.06865260750055313,0.0978381410241127,0.06315532326698303,0.09258764982223511,0.06346938014030457,0.0921313688158989,0.06038355454802513,0.08942142128944397,0.063251793384552,0.09535912424325943,0.07240446656942368,0.11321938037872314,0.0807143971323967,0.13145703077316284,0.08791598677635193,0.14518627524375916,0.09360098838806152,0.15833093225955963,0.09713432937860489,0.1666841357946396,0.10055607557296753,0.17443422973155975,0.10338062793016434,0.17933408915996552,0.11421258747577667,0.19651269912719727,0.10495765507221222,0.17211852967739105,0.1254185438156128,0.20277947187423706,0.12153077125549316,0.17950274050235748,0.9913206696510315,0.08937081694602966,0.01894475892186165,p025_neutral_front,17.22510916890511,65.35591277758422,0.1376399612098959
0.3000198006629944,0.30693498253822327,0.19500850141048431,0.200792133808136,0.12365654110908508,0.12993314862251282,0.09222912043333054,0.09836621582508087,0.06304726004600525,0.07477623969316483,0.04428986832499504,0.05865712836384773,0.05531785264611244,0.07188250124454498,0.04563639685511589,0.06360220164060593,0.04081330448389053,0.06032627075910568,0.046124085783958435,0.06845250725746155,0.05195348709821701,0.07563940435647964,0.05546129494905472,0.07980110496282578,0.05769619345664978,0.08159209042787552,0.05598297342658043,0.08157507330179214,0.0522097684442997,0.07787375897169113,0.061110012233257294,0.09072668850421906,0.05513752996921539,0.08542976528406143,0.05551515519618988,0.0852893814444542,0.051516126841306686,0.08052084594964981,0.05306171625852585,0.08444458246231079,0.059982042759656906,0.10176187753677368,0.06508219242095947,0.11780940741300583,0.06920278817415237,0.12652532756328583,0.07311245054006577,0.13989169895648956,0.0756024569272995,0.14821571111679077,0.07665891200304031,0.15394508838653564,0.07790350914001465,0.15536759793758392,0.08850669860839844,0.1772879660129547,0.07900366187095642,0.14310753345489502,0.09865853190422058,0.1804526299238205,0.09722552448511124,0.15416483581066132,0.9898356199264526,0.07796517759561539,0.015931451693177223,p025_neutral_left,17.97744648956485,66.10825009824396,0.12621985459180826
0.3044639825820923,0.3111068904399872,0.19882893562316895,0.20424355566501617,0.12541505694389343,0.13173170387744904,0.09303972125053406,0.09933552891016006,0.06186320260167122,0.07291792333126068,0.045569296926259995,0.06159849092364311,0.058070048689842224,0.07691539824008942,0.048782411962747574,0.06922527402639389,0.04459237679839134,0.06622663140296936,0.05097367614507675,0.07576671242713928,0.05914038047194481,0.08692477643489838,0.06391457468271255,0.09292901307344437,0.06717059016227722,0.09619471430778503,0.06536033749580383,0.09437955170869827,0.062324877828359604,0.0913073867559433,0.06937044858932495,0.09951578825712204,0.06754245609045029,0.10134894400835037,0.06771425902843475,0.10029350966215134,0.06595417857170105,0.10003968328237534,0.06729067862033844,0.1037132665514946,0.07454504072666168,0.1189931333065033,0.08186590671539307,0.13611721992492676,0.08733673393726349,0.1478300839662552,0.0918918326497078,0.16004374623298645,0.0942879393696785,0.16713710129261017,0.0980735793709755,0.17672212421894073,0.09969023615121841,0.18057480454444885,0.1063390001654625,0.18980875611305237,0.10280570387840271,0.17521975934505463,0.11694718897342682,0.19535908102989197,0.11756526678800583,0.17953899502754211,0.8806442022323608,0.08900269120931625,0.01933026686310768,p025_neutral_right,17.137621502976195,65.26842511165529,0.13903333004394192
0.3047711253166199,0.3116724491119385,0.19999034702777863,0.20586983859539032,0.1267998069524765,0.13307394087314606,0.09453672170639038,0.10036268085241318,0.06511613726615906,0.0755750834941864,0.04668118432164192,0.060515135526657104,0.05927470326423645,0.07512680441141129,0.04803331568837166,0.06536651402711868,0.0422060452401638,0.060512885451316833,0.0483209453523159,0.0688985213637352,0.05506868660449982,0.0770910233259201,0.058521900326013565,0.0808255523443222,0.060300689190626144,0.08206213265657425,0.05746413394808769,0.07970685511827469,0.053127121180295944,0.07517614960670471,0.06251105666160583,0.08788495510816574,0.05736500769853592,0.08402650058269501,0.0578831322491169,0.08395253121852875,0.05466771125793457,0.08078042417764664,0.05650545284152031,0.08470979332923889,0.0647723451256752,0.10213951021432877,0.07234295457601547,0.12039579451084137,0.07794738560914993,0.131373330950737,0.08311228454113007,0.14518623054027557,0.08607171475887299,0.1533268392086029,0.08933236449956894,0.16231298446655273,0.09095127135515213,0.16494318842887878,0.10210221260786057,0.1839008927345276,0.0922151654958725,0.15646056830883026,0.11351101100444794,0.19029314815998077,0.10986284911632538,0.16501040756702423,0.9948316812515259,0.08360227942466736,0.016915174201130867,p025_smile_front,17.71723525265873,65.84803886133783,0.13005834921730655
0.3027489483356476,0.309920996427536,0.19813309609889984,0.20447146892547607,0.12538005411624908,0.13235925137996674,0.09345075488090515,0.10028170794248581,0.06432647258043289,0.07676492631435394,0.04652871936559677,0.061768267303705215,0.0583992637693882,0.07614995539188385,0.04883062094449997,0.06786298751831055,0.04421105608344078,0.06473258882761002,0.049782685935497284,0.07294808328151703,0.0561666414141655,0.08080380409955978,0.05991341173648834,0.08520196378231049,0.062131576240062714,0.08694823086261749,0.060532744973897934,0.0869293212890625,0.05640063434839249,0.08278883993625641,0.06505967676639557,0.095213882625103,0.060102421790361404,0.09129269421100616,0.06046345457434654,0.09110040217638016,0.05620470643043518,0.08603648096323013,0.058034349232912064,0.09020936489105225,0.06643370538949966,0.10900801420211792,0.07246673107147217,0.1255429983139038,0.0771818459033966,0.13487868010997772,0.08228570222854614,0.14931879937648773,0.08560147881507874,0.15840451419353485,0.08684539794921875,0.16432493925094604,0.0883529931306839,0.16664756834506989,0.09954478591680527,0.18923689424991608,0.08775300532579422,0.15416009724140167,0.109227254986763,0.19312751293182373,0.10605655610561371,0.16545969247817993,0.9462888240814209,0.08350706100463867,0.01757412776350975,p025_smile_left,17.551262206122598,65.6820658148017,0.13256744609258245
0.3021376430988312,0.3087085485458374,0.19637015461921692,0.20137962698936462,0.12400372326374054,0.1297512948513031,0.09196710586547852,0.09725826233625412,0.060657862573862076,0.07005736231803894,0.04385646432638168,0.05768008530139923,0.05586810037493706,0.07206684350967407,0.046050652861595154,0.06387925148010254,0.04131129011511803,0.0601826049387455,0.047046929597854614,0.06856363266706467,0.054551057517528534,0.07841533422470093,0.0587671734392643,0.08346643298864365,0.06160977482795715,0.08621543645858765,0.05941079184412956,0.08428340405225754,0.05609779432415962,0.08124414831399918,0.06317857652902603,0.08952206373214722,0.060779862105846405,0.09051193296909332,0.06122896075248718,0.08995139598846436,0.05933726951479912,0.0893489420413971,0.06056967377662659,0.09271647036075592,0.06732195615768433,0.10724180936813354,0.07381542026996613,0.12358339130878448,0.07881738245487213,0.13382698595523834,0.08256470412015915,0.1449982225894928,0.08452213555574417,0.15120378136634827,0.08773524314165115,0.15989036858081818,0.08906427770853043,0.16287539899349213,0.09571528434753418,0.17286981642246246,0.09208862483501434,0.1577559858560562,0.10624632239341736,0.1787017583847046,0.10770228505134583,0.16329804062843323,0.9887898564338684,0.08292730897665024,0.016704408451914787,p025_smile_right,17.771688992906213,65.90249260158531,0.1292455355202445
0.30907800793647766,0.31563496589660645,0.20616820454597473,0.2117590308189392,0.13246674835681915,0.13908903300762177,0.10056005418300629,0.10729415714740753,0.07520067691802979,0.08774599432945251,0.055132780224084854,0.06966131925582886,0.06899365037679672,0.08553929626941681,0.05777522921562195,0.0761275514960289,0.051625192165374756,0.07139448821544647,0.05924627184867859,0.08156795054674149,0.06608166545629501,0.09005561470985413,0.06871745735406876,0.09279226511716843,0.06986541301012039,0.09342075884342194,0.06669564545154572,0.09037966281175613,0.061988454312086105,0.08494259417057037,0.07256406545639038,0.09863486140966415,0.06570153683423996,0.0924694612622261,0.06503568589687347,0.09130372107028961,0.060743965208530426,0.08679136633872986,0.06413555890321732,0.09225021302700043,0.07532969117164612,0.11215610057115555,0.08452244102954865,0.13063491880893707,0.09085671603679657,0.14230658113956451,0.09657096117734909,0.15601231157779694,0.09972579777240753,0.1640060991048813,0.10253141820430756,0.17142045497894287,0.10483181476593018,0.1745935082435608,0.11676733195781708,0.19126799702644348,0.1059921458363533,0.1647339016199112,0.12896013259887695,0.19624897837638855,0.12242747098207474,0.1709221452474594,0.995693027973175,0.09376000612974167,0.01900596171617508,p026_neutral_front,17.211101498724716,65.34190510740382,0.13786211124226655
0.3094295263290405,0.31594038009643555,0.20591801404953003,0.211396262049675,0.1326478272676468,0.13927863538265228,0.10095631331205368,0.10817433893680573,0.07320880144834518,0.08621504157781601,0.056445568799972534,0.07147442549467087,0.07000806927680969,0.08828961849212646,0.06041950732469559,0.07966824620962143,0.05612453818321228,0.07559087872505188,0.06352514028549194,0.08642616122961044,0.07163125276565552,0.09703181684017181,0.07537684589624405,0.10130301117897034,0.0770520344376564,0.10256815701723099,0.07379429042339325,0.09806173294782639,0.0693482831120491,0.09247393906116486,0.07632438838481903,0.10214652866125107,0.07355458289384842,0.0994861051440239,0.07259589433670044,0.09784001857042313,0.07048503309488297,0.09645562618970871,0.07346168905496597,0.10141652077436447,0.08583001792430878,0.12076576054096222,0.0976233258843422,0.14109283685684204,0.10497520864009857,0.1548772156238556,0.11187607795000076,0.16807278990745544,0.1155763566493988,0.17574173212051392,0.1212448924779892,0.18587344884872437,0.12388279289007187,0.18964383006095886,0.13335983455181122,0.20053747296333313,0.1262250542640686,0.18273043632507324,0.14442779123783112,0.20585712790489197,0.13854213058948517,0.1852397918701172,0.9950344562530518,0.10213787853717804,0.021051282063126564,p026_neutral_left,16.767214496627027,64.89801810530614,0.14509059949950776
0.3087707459926605,0.3160008490085602,0.20612095296382904,0.2125048190355301,0.1319720298051834,0.1393543779850006,0.1001320481300354,0.10774729400873184,0.07446369528770447,0.08777350187301636,0.05606042593717575,0.07247980684041977,0.07032577693462372,0.08998481929302216,0.06158753111958504,0.08307447284460068,0.05890859663486481,0.08230074495077133,0.066735178232193,0.09260766208171844,0.0745636448264122,0.10243276506662369,0.07935332506895065,0.10856571048498154,0.08227773755788803,0.11115195602178574,0.08270635455846786,0.11231814324855804,0.07933636009693146,0.10727933049201965,0.08855246752500534,0.1193515732884407,0.0847901999950409,0.11649824678897858,0.0844656452536583,0.11577370762825012,0.07895150780677795,0.1081400066614151,0.08519382029771805,0.1186370924115181,0.09944800287485123,0.14353781938552856,0.10720939189195633,0.158296599984169,0.1144065409898758,0.17102019488811493,0.12084377557039261,0.18496686220169067,0.12529072165489197,0.19473078846931458,0.12316824495792389,0.19327379763126373,0.12717577815055847,0.20003075897693634,0.13778074085712433,0.21820475161075592,0.12307988107204437,0.18340352177619934,0.14468741416931152,0.21808472275733948,0.13928218185901642,0.1921895146369934,0.9818016290664673,0.10702694952487946,0.023725787177681923,p026_neutral_right,16.247793695749703,64.37859730442881,0.15403177327318518
0.30759572982788086,0.3140566051006317,0.20461879670619965,0.20975548028945923,0.1311991810798645,0.13721424341201782,0.09956427663564682,0.1054268404841423,0.07427480071783066,0.08553971350193024,0.05344023555517197,0.06647402048110962,0.0669119730591774,0.08188134431838989,0.05573191121220589,0.07238032668828964,0.04967247694730759,0.0676468089222908,0.05725394934415817,0.07769344747066498,0.06379477679729462,0.0856071338057518,0.06618545949459076,0.08805184066295624,0.0674373134970665,0.08878559619188309,0.06432370841503143,0.08584433048963547,0.05977558717131615,0.08072818070650101,0.07123487442731857,0.09566738456487656,0.06313644349575043,0.08772214502096176,0.06234797090291977,0.08660613000392914,0.05805397033691406,0.08202935755252838,0.06141771003603935,0.08746373653411865,0.07218825072050095,0.10634707659482956,0.08119957149028778,0.12437723577022552,0.08785054832696915,0.13635292649269104,0.09273948520421982,0.1485975682735443,0.09526955336332321,0.15566176176071167,0.09734950214624405,0.16199249029159546,0.09905848652124405,0.16439171135425568,0.11019128561019897,0.18013934791088104,0.09988217055797577,0.15389694273471832,0.12203866988420486,0.18424323201179504,0.11678396165370941,0.16040173172950745,0.9957668781280518,0.0907348170876503,0.017536934465169907,p026_smile_front,17.560463209595188,65.69126681827429,0.1324270911300626
0.310200035572052,0.3173806667327881,0.20693787932395935,0.21325798332691193,0.13229963183403015,0.1396285444498062,0.10026048868894577,0.10777483135461807,0.07399088889360428,0.08700955659151077,0.05596812069416046,0.07187826931476593,0.07061250507831573,0.08963006734848022,0.06187038496136665,0.08254624158143997,0.05894821137189865,0.08151266723871231,0.06690525263547897,0.0917528048157692,0.07487653940916061,0.10167717188596725,0.0794760137796402,0.10765740275382996,0.08214913308620453,0.11007077246904373,0.08210355788469315,0.11045362055301666,0.07847245037555695,0.10512340813875198,0.08731750398874283,0.11645299941301346,0.08380813896656036,0.11392925679683685,0.08337198942899704,0.11312632262706757,0.07798784971237183,0.1057022288441658,0.08402513712644577,0.11565900593996048,0.09870202094316483,0.14099831879138947,0.10751041024923325,0.15751679241657257,0.1150534600019455,0.17064203321933746,0.1217900738120079,0.1845950335264206,0.12623915076255798,0.19399850070476532,0.12466289848089218,0.19375161826610565,0.12815523147583008,0.199263334274292,0.138554185628891,0.21668024361133575,0.12387821078300476,0.18296992778778076,0.14535970985889435,0.21615496277809143,0.13983312249183655,0.1904659867286682,0.9841035604476929,0.10714420676231384,0.0234708059579134,p026_smile_left,16.294719970198695,64.4255235788778,0.1532018471099921
0.3105221688747406,0.3169799745082855,0.207014799118042,0.21252259612083435,0.13306185603141785,0.1398017704486847,0.1010969802737236,0.10857091099023819,0.07379215955734253,0.08725621551275253,0.05629575252532959,0.07168862223625183,0.06984042376279831,0.08821570128202438,0.06026121601462364,0.07963919639587402,0.0558699369430542,0.07562322914600372,0.06336171925067902,0.08659129589796066,0.07118189334869385,0.09679986536502838,0.0746997520327568,0.10088732093572617,0.07622535526752472,0.1019715890288353,0.07285145670175552,0.0973796471953392,0.0683397725224495,0.09172262996435165,0.07587148249149323,0.10200085490942001,0.07207782566547394,0.09817016869783401,0.0709184929728508,0.0962316021323204,0.06869398057460785,0.09476765245199203,0.07170721143484116,0.0996178612112999,0.08354868739843369,0.11811897158622742,0.09510734677314758,0.13817264139652252,0.10266455262899399,0.15245218575000763,0.1091109961271286,0.16510485112667084,0.11257878690958023,0.1724546104669571,0.11796953529119492,0.18213298916816711,0.12077617645263672,0.18582561612129211,0.13004833459854126,0.19597207009792328,0.12350913137197495,0.179159015417099,0.14147154986858368,0.2012932449579239,0.13658247888088226,0.18190014362335205,0.9953283071517944,0.10088509321212769,0.020613275468349457,p026_smile_right,16.858529929464478,64.98933353814358,0.14357324078096675
0.3072687089443207,0.3143213093280792,0.20315951108932495,0.20942412316799164,0.13085564970970154,0.13766631484031677,0.0993882492184639,0.10582607239484787,0.06968283653259277,0.08048646152019501,0.052062541246414185,0.06728221476078033,0.06485212594270706,0.08255232125520706,0.05315781757235527,0.07303133606910706,0.04685818403959274,0.06882600486278534,0.05228027328848839,0.07654791325330734,0.05884486436843872,0.08440287411212921,0.06179560348391533,0.08733563870191574,0.06315860897302628,0.08788617700338364,0.06091798469424248,0.08694110810756683,0.05704905837774277,0.08300558477640152,0.06501663476228714,0.09364177286624908,0.06193523481488228,0.09335335344076157,0.06285949796438217,0.09408320486545563,0.059783387929201126,0.09079372882843018,0.06155218183994293,0.09461357444524765,0.06975243240594864,0.11129259318113327,0.07608459889888763,0.1262296438217163,0.08048555999994278,0.13468016684055328,0.0861843004822731,0.14867094159126282,0.08967041969299316,0.15729643404483795,0.091910719871521,0.16439174115657806,0.09409628808498383,0.1681573987007141,0.10544095933437347,0.18747402727603912,0.09421015530824661,0.15965719521045685,0.11660991609096527,0.1946563571691513,0.11235421895980835,0.1702355146408081,0.9958108067512512,0.08740358799695969,0.01818225532770157,p027_neutral_front,17.403522478672958,65.53432608735206,0.13484159346322472
0.30867424607276917,0.316108763217926,0.2049078792333603,0.2118963748216629,0.13190093636512756,0.13959020376205444,0.10052047669887543,0.10829132050275803,0.07082917541265488,0.08323733508586884,0.054223157465457916,0.0709029957652092,0.06725401431322098,0.08681670576334,0.056698210537433624,0.07779571413993835,0.05169938877224922,0.07420919835567474,0.05744808912277222,0.08230568468570709,0.06447668373584747,0.09126843512058258,0.06802624464035034,0.09534827619791031,0.06961044669151306,0.09614142775535583,0.06808014959096909,0.0954168364405632,0.064034104347229,0.09086961299180984,0.0715109184384346,0.10009903460741043,0.0692666620016098,0.10072579234838486,0.06972329318523407,0.1006922572851181,0.06635567545890808,0.09720129519701004,0.06966627389192581,0.10350833833217621,0.07935721427202225,0.12143398076295853,0.08571949601173401,0.13543665409088135,0.09113419055938721,0.14559079706668854,0.09760908782482147,0.1601060926914215,0.10204280912876129,0.16995708644390106,0.10306868702173233,0.1747547686100006,0.10703232884407043,0.18112275004386902,0.11757858842611313,0.19868524372577667,0.10593555122613907,0.17154042422771454,0.12683992087841034,0.20379483699798584,0.12227170169353485,0.1805105060338974,0.9943016171455383,0.09431125968694687,0.0201264675706625,p027_neutral_left,16.962324421599593,65.09312803027869,0.14186778200374636
0.3082749545574188,0.3150671422481537,0.20364466309547424,0.20906703174114227,0.13102465867996216,0.13690969347953796,0.0994126945734024,0.10477028042078018,0.06778766959905624,0.0765107199549675,0.05037654936313629,0.0634981021285057,0.06297576427459717,0.07841863483190536,0.05067524313926697,0.06772815436124802,0.04359601065516472,0.061968035995960236,0.048657163977622986,0.06948129832744598,0.05589435622096062,0.07857123762369156,0.059105269610881805,0.08172857016324997,0.06042301654815674,0.0819314643740654,0.05695240572094917,0.07790303230285645,0.05253203958272934,0.0727563202381134,0.05848103389143944,0.07992256432771683,0.057182736694812775,0.08200988173484802,0.05817502737045288,0.08246497809886932,0.05636618286371231,0.08229699730873108,0.05752837657928467,0.08557587116956711,0.06529403477907181,0.1007549911737442,0.07227715104818344,0.11726517230272293,0.07658185809850693,0.1268288493156433,0.08196721225976944,0.140414759516716,0.08501435816287994,0.14872302114963531,0.08841517567634583,0.15853580832481384,0.09043784439563751,0.163155198097229,0.09939015656709671,0.1771565079689026,0.09324931353330612,0.1587490290403366,0.11154869943857193,0.18559834361076355,0.10974463075399399,0.1662062108516693,0.9078937768936157,0.08430130779743195,0.016768183559179306,p027_neutral_right,17.75513980503718,65.88594341371629,0.12949202121821757
0.30580806732177734,0.31261205673217773,0.2013510912656784,0.20713162422180176,0.1286984384059906,0.1350538283586502,0.09736818820238113,0.1033577024936676,0.06834722310304642,0.07880224287509918,0.0502917654812336,0.0646948292851448,0.06317312270402908,0.07989383488893509,0.051601242274045944,0.0704599991440773,0.04519486427307129,0.06606599688529968,0.051087044179439545,0.07427043467760086,0.057549502700567245,0.08184057474136353,0.06027035415172577,0.08433771878480911,0.061556391417980194,0.0846714973449707,0.05915582552552223,0.08317117393016815,0.05523629114031792,0.07915544509887695,0.06439311802387238,0.09161274135112762,0.060071732848882675,0.08909830451011658,0.06096208840608597,0.08967269957065582,0.057823777198791504,0.08631948381662369,0.05998017266392708,0.09014379978179932,0.06850539892911911,0.1068912073969841,0.07549433410167694,0.122805155813694,0.08069594204425812,0.1322401463985443,0.08623037487268448,0.1457335650920868,0.08964148908853531,0.15402676165103912,0.09222424030303955,0.16152271628379822,0.09430298209190369,0.16479216516017914,0.10600567609071732,0.18439418077468872,0.09468773752450943,0.1559881865978241,0.11782024800777435,0.19101934134960175,0.11354486644268036,0.16597138345241547,0.9956090450286865,0.08642909675836563,0.017430858686566353,p027_smile_front,17.58681217958753,65.71761578826664,0.1320259773172172
0.30793118476867676,0.315311998128891,0.2034977227449417,0.21041768789291382,0.13051187992095947,0.13826178014278412,0.09917939454317093,0.10719557106494904,0.0703933909535408,0.08360816538333893,0.05414541810750961,0.07119259238243103,0.06726765632629395,0.08739206939935684,0.057543784379959106,0.07931312918663025,0.053217820823192596,0.07661566883325577,0.05937214195728302,0.08543087542057037,0.06640399992465973,0.09438513964414597,0.07014481723308563,0.0987364798784256,0.0722229853272438,0.1002572551369667,0.07137913256883621,0.10044930130243301,0.067845419049263,0.09662102907896042,0.07637031376361847,0.10779150575399399,0.07355483621358871,0.10723140835762024,0.07386598736047745,0.10704575479030609,0.0700305923819542,0.10278872400522232,0.07364089787006378,0.10917001962661743,0.08392017334699631,0.12790878117084503,0.09061076492071152,0.14236801862716675,0.09620244055986404,0.1524026244878769,0.10250335186719894,0.16624414920806885,0.10683856904506683,0.1755039244890213,0.107624851167202,0.17988133430480957,0.1110730990767479,0.1848849654197693,0.12195092439651489,0.20311954617500305,0.10917241126298904,0.1735159307718277,0.13093458116054535,0.20688317716121674,0.12625837326049805,0.18275253474712372,0.9912602305412292,0.09696274995803833,0.021015765145421028,p027_smile_left,16.774547935060365,64.90535154373947,0.14496815217633502
0.3072463870048523,0.3139073848724365,0.20223526656627655,0.20736238360404968,0.12978394329547882,0.13525642454624176,0.09820582717657089,0.10292839258909225,0.06658800691366196,0.0743161216378212,0.049482859671115875,0.06100533530116081,0.06207718700170517,0.07551208138465881,0.04963098093867302,0.06467312574386597,0.04243041202425957,0.058911655098199844,0.047119516879320145,0.06569936126470566,0.05416255444288254,0.07410183548927307,0.0573364719748497,0.07711359858512878,0.058547064661979675,0.07724012434482574,0.05490568280220032,0.07327663898468018,0.05010656639933586,0.06770003587007523,0.055572815239429474,0.0744946077466011,0.05436818674206734,0.07641593366861343,0.055370163172483444,0.07716361433267593,0.053097233176231384,0.07581882178783417,0.05424683541059494,0.07913383841514587,0.06232575699687004,0.09526121616363525,0.069112628698349,0.11166604608297348,0.07317650318145752,0.1206926628947258,0.0786309614777565,0.13436342775821686,0.0817275196313858,0.1427862048149109,0.08463182300329208,0.15179850161075592,0.08659221231937408,0.1561225950717926,0.09589876234531403,0.17108459770679474,0.08935866504907608,0.1509411334991455,0.10825751721858978,0.1789575219154358,0.10639984160661697,0.15873630344867706,0.8978360891342163,0.08190102130174637,0.01567407138645649,p027_smile_right,18.04818179599899,66.17898540467809,0.12519613167528976
0.30726832151412964,0.31379568576812744,0.2009952813386917,0.2060806006193161,0.12806983292102814,0.13371816277503967,0.09699538350105286,0.10221962630748749,0.06711786985397339,0.0767580047249794,0.05094442889094353,0.0663006603717804,0.06393177062273026,0.08194278925657272,0.05293269455432892,0.07374261319637299,0.04709478095173836,0.07032886147499084,0.052381232380867004,0.07740592956542969,0.059662703424692154,0.08603004366159439,0.06360156834125519,0.09024043381214142,0.06501439213752747,0.09061878174543381,0.061903685331344604,0.08783731609582901,0.0565728023648262,0.08125229179859161,0.06089400872588158,0.08556066453456879,0.059004053473472595,0.08713999390602112,0.0590597465634346,0.08674992620944977,0.054495926946401596,0.08084958046674728,0.05605120211839676,0.08404488116502762,0.0657321959733963,0.10198785364627838,0.07216460257768631,0.1157769113779068,0.07556874305009842,0.12278903275728226,0.08091437816619873,0.13614222407341003,0.08372386544942856,0.14417313039302826,0.0847717896103859,0.14819510281085968,0.08722996711730957,0.15107160806655884,0.09862640500068665,0.1665971279144287,0.08908464759588242,0.139698326587677,0.11008303612470627,0.16940630972385406,0.1061578094959259,0.14684483408927917,0.9955397844314575,0.08445882797241211,0.016049792990088463,p028_neutral_front,17.94530564744596,66.07610925612506,0.12668777758761285
0.30842363834381104,0.31562939286231995,0.20299260318279266,0.2094665914773941,0.13060513138771057,0.13814811408519745,0.10011772811412811,0.10802347958087921,0.07100848853588104,0.08449176698923111,0.05569550395011902,0.07468444108963013,0.06893374025821686,0.09115279465913773,0.05972323194146156,0.08383455127477646,0.05589405447244644,0.08184405416250229,0.061443813145160675,0.0891234427690506,0.06875170767307281,0.09809473156929016,0.07332313805818558,0.10355667769908905,0.07508809864521027,0.10436715185642242,0.07320694625377655,0.1027970090508461,0.0681810975074768,0.09630434960126877,0.07239316403865814,0.10015163570642471,0.07132798433303833,0.10236897319555283,0.07117653638124466,0.10187891870737076,0.06627283245325089,0.09574564546346664,0.06970208883285522,0.10170585662126541,0.08126331120729446,0.12179209291934967,0.08775614947080612,0.13493852317333221,0.09261498600244522,0.14352768659591675,0.09868506342172623,0.15701837837696075,0.10260885208845139,0.16609860956668854,0.10137545317411423,0.16647180914878845,0.10472911596298218,0.17140915989875793,0.11405859887599945,0.18632172048091888,0.10305766016244888,0.15773949027061462,0.12197019159793854,0.18590068817138672,0.1193310022354126,0.16463561356067657,0.993043065071106,0.09521786123514175,0.019447622820734978,p028_neutral_left,17.11133477059721,65.24213837927631,0.13945473394881572
0.30782389640808105,0.314828485250473,0.20204584300518036,0.20796692371368408,0.12952366471290588,0.13675159215927124,0.0987066775560379,0.10618150979280472,0.0684700459241867,0.08082272112369537,0.053195126354694366,0.07207618653774261,0.0664902776479721,0.08836087584495544,0.05567134544253349,0.08026155829429626,0.05043787881731987,0.07690172642469406,0.056189075112342834,0.08529669791460037,0.06434454023838043,0.09560278803110123,0.06878423690795898,0.10048648715019226,0.07077175378799438,0.10151670128107071,0.06762383878231049,0.09712902456521988,0.06335096806287766,0.09136608988046646,0.0670466274023056,0.09563564509153366,0.06635142862796783,0.09737922251224518,0.06580512225627899,0.09596376866102219,0.06316529959440231,0.09380308538675308,0.0644676610827446,0.09673265367746353,0.07367999851703644,0.11278113722801208,0.08200863748788834,0.12947675585746765,0.0869646668434143,0.14038467407226562,0.09227167069911957,0.15254440903663635,0.09504697471857071,0.15982741117477417,0.09859376400709152,0.16834211349487305,0.10023476183414459,0.17109394073486328,0.10756263136863708,0.17865441739559174,0.1027684211730957,0.16207078099250793,0.11761149019002914,0.17981712520122528,0.11548973619937897,0.1618732064962387,0.995759904384613,0.09105875343084335,0.018638739362359047,p028_neutral_right,17.295834646475686,65.42663825515478,0.1365237684887106
0.30795595049858093,0.3144083619117737,0.20111380517482758,0.2060997039079666,0.12762989103794098,0.13324567675590515,0.09608690440654755,0.10119389742612839,0.06534694135189056,0.07464157789945602,0.049107979983091354,0.06424494087696075,0.06176697462797165,0.07944924384355545,0.050632543861866,0.07109915465116501,0.0447215735912323,0.067637600004673,0.04969511181116104,0.07428117096424103,0.05694374069571495,0.08285801112651825,0.06093166023492813,0.0870080441236496,0.06250496208667755,0.08750015497207642,0.059425562620162964,0.08477213233709335,0.054384566843509674,0.0785493478178978,0.05828036367893219,0.08229390531778336,0.05647474527359009,0.08411039412021637,0.056563377380371094,0.08374390751123428,0.05232422426342964,0.07843323051929474,0.053303349763154984,0.08062952011823654,0.061654865741729736,0.09672046452760696,0.06721362471580505,0.10978073626756668,0.06981749087572098,0.11571680754423141,0.07448986917734146,0.12833233177661896,0.07679319381713867,0.13569585978984833,0.07801853120326996,0.1400335282087326,0.08043156564235687,0.14231905341148376,0.09154938906431198,0.1569679081439972,0.08400474488735199,0.1321793496608734,0.10398687422275543,0.16035446524620056,0.10108841210603714,0.13938860595226288,0.9943203926086426,0.08111085742712021,0.01504933089017868,p028_smile_front,18.22482808851738,66.35563169719649,0.12267571434549986
0.3099883496761322,0.3171232342720032,0.20450535416603088,0.21084339916706085,0.1315099149942398,0.13889086246490479,0.10063471645116806,0.10835716128349304,0.07105858623981476,0.084410160779953,0.05527498573064804,0.07439573109149933,0.06829287856817245,0.09055961668491364,0.05903433635830879,0.08329669386148453,0.0552666038274765,0.08146664500236511,0.060826387256383896,0.08864685148000717,0.06806904822587967,0.09746018052101135,0.07259136438369751,0.10289391875267029,0.074443019926548,0.10379184037446976,0.07249771058559418,0.10207897424697876,0.06739908456802368,0.0952969491481781,0.07193776965141296,0.09931281208992004,0.07063110917806625,0.10146024823188782,0.07037211954593658,0.10081405937671661,0.06513959914445877,0.09393570572137833,0.06885240972042084,0.10042416304349899,0.0808076560497284,0.12158618867397308,0.08726146817207336,0.13474445044994354,0.09224582463502884,0.14363789558410645,0.09809568524360657,0.15713787078857422,0.10194054245948792,0.1664271205663681,0.10047398507595062,0.16633354127407074,0.10388582199811935,0.17168638110160828,0.11328282207250595,0.18684238195419312,0.10252464562654495,0.15786607563495636,0.12155412137508392,0.1863987147808075,0.11930610239505768,0.16520032286643982,0.9936969876289368,0.09483038634061813,0.01945582590997219,p028_smile_left,17.109503284413176,65.24030689309228,0.13948414214516355
0.30784672498703003,0.3143846392631531,0.202069491147995,0.2070481926202774,0.12917491793632507,0.1351398080587387,0.09815713763237,0.10419560968875885,0.06793386489152908,0.07847122848033905,0.05236012861132622,0.06931072473526001,0.0655907541513443,0.086251400411129,0.055125024169683456,0.0781770721077919,0.05030561238527298,0.07494828850030899,0.05641477555036545,0.08415143936872482,0.06471767276525497,0.09513433277606964,0.06932059675455093,0.10047388076782227,0.07161614298820496,0.10180201381444931,0.06879584491252899,0.09740065783262253,0.06483915448188782,0.09170515835285187,0.06881445646286011,0.09647837281227112,0.0681045800447464,0.09820324182510376,0.06743019819259644,0.09661775827407837,0.0649201050400734,0.09459242969751358,0.06631027907133102,0.09771666675806046,0.07557336986064911,0.11415664106607437,0.0839911624789238,0.13117824494838715,0.0891214981675148,0.14247749745845795,0.09427875280380249,0.15451666712760925,0.09688795357942581,0.16158427298069,0.10050744563341141,0.17010819911956787,0.10202420502901077,0.17267553508281708,0.10917351394891739,0.17977429926395416,0.10489782691001892,0.1636064052581787,0.11933562904596329,0.18081380426883698,0.1176837608218193,0.1632758527994156,0.9949532747268677,0.09205399453639984,0.018728846684098244,p028_smile_right,17.27488965505365,65.40569326373274,0.13685337659005073
0.30769065022468567,0.3143468499183655,0.2053869515657425,0.21099607646465302,0.13164401054382324,0.1378578096628189,0.09881649911403656,0.10474816709756851,0.06888887286186218,0.07899557799100876,0.04834467172622681,0.061351556330919266,0.05983810871839523,0.07472668588161469,0.04952909052371979,0.065633624792099,0.04325932264328003,0.06014209985733032,0.04823749139904976,0.06678228825330734,0.05374773591756821,0.07334106415510178,0.05613558366894722,0.07556679099798203,0.05755770578980446,0.07615458220243454,0.05491355061531067,0.07431887090206146,0.050985779613256454,0.07058641314506531,0.059111643582582474,0.08051709830760956,0.05361929535865784,0.07780083268880844,0.0538472905755043,0.07793761789798737,0.05089489370584488,0.07576192915439606,0.051310744136571884,0.07766804844141006,0.056028399616479874,0.08978977799415588,0.0599588081240654,0.10310085117816925,0.06307337433099747,0.11016464978456497,0.06603220850229263,0.12144186347723007,0.06773291528224945,0.1279505342245102,0.06997067481279373,0.13520237803459167,0.07166197150945663,0.13712839782238007,0.08151531964540482,0.15361171960830688,0.0765879899263382,0.1313381791114807,0.09613390266895294,0.1610044687986374,0.09651680290699005,0.14157696068286896,0.9957162737846375,0.07771656662225723,0.014364177361130714,p029_neutral_front,18.42719241078349,66.55799601946259,0.11985064606054785
0.3117307424545288,0.3190782070159912,0.2087293118238449,0.21580758690834045,0.13233302533626556,0.14053574204444885,0.09792879968881607,0.10682690143585205,0.06974799185991287,0.08486870676279068,0.05111990496516228,0.06687108427286148,0.062124792486429214,0.08081594854593277,0.05606374144554138,0.07555297017097473,0.05277436971664429,0.07343880832195282,0.05812138319015503,0.08107637614011765,0.06278960406780243,0.08756694942712784,0.06538161635398865,0.0911133885383606,0.0671859085559845,0.09276211261749268,0.06638601422309875,0.0936865583062172,0.06285291910171509,0.09026490151882172,0.07284471392631531,0.10319891571998596,0.06572719663381577,0.09770948439836502,0.06515704840421677,0.09660714119672775,0.06093433126807213,0.09171313792467117,0.0635628029704094,0.09732978045940399,0.07031791657209396,0.11303116381168365,0.07447408139705658,0.12508878111839294,0.07944585382938385,0.13468605279922485,0.08301100879907608,0.1457701027393341,0.08585575968027115,0.1536385864019394,0.08639582991600037,0.15583407878875732,0.08992733806371689,0.16015727818012238,0.10058464109897614,0.17746132612228394,0.09300444275140762,0.148651584982872,0.11389373987913132,0.18061642348766327,0.1151350662112236,0.16066475212574005,0.9932529330253601,0.08857030421495438,0.017997607588768005,p029_neutral_left,17.447852215661936,65.57865582434104,0.1341551623634663
0.31254813075065613,0.3189173638820648,0.20920410752296448,0.21427716314792633,0.13246893882751465,0.1383667141199112,0.09839217364788055,0.1043587327003479,0.06895092874765396,0.07946203649044037,0.04837384447455406,0.06112886965274811,0.06092396005988121,0.07619161158800125,0.05279114097356796,0.06851495802402496,0.048456914722919464,0.06434924155473709,0.05512376129627228,0.07344993203878403,0.061507806181907654,0.08115952461957932,0.06441154330968857,0.08416914939880371,0.06617704033851624,0.08564039319753647,0.06378087401390076,0.08345730602741241,0.060256477445364,0.07987275719642639,0.06878761947154999,0.09156382083892822,0.06372802704572678,0.08737685531377792,0.06354895979166031,0.08688993006944656,0.06142919510602951,0.08599480241537094,0.06274967640638351,0.08995290845632553,0.06923048943281174,0.1031498983502388,0.07531117647886276,0.11766967922449112,0.07997674494981766,0.1282152533531189,0.0842079147696495,0.1390354186296463,0.08653827756643295,0.14594870805740356,0.08978689461946487,0.15391939878463745,0.09249462932348251,0.15791472792625427,0.10226523131132126,0.17039071023464203,0.09844992309808731,0.1528792828321457,0.11748746037483215,0.17788542807102203,0.11730314791202545,0.16082841157913208,0.9945586919784546,0.0882878452539444,0.016826774924993515,p029_neutral_right,17.739991143566396,65.8707947522455,0.12971805936334968
0.30909255146980286,0.31574004888534546,0.20582497119903564,0.21141314506530762,0.13101109862327576,0.13730895519256592,0.09799952805042267,0.10409511625766754,0.06839768588542938,0.07897718250751495,0.04877522960305214,0.061912376433610916,0.06105836480855942,0.07644952833652496,0.05136914551258087,0.06783659756183624,0.04598996788263321,0.06314289569854736,0.0516243577003479,0.07091182470321655,0.05760250240564346,0.07825230062007904,0.060490578413009644,0.08126845210790634,0.06215040758252144,0.08241444826126099,0.05961078777909279,0.08050301671028137,0.055558688938617706,0.07644244283437729,0.06386282294988632,0.08762156963348389,0.05854754522442818,0.08391193300485611,0.058548759669065475,0.08358819782733917,0.05546116456389427,0.08122442662715912,0.05702860280871391,0.08492106199264526,0.06376954168081284,0.09918651729822159,0.06940563768148422,0.11395574361085892,0.07439758628606796,0.12444815784692764,0.07859112322330475,0.13616561889648438,0.08130467683076859,0.1437271684408188,0.08381492644548416,0.1503424197435379,0.08681906014680862,0.15457333624362946,0.09692756086587906,0.16922006011009216,0.0913112536072731,0.14801323413848877,0.11101411283016205,0.17528335750102997,0.11015266925096512,0.15597110986709595,0.9940522909164429,0.08412051945924759,0.016159946098923683,p029_smile_front,17.91560092136869,66.0464045300478,0.1271217766510667
0.3117392361164093,0.31901299953460693,0.20881572365760803,0.2155105024576187,0.13235586881637573,0.1399935483932495,0.09847503155469894,0.10654602199792862,0.0705292820930481,0.08479274809360504,0.05110660567879677,0.06638114899396896,0.06282053142786026,0.08088895678520203,0.05584750324487686,0.07474175095558167,0.052330102771520615,0.07251277565956116,0.058327946811914444,0.08099374175071716,0.06344656646251678,0.08782394975423813,0.06634850800037384,0.09165961295366287,0.06840597093105316,0.09358997642993927,0.06752440333366394,0.09453898668289185,0.06390182673931122,0.09100858867168427,0.07508249580860138,0.10569044202566147,0.06759785860776901,0.09945477545261383,0.06721300631761551,0.09850925207138062,0.06293745338916779,0.09338851273059845,0.06632567197084427,0.09976354241371155,0.0740361139178276,0.11679401248693466,0.07878626883029938,0.12942880392074585,0.08470474928617477,0.14018788933753967,0.08859867602586746,0.15165673196315765,0.09175358712673187,0.1600617617368698,0.09218569844961166,0.16224262118339539,0.09573667496442795,0.16733494400978088,0.10644496977329254,0.18531794846057892,0.09728904813528061,0.155259907245636,0.11847861856222153,0.18817676603794098,0.11805327981710434,0.16638024151325226,0.9923979043960571,0.09088311344385147,0.018742907792329788,p029_smile_left,17.27163031367166,65.40243392235077,0.13690473984610535
0.31484949588775635,0.3209952414035797,0.21145740151405334,0.21608386933803558,0.13355883955955505,0.13908065855503082,0.09859322011470795,0.10409622639417648,0.06897657364606857,0.07912256568670273,0.047055307775735855,0.0593729130923748,0.05959739908576012,0.07430651783943176,0.05231350287795067,0.0675731971859932,0.048421505838632584,0.06369323283433914,0.05547809600830078,0.07317250221967697,0.06179923191666603,0.08088357746601105,0.0646696537733078,0.08383335918188095,0.0667450875043869,0.08571897447109222,0.06483034044504166,0.08410826325416565,0.06190868839621544,0.08140203356742859,0.07076654583215714,0.0935630053281784,0.06531549245119095,0.0891222357749939,0.0649494156241417,0.08856811374425888,0.06298414617776871,0.08799424767494202,0.06398909538984299,0.09140569716691971,0.069632388651371,0.10361480712890625,0.07493041455745697,0.11742229014635086,0.07882768660783768,0.12672469019889832,0.08205080032348633,0.13623254001140594,0.0835554227232933,0.14183539152145386,0.08643985539674759,0.14913085103034973,0.0887831524014473,0.15179221332073212,0.09819431602954865,0.1634110063314438,0.094777911901474,0.14638826251029968,0.1134311705827713,0.17026746273040771,0.11390019953250885,0.15439370274543762,0.9934340715408325,0.08783863484859467,0.016462037339806557,p029_smile_right,17.835164175634947,65.96596778431406,0.12830447123856034
0.35673466324806213,0.36383914947509766,0.22709938883781433,0.2323136329650879,0.14647795259952545,0.15255498886108398,0.11476829648017883,0.12006577849388123,0.0914921835064888,0.10233511030673981,0.05309223011136055,0.06685120612382889,0.05942940339446068,0.07568024098873138,0.05879989638924599,0.07683350145816803,0.05648062005639076,0.07578367739915848,0.05933782830834389,0.08063753694295883,0.06383039057254791,0.0868132933974266,0.06876865029335022,0.0929301530122757,0.07199213653802872,0.09606044739484787,0.06823451817035675,0.0917053371667862,0.06866933405399323,0.09214925765991211,0.07985134422779083,0.1061992347240448,0.07138851284980774,0.098248690366745,0.07250086963176727,0.09909027814865112,0.06944048404693604,0.09559094160795212,0.07431978732347488,0.10208835452795029,0.08533746004104614,0.12087446451187134,0.09045878052711487,0.1330503523349762,0.09729032963514328,0.14517249166965485,0.09890314936637878,0.15244977176189423,0.09981754422187805,0.15690399706363678,0.09898510575294495,0.15684214234352112,0.10241841524839401,0.159722700715065,0.10765311121940613,0.15713833272457123,0.11005096882581711,0.15117961168289185,0.12602874636650085,0.1653364598751068,0.1334151029586792,0.16319195926189423,0.9937037825584412,0.09946080297231674,0.01963457278907299,p030_neutral_front,17.069785437119556,65.20058904579867,0.140123419845053
0.3559349775314331,0.36474236845970154,0.22745345532894135,0.23507124185562134,0.14689984917640686,0.15609440207481384,0.11584090441465378,0.12451983988285065,0.10329223424196243,0.11917474865913391,0.057237736880779266,0.07628219574689865,0.06447958201169968,0.08544284850358963,0.06428838521242142,0.08740609884262085,0.06254373490810394,0.08832201361656189,0.06830575317144394,0.09477586299180984,0.07120876759290695,0.09905265271663666,0.0757313147187233,0.1048968955874443,0.07954609394073486,0.10839860141277313,0.07668393850326538,0.10641268640756607,0.07688906788825989,0.10629238933324814,0.09468620270490646,0.12687775492668152,0.07978619635105133,0.11174291372299194,0.08019507676362991,0.11212043464183807,0.07509876787662506,0.10480277240276337,0.08183619379997253,0.11402107030153275,0.09371306747198105,0.1355673223733902,0.09625212848186493,0.14298279583454132,0.10508428514003754,0.15645262598991394,0.10605746507644653,0.16372156143188477,0.10745139420032501,0.17002038657665253,0.10191217064857483,0.16199980676174164,0.10601093620061874,0.1680571436882019,0.10870739817619324,0.16608968377113342,0.10850237309932709,0.1549960970878601,0.12495557218790054,0.17052507400512695,0.1351587325334549,0.17012754082679749,0.9799166917800903,0.10489984601736069,0.022050706669688225,p030_neutral_left,16.565774879272837,64.69657848795194,0.14849480351072297
0.3562965989112854,0.36344748735427856,0.22536128759384155,0.23075060546398163,0.14536911249160767,0.15204983949661255,0.11278919130563736,0.11951344460248947,0.0823417380452156,0.09391208738088608,0.05195578932762146,0.0693914145231247,0.059042468667030334,0.07954645901918411,0.059704430401325226,0.08211125433444977,0.05930813029408455,0.08242400735616684,0.061721596866846085,0.08737791329622269,0.06874765455722809,0.09651260823011398,0.07561808824539185,0.10457633435726166,0.07961981743574142,0.10850164294242859,0.07579200714826584,0.10320902615785599,0.07594343274831772,0.1030840128660202,0.07874059677124023,0.10619983822107315,0.07898877561092377,0.10909135639667511,0.07970158755779266,0.1091284304857254,0.07833892107009888,0.10848650336265564,0.08153808116912842,0.11311864852905273,0.09349329024553299,0.13191212713718414,0.10122554004192352,0.14654061198234558,0.10860096663236618,0.1604059338569641,0.11182522773742676,0.16842976212501526,0.11340095102787018,0.1732901781797409,0.11519990116357803,0.17592543363571167,0.11841530352830887,0.1799226850271225,0.11988784372806549,0.1703018844127655,0.12648744881153107,0.1739785522222519,0.13571642339229584,0.17717251181602478,0.14438144862651825,0.1792346090078354,0.99440997838974,0.10567259043455124,0.02214469388127327,p030_neutral_right,16.547303188379136,64.67810679705823,0.14881093333916454
0.3516670763492584,0.3588421046733856,0.2225385457277298,0.2279558777809143,0.1434881091117859,0.1499357521533966,0.11221121996641159,0.11809574067592621,0.08956044167280197,0.10194291174411774,0.05183589085936546,0.06651127338409424,0.05815470218658447,0.07518428564071655,0.05780956149101257,0.07635536044836044,0.05600705370306969,0.07538118213415146,0.059705059975385666,0.0812828317284584,0.06395693868398666,0.08684644848108292,0.068464495241642,0.09214823693037033,0.0715240091085434,0.09502588957548141,0.06741772592067719,0.09036663919687271,0.06774074584245682,0.0906965509057045,0.08032574504613876,0.10689987242221832,0.07034798711538315,0.09635958820581436,0.07104324549436569,0.09653715044260025,0.06804724037647247,0.09318292140960693,0.07306057214736938,0.09982174634933472,0.08369368314743042,0.1174846962094307,0.08926894515752792,0.12980002164840698,0.09680534154176712,0.1428757905960083,0.09774235635995865,0.14885713160037994,0.09816456586122513,0.15245851874351501,0.09738600254058838,0.15250425040721893,0.09998000413179398,0.15473227202892303,0.10487788915634155,0.15161623060703278,0.10728190839290619,0.14611846208572388,0.12262656539678574,0.15917432308197021,0.1304778754711151,0.15764909982681274,0.9940035939216614,0.09785182029008865,0.018851924687623978,p030_smile_front,17.246443038909007,65.37724664758811,0.13730231129745768
0.34943103790283203,0.3575204908847809,0.22242137789726257,0.2286473959684372,0.14344646036624908,0.15090547502040863,0.11353664100170135,0.12023979425430298,0.10371708869934082,0.11800535768270493,0.05642332509160042,0.07103606313467026,0.0634649246931076,0.08007033169269562,0.06322634220123291,0.08181928843259811,0.06125524640083313,0.08251277357339859,0.06818489730358124,0.09030675143003464,0.0704517737030983,0.09398183226585388,0.07376569509506226,0.09931184351444244,0.07717578858137131,0.1027924194931984,0.07356172800064087,0.0998748242855072,0.0736461728811264,0.09925691038370132,0.09566248953342438,0.12397721409797668,0.07631448656320572,0.10454918444156647,0.07620757818222046,0.10417275875806808,0.07098779827356339,0.09624581038951874,0.07884493470191956,0.10774548351764679,0.09049642831087112,0.1297074556350708,0.09258249402046204,0.1360294669866562,0.1028720811009407,0.15168529748916626,0.10271767526865005,0.15772998332977295,0.10378197580575943,0.16412858664989471,0.09763400256633759,0.1544046700000763,0.1026882603764534,0.1629812866449356,0.10462354123592377,0.1594659835100174,0.10566191375255585,0.151093989610672,0.12124250084161758,0.16448049247264862,0.13272303342819214,0.16664870083332062,0.9808690547943115,0.10222220420837402,0.020493147894740105,p030_smile_left,16.88391325722248,65.01471686590159,0.14315428004338573
0.3548036217689514,0.3619868755340576,0.22407759726047516,0.22954952716827393,0.1442701667547226,0.1510811299085617,0.11197151243686676,0.11889701336622238,0.08263950049877167,0.09480168670415878,0.05177419260144234,0.06909812986850739,0.05870933085680008,0.07909009605646133,0.0595775730907917,0.08172266185283661,0.05940188467502594,0.08216358721256256,0.06257650256156921,0.0879378393292427,0.06926625967025757,0.09662002325057983,0.07582355290651321,0.10433237999677658,0.07983057200908661,0.10828138887882233,0.07625045627355576,0.103143110871315,0.07664952427148819,0.10329810529947281,0.08123301714658737,0.10916472226381302,0.07971516251564026,0.10911120474338531,0.08013847470283508,0.10877618193626404,0.07893461734056473,0.10819754749536514,0.08262545615434647,0.11343596130609512,0.0944644957780838,0.13191096484661102,0.10219423472881317,0.14626850187778473,0.11015240103006363,0.16108407080173492,0.11263005435466766,0.16798478364944458,0.11386170238256454,0.17243950068950653,0.11576633900403976,0.17516767978668213,0.11941412836313248,0.17960025370121002,0.1214078813791275,0.17053283751010895,0.12859706580638885,0.17506447434425354,0.13854172825813293,0.1789148598909378,0.14803004264831543,0.18207940459251404,0.9931784868240356,0.10630875825881958,0.02214290201663971,p030_smile_right,16.547654617219344,64.67845822589845,0.1488049126092271
0.34578409790992737,0.35405707359313965,0.21992313861846924,0.22915130853652954,0.13737954199314117,0.1480814814567566,0.10467416048049927,0.11613871902227402,0.08779872208833694,0.10797148942947388,0.06249767914414406,0.08516422659158707,0.07357004284858704,0.10097486525774002,0.07724451273679733,0.10660622268915176,0.07955127954483032,0.10974226891994476,0.08477045595645905,0.11789067834615707,0.09165980666875839,0.12654785811901093,0.09878380596637726,0.13480986654758453,0.10225121676921844,0.13807332515716553,0.09845282137393951,0.1343163251876831,0.09795299172401428,0.1341945379972458,0.10642585158348083,0.14605878293514252,0.10237319022417068,0.14163202047348022,0.10302970558404922,0.1418592929840088,0.09839485585689545,0.13692723214626312,0.10318587720394135,0.14277029037475586,0.12019698321819305,0.1689019799232483,0.12984344363212585,0.1866992861032486,0.14023761451244354,0.20284514129161835,0.14665651321411133,0.21598117053508759,0.1506623774766922,0.22394874691963196,0.14916688203811646,0.22357773780822754,0.15230274200439453,0.22717002034187317,0.15373463928699493,0.2242114096879959,0.14970314502716064,0.2121729999780655,0.1656775176525116,0.22986088693141937,0.16646510362625122,0.22048966586589813,0.9922388792037964,0.12582972645759583,0.031288836151361465,p031_neutral_front,15.046105909746766,63.176909518425866,0.17688650641403222
0.3470533788204193,0.3551972806453705,0.22217415273189545,0.22985999286174774,0.14293308556079865,0.15140241384506226,0.11251997202634811,0.12068699300289154,0.10363604873418808,0.12003523111343384,0.06236618757247925,0.08263327181339264,0.07173912227153778,0.09644579142332077,0.07362854480743408,0.10132169723510742,0.07487409561872482,0.10476842522621155,0.0801239013671875,0.1128602847456932,0.08599807322025299,0.12088114023208618,0.09338648617267609,0.13036227226257324,0.09774880111217499,0.13434019684791565,0.0948062539100647,0.13154743611812592,0.09396045655012131,0.12985987961292267,0.10487816482782364,0.1432320475578308,0.09784328937530518,0.13683320581912994,0.09823901206254959,0.13717325031757355,0.09153815358877182,0.12838636338710785,0.09773379564285278,0.13707086443901062,0.11567703634500504,0.1690731644630432,0.12245000898838043,0.18539662659168243,0.13210433721542358,0.20078390836715698,0.13793814182281494,0.21508176624774933,0.1423402726650238,0.22490562498569489,0.13714322447776794,0.21974582970142365,0.14079086482524872,0.22439709305763245,0.1405782848596573,0.22276528179645538,0.13486719131469727,0.20502234995365143,0.15080967545509338,0.22461849451065063,0.15479758381843567,0.21498234570026398,0.9830811023712158,0.12119162827730179,0.030506758019328117,p031_neutral_left,15.156039427714552,63.28684303639365,0.17466183904713736
0.3544463813304901,0.3616105020046234,0.22583025693893433,0.2322586327791214,0.14396828413009644,0.1513279527425766,0.11072111129760742,0.11805209517478943,0.08356696367263794,0.0968983918428421,0.057930056005716324,0.07681884616613388,0.0679900050163269,0.09097685664892197,0.0698644295334816,0.09467433393001556,0.07016538828611374,0.09519144147634506,0.07345576584339142,0.10086874663829803,0.08171754330396652,0.11103525757789612,0.08938734978437424,0.11955410987138748,0.09270263463258743,0.12203086912631989,0.08618747442960739,0.11324142664670944,0.08426248282194138,0.11099308729171753,0.08644863963127136,0.11415975540876389,0.08840308338403702,0.11789336055517197,0.0894981324672699,0.11850911378860474,0.0870756283402443,0.11676428467035294,0.09063096344470978,0.12159702181816101,0.10845200717449188,0.1478968858718872,0.12032593041658401,0.1685253232717514,0.13009603321552277,0.18539975583553314,0.13710235059261322,0.19871023297309875,0.14105744659900665,0.2065337747335434,0.14347437024116516,0.21062201261520386,0.14655371010303497,0.2155485898256302,0.14523030817508698,0.20630790293216705,0.14804872870445251,0.20646560192108154,0.1568416953086853,0.21393583714962006,0.15945494174957275,0.20845696330070496,0.9924854040145874,0.1184428483247757,0.027168910950422287,p031_neutral_right,15.659277696682821,63.79008130536192,0.16482994555123254
0.3445045053958893,0.3526340126991272,0.21896131336688995,0.22774749994277954,0.137986958026886,0.14831291139125824,0.1064872071146965,0.11750298738479614,0.08969538658857346,0.109418123960495,0.06298599392175674,0.08527311682701111,0.07372547686100006,0.10031181573867798,0.07713374495506287,0.1057371124625206,0.07911378145217896,0.10863921791315079,0.08424703031778336,0.11678944528102875,0.09084189683198929,0.12459548562765121,0.097507543861866,0.13185830414295197,0.1005600318312645,0.13433974981307983,0.09531856328248978,0.12868210673332214,0.09358785301446915,0.1268918514251709,0.10230087488889694,0.14005979895591736,0.09821640700101852,0.13500559329986572,0.09839937835931778,0.13456347584724426,0.0924169272184372,0.1274474710226059,0.097928985953331,0.13460418581962585,0.11719434708356857,0.1636582463979721,0.12831585109233856,0.18327048420906067,0.139544278383255,0.20073023438453674,0.14555761218070984,0.21319249272346497,0.14919370412826538,0.22075700759887695,0.14764508605003357,0.2202986776828766,0.15015709400177002,0.2233370542526245,0.1509975641965866,0.21995796263217926,0.14668799936771393,0.20708808302879333,0.16270507872104645,0.22428055107593536,0.16391412913799286,0.21469582617282867,0.9892990589141846,0.1240062415599823,0.030110759660601616,p031_smile_front,15.212782875876838,63.34358648455594,0.17352452178467923
0.34767234325408936,0.35580822825431824,0.22294817864894867,0.23055757582187653,0.14352233707904816,0.1520073264837265,0.11341645568609238,0.12160497158765793,0.10542459785938263,0.12181998044252396,0.06353871524333954,0.08355589210987091,0.07325512170791626,0.09751962870359421,0.07544204592704773,0.1025724709033966,0.07678858935832977,0.10633361339569092,0.08236658573150635,0.11442265659570694,0.08796941488981247,0.12194634228944778,0.0950433760881424,0.1310170441865921,0.09909449517726898,0.134532630443573,0.09558083862066269,0.1305239349603653,0.09414629638195038,0.12749716639518738,0.10579963773488998,0.14185947179794312,0.09824065864086151,0.1345447450876236,0.09836774319410324,0.13458992540836334,0.09114864468574524,0.1243104487657547,0.09827565401792526,0.1346133053302765,0.11762431263923645,0.16945263743400574,0.12507914006710052,0.18687596917152405,0.13580967485904694,0.20351798832416534,0.1415608525276184,0.21767067909240723,0.14599232375621796,0.2276587188243866,0.13999345898628235,0.22106504440307617,0.14394451677799225,0.22616057097911835,0.1430930644273758,0.22378315031528473,0.13751670718193054,0.2058078646659851,0.15308985114097595,0.22463148832321167,0.15777873992919922,0.21569785475730896,0.9468621611595154,0.12289554625749588,0.030688805505633354,p031_smile_left,15.130200151982788,63.26100376066189,0.1751822065896915
0.35330575704574585,0.36024242639541626,0.22519242763519287,0.231100931763649,0.14391840994358063,0.1510334312915802,0.11142189800739288,0.11865436285734177,0.08477428555488586,0.09791803359985352,0.058738719671964645,0.07731813192367554,0.06857280433177948,0.09102249890565872,0.07052918523550034,0.09494884312152863,0.070962093770504,0.0960078239440918,0.07422976195812225,0.10163607448339462,0.08227561414241791,0.11152979731559753,0.08972637355327606,0.11993969976902008,0.0929126888513565,0.12240062654018402,0.08611930161714554,0.11291331797838211,0.08377482742071152,0.10958832502365112,0.08599189668893814,0.11261184513568878,0.08835024386644363,0.11704316735267639,0.08894095569849014,0.11721276491880417,0.08548194915056229,0.11345557123422623,0.0897366851568222,0.1192408874630928,0.10920592397451401,0.14824509620666504,0.12197978794574738,0.16988754272460938,0.13198724389076233,0.18710799515247345,0.13853353261947632,0.1994985044002533,0.14197902381420135,0.20664052665233612,0.14394184947013855,0.21009160578250885,0.1467004418373108,0.21439430117607117,0.14491911232471466,0.2039034068584442,0.14765103161334991,0.20428164303302765,0.15604948997497559,0.21010208129882812,0.15918467938899994,0.20568449795246124,0.9888124465942383,0.11864221841096878,0.026944225654006004,p031_smile_right,15.69534293011529,63.8261465387944,0.16414696358448427
0.33405300974845886,0.34173136949539185,0.21005652844905853,0.21681421995162964,0.13559147715568542,0.14274060726165771,0.10620418936014175,0.11255700886249542,0.08273690193891525,0.09430170804262161,0.04857667535543442,0.06487351655960083,0.0541076585650444,0.07296547293663025,0.05294667184352875,0.07306577265262604,0.05089915916323662,0.07173437625169754,0.052195072174072266,0.07536443322896957,0.056901268661022186,0.08142127096652985,0.062412820756435394,0.08734738081693649,0.06550956517457962,0.08960992097854614,0.059596363455057144,0.0834273248910904,0.058361828327178955,0.08202236890792847,0.0659569650888443,0.0912429690361023,0.060710176825523376,0.08860863000154495,0.062355633825063705,0.08968962728977203,0.05852214992046356,0.08618119359016418,0.060819752514362335,0.08978595584630966,0.0711095780134201,0.11060645431280136,0.07707342505455017,0.12661691009998322,0.08489172160625458,0.1407936066389084,0.08900896459817886,0.15366263687610626,0.09161850810050964,0.16238461434841156,0.09226051717996597,0.16654694080352783,0.09485280513763428,0.17194527387619019,0.09703841805458069,0.16983215510845184,0.09800764173269272,0.16548074781894684,0.11254940927028656,0.17999377846717834,0.11785226315259933,0.1750958263874054,0.9914974570274353,0.08919638395309448,0.018785441294312477,p032_neutral_front,17.261785983416818,65.39258959209592,0.13705999158876553
0.3302011787891388,0.338105708360672,0.20845098793506622,0.21530479192733765,0.13613398373126984,0.14360752701759338,0.10889362543821335,0.11565633863210678,0.09808503836393356,0.11297313123941422,0.05404068902134895,0.06873384118080139,0.05995118245482445,0.07678011059761047,0.05875416472554207,0.07712177187204361,0.05650969594717026,0.0763605609536171,0.06169215217232704,0.08335227519273758,0.06435464322566986,0.08741830289363861,0.0681363046169281,0.09245442599058151,0.071335069835186,0.09527108073234558,0.06718158721923828,0.09156474471092224,0.06696999818086624,0.091105617582798,0.08363588154315948,0.11267133802175522,0.06963726878166199,0.09756603837013245,0.0701959878206253,0.0981762483716011,0.06543752551078796,0.09201808273792267,0.06963527947664261,0.0981762707233429,0.08019129931926727,0.11987148225307465,0.0844925194978714,0.1325516253709793,0.0932190865278244,0.14625400304794312,0.095878966152668,0.157745823264122,0.09827036410570145,0.16657407581806183,0.09591270238161087,0.16574664413928986,0.09859592467546463,0.17053236067295074,0.10106367617845535,0.17223674058914185,0.09817742556333542,0.15760892629623413,0.11425317823886871,0.17795388400554657,0.11989646404981613,0.16877442598342896,0.9844856262207031,0.0951417088508606,0.019556375220417976,p032_neutral_left,17.08711638692221,65.2179199956013,0.13984411042449366
0.33264756202697754,0.33973637223243713,0.20715630054473877,0.21249254047870636,0.134637713432312,0.14059218764305115,0.10601919144392014,0.1112714484333992,0.07845063507556915,0.08722948282957077,0.04666605219244957,0.06142280623316765,0.051828544586896896,0.06929778307676315,0.05100758373737335,0.06988402456045151,0.04927685484290123,0.06874711811542511,0.04945964366197586,0.07142854481935501,0.055201705545186996,0.07878709584474564,0.06146639958024025,0.0858118012547493,0.06507846713066101,0.08910463750362396,0.05981665849685669,0.08357536792755127,0.05934201553463936,0.08326078206300735,0.06251680105924606,0.08603264391422272,0.06206221878528595,0.09017137438058853,0.06400851160287857,0.09145157039165497,0.061568453907966614,0.09042185544967651,0.0630522295832634,0.09331659972667694,0.07264067977666855,0.11160382628440857,0.07810778170824051,0.125911146402359,0.08424219489097595,0.13786832988262177,0.08721743524074554,0.1475258618593216,0.08857639133930206,0.1536536067724228,0.0895383358001709,0.15739154815673828,0.09178248047828674,0.16204726696014404,0.09330103546380997,0.1552543044090271,0.09830766171216965,0.1576748788356781,0.10827271640300751,0.1641724556684494,0.11581158638000488,0.16462670266628265,0.9937357902526855,0.08804511278867722,0.017649618908762932,p032_neutral_right,17.53264667477754,65.66345028345664,0.13285186829233125
0.33611860871315,0.34392088651657104,0.21226173639297485,0.21941323578357697,0.1378444880247116,0.14542876183986664,0.10843762755393982,0.11541402339935303,0.08715857565402985,0.10031133145093918,0.051262930035591125,0.06861789524555206,0.05693204328417778,0.07669777423143387,0.05590324103832245,0.07720772176980972,0.05387026444077492,0.07599913328886032,0.05579179525375366,0.08037854731082916,0.06005742400884628,0.08579481393098831,0.0651400089263916,0.09122513234615326,0.06812994182109833,0.09345467388629913,0.06244751811027527,0.08790092170238495,0.061326347291469574,0.0866830050945282,0.07058548182249069,0.09903735667467117,0.06402406096458435,0.09368619322776794,0.06552331894636154,0.094654880464077,0.06132231652736664,0.09001581370830536,0.06408260017633438,0.09416871517896652,0.0753166601061821,0.11625821143388748,0.08164484798908234,0.13208621740341187,0.09016592055559158,0.14686337113380432,0.09453845024108887,0.1596926748752594,0.09749623388051987,0.16869425773620605,0.09765618294477463,0.1716228723526001,0.10057030618190765,0.17715023458003998,0.10311878472566605,0.17665886878967285,0.1025281473994255,0.16936856508255005,0.11828851699829102,0.18675008416175842,0.12298066914081573,0.1807321012020111,0.9938377737998962,0.09299548715353012,0.0199775081127882,p032_smile_front,16.994586842960985,65.12539045164009,0.14134181303771437
0.32962241768836975,0.33730003237724304,0.20766043663024902,0.2138393372297287,0.1356210708618164,0.14249219000339508,0.10849414765834808,0.11467809975147247,0.09654740244150162,0.11109226942062378,0.05237003415822983,0.06600242108106613,0.05780305713415146,0.07352743297815323,0.05634474381804466,0.07329554855823517,0.05379698425531387,0.07182154804468155,0.0585373155772686,0.07892807573080063,0.06111996993422508,0.08276010304689407,0.0646606907248497,0.08717326819896698,0.06768517196178436,0.08967343717813492,0.06283485144376755,0.0848686471581459,0.06249622628092766,0.08440914750099182,0.0790647491812706,0.10726740956306458,0.06459693610668182,0.09002018719911575,0.0650176927447319,0.09017794579267502,0.060606930404901505,0.08522188663482666,0.06444703042507172,0.09066551923751831,0.07369578629732132,0.10978308320045471,0.07781954109668732,0.12338409572839737,0.08611533790826797,0.13685163855552673,0.08788025379180908,0.14724257588386536,0.08948656171560287,0.15503902733325958,0.08772949874401093,0.15604038536548615,0.0897054523229599,0.1593416929244995,0.09188158810138702,0.16030848026275635,0.0906631276011467,0.1484767347574234,0.10582614690065384,0.166490837931633,0.11304666101932526,0.1593325287103653,0.981033980846405,0.09043265134096146,0.017888188362121582,p032_smile_left,17.47433640660883,65.60514001528793,0.13374673215492625
0.3330962657928467,0.34030377864837646,0.20758552849292755,0.2131166309118271,0.13448822498321533,0.1404312252998352,0.10553153604269028,0.11054785549640656,0.07778099924325943,0.08608471602201462,0.045713674277067184,0.05965304374694824,0.05063754692673683,0.06723140180110931,0.04953425005078316,0.06738809496164322,0.047500379383563995,0.06595364958047867,0.04741738736629486,0.06799080967903137,0.05300099402666092,0.07494263350963593,0.059077173471450806,0.08157014101743698,0.0624832957983017,0.08435136824846268,0.056681133806705475,0.07807658612728119,0.055736005306243896,0.07708630710840225,0.05912984907627106,0.07971641421318054,0.05800928175449371,0.08337999880313873,0.06012653186917305,0.08488981425762177,0.05727997422218323,0.08335817605257034,0.058770231902599335,0.08601835370063782,0.06842593103647232,0.10469549894332886,0.07377903908491135,0.11963564157485962,0.08004449307918549,0.13138920068740845,0.08313988894224167,0.1420566737651825,0.08460750430822372,0.14888639748096466,0.08551143109798431,0.1526900976896286,0.08796077221632004,0.15746735036373138,0.09066709876060486,0.15237410366535187,0.09515747427940369,0.15324899554252625,0.10675949603319168,0.1624273806810379,0.11413723230361938,0.16168299317359924,0.9941316246986389,0.08548770099878311,0.016810232773423195,p032_smile_right,17.74426272788173,65.87506633656083,0.12965428173964483
0.3347996175289154,0.3426596224308014,0.20912481844425201,0.21728162467479706,0.13298022747039795,0.14282256364822388,0.10330025106668472,0.11377310752868652,0.08547007292509079,0.10378514975309372,0.05809854716062546,0.07837649434804916,0.06697772443294525,0.09058569371700287,0.0689229741692543,0.09398971498012543,0.069150909781456,0.09508506208658218,0.07422930002212524,0.10251936316490173,0.08005420118570328,0.11036340892314911,0.08534833043813705,0.11649834364652634,0.08784400671720505,0.11834804713726044,0.0837491825222969,0.11345972865819931,0.08373499661684036,0.11340039223432541,0.0933508574962616,0.1262059509754181,0.0870756283402443,0.11973104625940323,0.08738373965024948,0.11923763155937195,0.08431022614240646,0.1159035712480545,0.08851421624422073,0.12173797935247421,0.10119712352752686,0.14214754104614258,0.10865496098995209,0.1562538743019104,0.11880119889974594,0.17274349927902222,0.12416143715381622,0.18415936827659607,0.12823143601417542,0.19239240884780884,0.12848640978336334,0.19379465281963348,0.1330311894416809,0.19997575879096985,0.1354568898677826,0.1949443817138672,0.1353863626718521,0.19016693532466888,0.1497882455587387,0.20194144546985626,0.1523974984884262,0.19620928168296814,0.9936116933822632,0.11226768791675568,0.024727990850806236,p033_neutral_front,16.0681116863082,64.1989152949873,0.1572513619998448
0.3372921049594879,0.34577199816703796,0.21279917657375336,0.22085845470428467,0.13748213648796082,0.14668188989162445,0.10914067178964615,0.11860878020524979,0.09678125381469727,0.11378073692321777,0.060358040034770966,0.08021342754364014,0.06961026042699814,0.0931176245212555,0.0714348778128624,0.09760990738868713,0.07192009687423706,0.10049477219581604,0.07698073238134384,0.10678993910551071,0.08222287893295288,0.11442145705223083,0.08801382035017014,0.12265361100435257,0.09095580875873566,0.12512251734733582,0.08730998635292053,0.12183436751365662,0.08689309656620026,0.12078477442264557,0.09821026027202606,0.131206676363945,0.09014225751161575,0.12760670483112335,0.0903896763920784,0.12764491140842438,0.08492891490459442,0.12043248862028122,0.09083285182714462,0.12989747524261475,0.10523630678653717,0.15607406198978424,0.10998762398958206,0.16682443022727966,0.12023790925741196,0.1826442927122116,0.12535110116004944,0.1956821233034134,0.13017216324806213,0.20642541348934174,0.12564115226268768,0.19992811977863312,0.13199758529663086,0.21002770960330963,0.13217349350452423,0.20473983883857727,0.1316385120153427,0.19714990258216858,0.14403307437896729,0.20939281582832336,0.15013352036476135,0.20637629926204681,0.9552218914031982,0.11421021819114685,0.026953425258398056,p033_neutral_left,15.693860365515786,63.82466397419489,0.1641749836558483
0.34463679790496826,0.3521808385848999,0.2185239940881729,0.22572462260723114,0.14101512730121613,0.1495027095079422,0.11061202734708786,0.11999905854463577,0.08711077272891998,0.1035597175359726,0.05994034186005592,0.08179328590631485,0.06972874701023102,0.09565170109272003,0.07143097370862961,0.09916563332080841,0.07143691182136536,0.099707692861557,0.07590331882238388,0.10755379498004913,0.08358567953109741,0.1180366650223732,0.09002786129713058,0.12587599456310272,0.09294233471155167,0.12832489609718323,0.08775855600833893,0.1213136538863182,0.08792140334844589,0.12150344997644424,0.09389480203390121,0.12841305136680603,0.09162960201501846,0.12786127626895905,0.09219954162836075,0.12742826342582703,0.09102354943752289,0.12802903354167938,0.09339915215969086,0.13185180723667145,0.10658310353755951,0.15248039364814758,0.1163775846362114,0.17025254666805267,0.1269494742155075,0.1888653039932251,0.13253875076770782,0.20082326233386993,0.13623572885990143,0.20908606052398682,0.13906526565551758,0.2139090597629547,0.14283034205436707,0.22049680352210999,0.1430286467075348,0.2095937430858612,0.14752107858657837,0.21375037729740143,0.15718550980091095,0.21835850179195404,0.16137954592704773,0.21669618785381317,0.9942139983177185,0.11823858320713043,0.028382662683725357,p033_neutral_right,15.469468641778858,63.60027225045796,0.16847154858825675
0.33748573064804077,0.3450581729412079,0.21287280321121216,0.22050164639949799,0.13650403916835785,0.1457241177558899,0.10736700147390366,0.11715919524431229,0.09134089946746826,0.10925383865833282,0.060716524720191956,0.0796741470694542,0.06965981423854828,0.09198354184627533,0.0713084489107132,0.09514115005731583,0.07117852568626404,0.09599703550338745,0.07649361342191696,0.10381332784891129,0.08190584927797318,0.11125598847866058,0.0869126245379448,0.11718110740184784,0.0891614705324173,0.11884282529354095,0.08490344882011414,0.11380761116743088,0.0847737193107605,0.11366058886051178,0.09572576731443405,0.1285656839609146,0.08773887902498245,0.11961065977811813,0.08774832636117935,0.1188773512840271,0.08437127619981766,0.11514807492494583,0.08886437863111496,0.1211526021361351,0.10169772803783417,0.14148478209972382,0.1086924821138382,0.1551104187965393,0.11862684041261673,0.1712481677532196,0.12355689704418182,0.18216903507709503,0.12749426066875458,0.19017569720745087,0.12730315327644348,0.19094333052635193,0.1321515589952469,0.19675618410110474,0.1345943957567215,0.19228537380695343,0.1342105120420456,0.18603086471557617,0.148874893784523,0.19872118532657623,0.15177828073501587,0.1927163004875183,0.9923193454742432,0.11342895776033401,0.024647163227200508,p033_smile_front,16.082330587668288,64.2131341963474,0.15699415029611935
0.3361823558807373,0.34462371468544006,0.21247316896915436,0.22003570199012756,0.13799190521240234,0.14661537110805511,0.11047747731208801,0.11912661045789719,0.09983185678720474,0.11612218618392944,0.060348477214574814,0.07836226373910904,0.06904207915067673,0.09037300944328308,0.07037652283906937,0.09433222562074661,0.07007966935634613,0.09668939560651779,0.07569815218448639,0.103049635887146,0.07987853139638901,0.10955151170492172,0.08472749590873718,0.11697893589735031,0.0875495970249176,0.11939658224582672,0.08368747681379318,0.11626742780208588,0.08357284218072891,0.11563163995742798,0.09803112596273422,0.12915733456611633,0.0862075537443161,0.12138320505619049,0.0864284336566925,0.12167598307132721,0.08156212419271469,0.11508800834417343,0.08744009584188461,0.12477085739374161,0.09983301162719727,0.14840617775917053,0.10346946120262146,0.1571514755487442,0.11396661400794983,0.1728680282831192,0.11783474683761597,0.18435801565647125,0.12191928178071976,0.19441430270671844,0.11728962510824203,0.1871436983346939,0.12327367812395096,0.1973830610513687,0.12258878350257874,0.19175317883491516,0.12247443199157715,0.18525150418281555,0.13363835215568542,0.19571803510189056,0.14061658084392548,0.19401608407497406,0.9814122319221497,0.1102803573012352,0.024874715134501457,p033_smile_left,16.042418840987192,64.1732224496663,0.15771719986894725
0.3454493582248688,0.35306334495544434,0.21885250508785248,0.2261423021554947,0.1412016898393631,0.14992929995059967,0.11081898212432861,0.12065957486629486,0.08681415021419525,0.10373904556035995,0.06013811007142067,0.08166523277759552,0.06957650184631348,0.09497357904911041,0.07115555554628372,0.0983351543545723,0.07091707736253738,0.09886077791452408,0.07482286542654037,0.10600380599498749,0.08210846036672592,0.11595901846885681,0.08859094977378845,0.12381117045879364,0.09157437831163406,0.1264248639345169,0.08683300763368607,0.11986097693443298,0.08714841306209564,0.12008091807365417,0.09146775305271149,0.12566833198070526,0.0902312621474266,0.12569297850131989,0.09082093834877014,0.1255481243133545,0.08965729176998138,0.1262214630842209,0.09139855951070786,0.1292753517627716,0.10377075523138046,0.14845223724842072,0.11267917603254318,0.16435399651527405,0.12215333431959152,0.18141472339630127,0.12772667407989502,0.1927434504032135,0.13140060007572174,0.20065389573574066,0.13424652814865112,0.2051345854997635,0.13823537528514862,0.2115764319896698,0.13857309520244598,0.2010621726512909,0.14281874895095825,0.20521800220012665,0.15264181792736053,0.20940233767032623,0.15653564035892487,0.20776401460170746,0.9939532279968262,0.11615782976150513,0.027103880420327187,p033_smile_right,15.669685274099912,63.800488882779014,0.16463256184706349
0.3400527834892273,0.3483011722564697,0.21600648760795593,0.2253684252500534,0.1378408968448639,0.14819131791591644,0.10636076331138611,0.1170390173792839,0.08673029392957687,0.10573708266019821,0.055273253470659256,0.08075044304132462,0.06350737065076828,0.09291265904903412,0.06454309821128845,0.09591224044561386,0.06444705277681351,0.09666670858860016,0.06771502643823624,0.10225292295217514,0.07384034246206284,0.11014064401388168,0.08068476617336273,0.11830712109804153,0.08449722826480865,0.12157931178808212,0.07943622767925262,0.11630702763795853,0.07788985967636108,0.11415200680494308,0.08664330840110779,0.12390206754207611,0.08202587813138962,0.12233583629131317,0.0826127678155899,0.12187842279672623,0.07693292945623398,0.11443065851926804,0.08062142133712769,0.11926582455635071,0.09623220562934875,0.1477196365594864,0.10564201325178146,0.1685323417186737,0.11505619436502457,0.18369387090206146,0.1208069697022438,0.19830915331840515,0.12435629963874817,0.2071366012096405,0.12427836656570435,0.20877745747566223,0.12639403343200684,0.2117563933134079,0.12888655066490173,0.20963039994239807,0.12469307333230972,0.19695527851581573,0.1407315880060196,0.2153759002685547,0.1411525160074234,0.2043430209159851,0.9939615726470947,0.1082640290260315,0.026753967627882957,p034_neutral_front,15.726118027597709,63.85692163627681,0.16356640128058988
0.34720906615257263,0.3564256727695465,0.22374148666858673,0.23414543271064758,0.14363476634025574,0.15473781526088715,0.1126793846487999,0.12367015331983566,0.10233759880065918,0.1207246482372284,0.062356945127248764,0.08481760323047638,0.07107038050889969,0.09702829271554947,0.07261057943105698,0.10078273713588715,0.07331736385822296,0.10340031236410141,0.07907002419233322,0.11010544747114182,0.08467143774032593,0.11819715052843094,0.09206847846508026,0.12887705862522125,0.09670831263065338,0.13372620940208435,0.0931820496916771,0.13061897456645966,0.09156595170497894,0.12760338187217712,0.10525291413068771,0.13945914804935455,0.09598124027252197,0.13443692028522491,0.09579990059137344,0.13360407948493958,0.08860985934734344,0.12370559573173523,0.09661246091127396,0.13432654738426208,0.1157899796962738,0.16795922815799713,0.12331747263669968,0.18481706082820892,0.1361107975244522,0.20250940322875977,0.14224816858768463,0.21819403767585754,0.1477343738079071,0.2301960438489914,0.14203886687755585,0.22364160418510437,0.14800801873207092,0.23220719397068024,0.14618073403835297,0.22818052768707275,0.14110217988491058,0.21412017941474915,0.1538165807723999,0.2300919145345688,0.1574130654335022,0.22249367833137512,0.9850712418556213,0.1220143660902977,0.031109290197491646,p034_neutral_left,15.071098978218437,63.201902586897546,0.17637825885718356
0.34472641348838806,0.35297343134880066,0.2186770886182785,0.22782756388187408,0.13875839114189148,0.14938756823539734,0.10685513913631439,0.1185540184378624,0.08241693675518036,0.10094892233610153,0.058113694190979004,0.08360519260168076,0.06772355735301971,0.09712270647287369,0.06949387490749359,0.10071838647127151,0.07006759941577911,0.1019764244556427,0.0739477351307869,0.10899896919727325,0.08299412578344345,0.12084470689296722,0.0917641744017601,0.13157987594604492,0.09669560194015503,0.13645240664482117,0.09102904796600342,0.12880444526672363,0.08964986354112625,0.1263328641653061,0.09370055049657822,0.12851271033287048,0.09478817880153656,0.13496121764183044,0.09485814720392227,0.1330389380455017,0.09160250425338745,0.1295284777879715,0.09519704431295395,0.13503655791282654,0.11241715401411057,0.16393251717090607,0.12420857697725296,0.18666037917137146,0.1354178488254547,0.20567145943641663,0.1416347175836563,0.2190283238887787,0.1456393599510193,0.227352112531662,0.14858298003673553,0.23188956081867218,0.15200547873973846,0.23714374005794525,0.14925728738307953,0.22369080781936646,0.15345941483974457,0.22660164535045624,0.16024453938007355,0.22900325059890747,0.1648569256067276,0.2270917147397995,0.9936623573303223,0.12070157378911972,0.031056620180606842,p034_neutral_right,15.078458092893666,63.20926170157277,0.1762288857724716
0.33950552344322205,0.34750989079475403,0.21519285440444946,0.22412672638893127,0.13710230588912964,0.1473832130432129,0.10565666109323502,0.11639313399791718,0.085702084004879,0.10490679740905762,0.05555938929319382,0.08055022358894348,0.06432384252548218,0.09309472888708115,0.06565997004508972,0.09633015096187592,0.06604591757059097,0.09749636054039001,0.06957216560840607,0.10370805114507675,0.07591832429170609,0.1115485206246376,0.08271204680204391,0.11925047636032104,0.08626838028430939,0.12203552573919296,0.08049431443214417,0.11541516333818436,0.07836537063121796,0.11255474388599396,0.08674078434705734,0.1227143406867981,0.08252378553152084,0.12063945829868317,0.08276329934597015,0.11967504769563675,0.0768091157078743,0.11213842779397964,0.08068422228097916,0.11721102893352509,0.09762970358133316,0.14646320044994354,0.10853885114192963,0.16906657814979553,0.11892052739858627,0.1859056055545807,0.12475042790174484,0.20000430941581726,0.12822479009628296,0.20848482847213745,0.12846288084983826,0.2105536162853241,0.13043981790542603,0.21340540051460266,0.13211464881896973,0.2098037600517273,0.12837189435958862,0.19827225804328918,0.14371904730796814,0.2147904336452484,0.14439557492733002,0.2045518010854721,0.994400143623352,0.10979050397872925,0.026767930015921593,p034_smile_front,15.723852118321739,63.854655727000846,0.1636090768139763
0.34123900532722473,0.35025498270988464,0.21892127394676208,0.22906146943569183,0.14044524729251862,0.15164025127887726,0.11068504303693771,0.12204913049936295,0.10211184620857239,0.12066300213336945,0.06260955333709717,0.0867505818605423,0.07190616428852081,0.09986218810081482,0.07459951192140579,0.1050812155008316,0.07656848430633545,0.10915403068065643,0.08152911067008972,0.11595647782087326,0.08732660114765167,0.12357514351606369,0.09485753625631332,0.13364699482917786,0.0993829146027565,0.13812842965126038,0.09670832008123398,0.13543608784675598,0.09543640166521072,0.13247449696063995,0.10654819011688232,0.14420367777347565,0.1007501557469368,0.14093269407749176,0.10069160908460617,0.140125572681427,0.09313441067934036,0.1288522481918335,0.10049691796302795,0.13956470787525177,0.12026122212409973,0.17412403225898743,0.12779812514781952,0.19010303914546967,0.13947658240795135,0.20724739134311676,0.14548611640930176,0.22130990028381348,0.15057425200939178,0.23183147609233856,0.14415650069713593,0.22387896478176117,0.14969654381275177,0.23159994184970856,0.14860790967941284,0.2282903641462326,0.1427353173494339,0.21239134669303894,0.15690995752811432,0.23038895428180695,0.16108228266239166,0.2234066277742386,0.958281934261322,0.12396744638681412,0.03169381991028786,p034_smile_left,14.990254141394061,63.12105775007317,0.17802758188069584
0.3497057259082794,0.3597322404384613,0.223388671875,0.23499612510204315,0.14424417912960052,0.1576678603887558,0.11287709325551987,0.126740962266922,0.08634811639785767,0.10555218160152435,0.06068363040685654,0.08743636310100555,0.06937359273433685,0.09909079968929291,0.07048917561769485,0.10211524367332458,0.07047585397958755,0.10283052176237106,0.0729125514626503,0.10769496113061905,0.08141089230775833,0.11838185042142868,0.09004057943820953,0.12859492003917694,0.09465044736862183,0.13291490077972412,0.08867994695901871,0.12467045336961746,0.08672003448009491,0.12152261286973953,0.087991863489151,0.12098691612482071,0.09151070564985275,0.12935398519039154,0.0918518528342247,0.12837237119674683,0.08810611069202423,0.12457755208015442,0.09131709486246109,0.1293623149394989,0.10958688706159592,0.15874412655830383,0.12165991216897964,0.18103817105293274,0.13161055743694305,0.1982441395521164,0.13760055601596832,0.21081672608852386,0.1408674418926239,0.2182336002588272,0.1431203931570053,0.22165580093860626,0.14592941105365753,0.22573018074035645,0.14312754571437836,0.2121426910161972,0.1469944417476654,0.21451295912265778,0.1535007208585739,0.21632909774780273,0.15827317535877228,0.2147831916809082,0.9895217418670654,0.11889965087175369,0.029673799872398376,p034_smile_right,15.276268366306487,63.40707197498559,0.17226084834459157
0.3356504738330841,0.34344810247421265,0.20964951813220978,0.21624410152435303,0.13374179601669312,0.1407373994588852,0.10363202542066574,0.10974297672510147,0.08088609576225281,0.09174282103776932,0.04602872207760811,0.06057131662964821,0.05199617147445679,0.06911589205265045,0.05170544236898422,0.07061318308115005,0.0499933660030365,0.07012823224067688,0.05175504460930824,0.07360264658927917,0.05689138546586037,0.08018258959054947,0.06272143125534058,0.08705439418554306,0.06579634547233582,0.0893111601471901,0.05943423509597778,0.08206605911254883,0.05712001398205757,0.0786600336432457,0.0638817697763443,0.0857478454709053,0.05842962488532066,0.08369245380163193,0.06001550331711769,0.08511141687631607,0.05478038266301155,0.0784316286444664,0.05874161422252655,0.0847041979432106,0.07322327047586441,0.11298974603414536,0.08086995780467987,0.13266251981258392,0.0892067551612854,0.14906594157218933,0.09350552409887314,0.16288109123706818,0.09617507457733154,0.17155513167381287,0.09651611000299454,0.17384609580039978,0.09948106110095978,0.17840173840522766,0.10490570217370987,0.17708446085453033,0.10641182959079742,0.17054398357868195,0.12222175300121307,0.18682800233364105,0.12752853333950043,0.18100076913833618,0.9942221641540527,0.090424083173275,0.019281189888715744,p035_neutral_front,17.148661682465864,65.27946529114496,0.13885672431940682
0.3384397029876709,0.346826434135437,0.2148970365524292,0.2225005179643631,0.13960283994674683,0.14791350066661835,0.11119530349969864,0.11907657980918884,0.09667868167161942,0.11088816076517105,0.05741244927048683,0.0732637494802475,0.06451941281557083,0.08315461874008179,0.06544681638479233,0.0864601656794548,0.06521705538034439,0.08852396160364151,0.06959515064954758,0.09378539770841599,0.07390336692333221,0.10082975775003433,0.07978712767362595,0.1096622571349144,0.08365868031978607,0.11339861154556274,0.08076007664203644,0.10910835862159729,0.07925420254468918,0.10600221902132034,0.08792449533939362,0.11563365906476974,0.0827026292681694,0.11219553649425507,0.08347007632255554,0.11298475414514542,0.07716054469347,0.1039796844124794,0.08379174768924713,0.114117331802845,0.10322225838899612,0.14753025770187378,0.11146512627601624,0.16515497863292694,0.12091927975416183,0.18157140910625458,0.12689217925071716,0.19609610736370087,0.13116872310638428,0.20628927648067474,0.12612685561180115,0.20130321383476257,0.13028331100940704,0.20724548399448395,0.13157302141189575,0.20565035939216614,0.12851481139659882,0.19126684963703156,0.14331898093223572,0.20981726050376892,0.14996637403964996,0.2028689831495285,0.9516717195510864,0.11093749105930328,0.025361279025673866,p035_neutral_left,15.958288478019275,64.08909208669839,0.15925224967225382
0.3407462239265442,0.3482978045940399,0.21388445794582367,0.22033868730068207,0.1376742273569107,0.14493930339813232,0.10731007903814316,0.11460842937231064,0.07986453920602798,0.09147712588310242,0.04937339574098587,0.06626386940479279,0.055498115718364716,0.07551739364862442,0.055467866361141205,0.07714784145355225,0.05433610826730728,0.07665245980024338,0.0559384748339653,0.08115745335817337,0.06279095262289047,0.09025639295578003,0.07001882046461105,0.09876187890768051,0.07353533059358597,0.10156091302633286,0.06644434481859207,0.09235825389623642,0.06422116607427597,0.08903823047876358,0.06654559820890427,0.09051641821861267,0.0657859519124031,0.09335595369338989,0.06664416193962097,0.09314015507698059,0.0631345734000206,0.09009704738855362,0.06647328287363052,0.09520744532346725,0.08209725469350815,0.12157043069601059,0.09244979918003082,0.1427881121635437,0.10292065143585205,0.16278040409088135,0.10858543962240219,0.1764073222875595,0.11229316145181656,0.18556535243988037,0.11513742059469223,0.19142378866672516,0.11905251443386078,0.19800910353660583,0.11930513381958008,0.18836960196495056,0.12617449462413788,0.19395747780799866,0.13475757837295532,0.19873584806919098,0.14211659133434296,0.19931961596012115,0.9941702485084534,0.09906434267759323,0.022085167467594147,p035_neutral_right,16.558993032212438,64.68979664089154,0.1486107918947818
0.33524230122566223,0.3428488075733185,0.20941826701164246,0.21554683148860931,0.13389818370342255,0.1405927985906601,0.10405998677015305,0.1098451316356659,0.08248543739318848,0.09322720766067505,0.04654111713171005,0.06028172746300697,0.052453238517045975,0.06886683404445648,0.05221352353692055,0.07044986635446548,0.05070514231920242,0.07043687999248505,0.05262639746069908,0.0743505135178566,0.0574636310338974,0.08055217564105988,0.06314827501773834,0.08714330196380615,0.06636694818735123,0.08963459730148315,0.060605622828006744,0.08311470597982407,0.05856501683592796,0.0801895409822464,0.06539112329483032,0.08878500014543533,0.06001387909054756,0.08540213853120804,0.0613880418241024,0.08661406487226486,0.055920541286468506,0.07959342002868652,0.0599009171128273,0.08592579513788223,0.07463767379522324,0.11382360011339188,0.0826091319322586,0.1332203894853592,0.09083358943462372,0.1493019163608551,0.09458556771278381,0.16157151758670807,0.09661900997161865,0.16902661323547363,0.09651000052690506,0.1701412945985794,0.09898893535137177,0.17337296903133392,0.1049860492348671,0.17256519198417664,0.10575778037309647,0.16397160291671753,0.12208743393421173,0.18084734678268433,0.12777434289455414,0.17508749663829803,0.9932406544685364,0.09109759330749512,0.01894572749733925,p035_smile_front,17.22488713586987,65.35569074454897,0.1376434796760793
0.33854153752326965,0.3471605181694031,0.21492959558963776,0.223018616437912,0.1398119479417801,0.14894194900989532,0.11185718327760696,0.12086126953363419,0.10077227652072906,0.11649605631828308,0.05985797941684723,0.07710953801870346,0.06734385341405869,0.08740115165710449,0.06878948956727982,0.09112760424613953,0.0692930594086647,0.09414694458246231,0.07497084885835648,0.10041993856430054,0.07895494252443314,0.10674232244491577,0.08459305018186569,0.11536525189876556,0.08874785155057907,0.11939766258001328,0.08660243451595306,0.1161087155342102,0.0856887698173523,0.11330035328865051,0.09810511022806168,0.12646646797657013,0.08953379839658737,0.11958421766757965,0.0895405188202858,0.11965934932231903,0.08310692012310028,0.10968703776597977,0.09096885472536087,0.1217915490269661,0.1102207824587822,0.15584580600261688,0.11785299330949783,0.1715225875377655,0.12883561849594116,0.1896032691001892,0.13350006937980652,0.20240360498428345,0.13724641501903534,0.21215398609638214,0.1305254101753235,0.2032427191734314,0.13498663902282715,0.21067261695861816,0.1353880912065506,0.20810174942016602,0.13218030333518982,0.1927720159292221,0.14679861068725586,0.21083632111549377,0.15497133135795593,0.20570124685764313,0.9382668137550354,0.11563524603843689,0.026680156588554382,p035_smile_left,15.738116258294943,63.86891986697404,0.16334061524481405
0.3426132798194885,0.3499653935432434,0.21607477962970734,0.22208213806152344,0.1399935632944107,0.14709457755088806,0.10993797332048416,0.11733195185661316,0.08231109380722046,0.09402521699666977,0.051440391689538956,0.06860920786857605,0.05730687081813812,0.0777144730091095,0.05749369412660599,0.07974858582019806,0.05671076476573944,0.07994581758975983,0.05818694829940796,0.08455606549978256,0.06490613520145416,0.09345876425504684,0.07207774370908737,0.1020028367638588,0.07582544535398483,0.1053532138466835,0.06939493864774704,0.09711748361587524,0.06740791350603104,0.09429201483726501,0.06929654628038406,0.0953611359000206,0.06898515671491623,0.09870943427085876,0.0697571262717247,0.09860200434923172,0.06644583493471146,0.09581010043621063,0.06964318454265594,0.10078413784503937,0.08484257757663727,0.12633487582206726,0.09482253342866898,0.1465512067079544,0.10479633510112762,0.16588953137397766,0.10980115830898285,0.1777155101299286,0.11296148598194122,0.18583540618419647,0.1157553419470787,0.190994992852211,0.11948240548372269,0.1970619559288025,0.11955048143863678,0.18649117648601532,0.12686742842197418,0.19316048920154572,0.13437160849571228,0.19598820805549622,0.14254984259605408,0.19849854707717896,0.9943748712539673,0.10103343427181244,0.022598160430788994,p035_smile_right,16.459269125018807,64.59007273369791,0.15032684534303575
0.3348741829395294,0.34215155243873596,0.20787715911865234,0.21372748911380768,0.131671741604805,0.13786527514457703,0.10124027729034424,0.10647381842136383,0.07680016756057739,0.08676441758871078,0.04630712419748306,0.06083209440112114,0.05389770120382309,0.07124463468790054,0.05398692935705185,0.07291365414857864,0.05224812403321266,0.0718970000743866,0.053772736340761185,0.0756692960858345,0.05985644459724426,0.08284670114517212,0.06586050987243652,0.08897555619478226,0.06785400211811066,0.08968928456306458,0.0598774291574955,0.08079273998737335,0.05663042142987251,0.07698072493076324,0.062011659145355225,0.08341960608959198,0.05809405446052551,0.08175139129161835,0.06014648824930191,0.08318491280078888,0.05548158660531044,0.07813280820846558,0.0597589910030365,0.08422146737575531,0.07573967427015305,0.11108613014221191,0.08526193350553513,0.13132557272911072,0.09536655247211456,0.1493508517742157,0.10115443915128708,0.1635047197341919,0.10497276484966278,0.17258869111537933,0.10655925422906876,0.17601445317268372,0.11034968495368958,0.18155261874198914,0.11468905210494995,0.17857109010219574,0.11502004414796829,0.17284023761749268,0.13056685030460358,0.18734946846961975,0.13210077583789825,0.17842413485050201,0.9914551973342896,0.09323535859584808,0.019229233264923096,p036_neutral_front,17.16038032217661,65.29118393085571,0.13866951094210686
0.3345608413219452,0.3434147536754608,0.21003663539886475,0.21851688623428345,0.1344623565673828,0.14404650032520294,0.10620792955160141,0.11594074219465256,0.09488345682621002,0.11144184321165085,0.0597652904689312,0.07730069011449814,0.06872088462114334,0.08915090560913086,0.0706649124622345,0.09392691403627396,0.07094665616750717,0.09743086993694305,0.07633481919765472,0.10390041768550873,0.08057975023984909,0.11034275591373444,0.08645191043615341,0.1186080053448677,0.08952300250530243,0.12135376781225204,0.08613227307796478,0.11762826144695282,0.08429809659719467,0.11453434079885483,0.09413859248161316,0.12728442251682281,0.08797576278448105,0.12136350572109222,0.08850252628326416,0.12131524085998535,0.08155305683612823,0.11138229817152023,0.08975850045681,0.1245511844754219,0.11071504652500153,0.1582501083612442,0.11887350678443909,0.17251507937908173,0.13046413660049438,0.19194865226745605,0.13675446808338165,0.20512229204177856,0.14212140440940857,0.21607252955436707,0.13663171231746674,0.2074388712644577,0.1429232954978943,0.21755759418010712,0.14462265372276306,0.2151118963956833,0.14100441336631775,0.2006438970565796,0.15602999925613403,0.21887442469596863,0.16067641973495483,0.21223251521587372,0.973020076751709,0.11666148155927658,0.027334561571478844,p036_neutral_left,15.632878875165046,63.76368248384415,0.16533167141077007
0.337088406085968,0.34451112151145935,0.20947600901126862,0.21561279892921448,0.13397939503192902,0.1411895900964737,0.10401841253042221,0.1113479733467102,0.07585916668176651,0.08809470385313034,0.04936884343624115,0.06809545308351517,0.057052094489336014,0.07944807410240173,0.05819549784064293,0.08281805366277695,0.057932429015636444,0.0833999365568161,0.05977501720190048,0.08844302594661713,0.0673896074295044,0.0985991507768631,0.07472097128629684,0.1073470339179039,0.07811751961708069,0.10992072522640228,0.07236073166131973,0.10174734145402908,0.07068786025047302,0.09907832741737366,0.07177601009607315,0.09957818686962128,0.07351836562156677,0.10556721687316895,0.07451239973306656,0.1052452027797699,0.07101478427648544,0.10214285552501678,0.07452648878097534,0.10802442580461502,0.09026394039392471,0.13523080945014954,0.10061284154653549,0.15635506808757782,0.10971159487962723,0.17402887344360352,0.11527892202138901,0.18675722181797028,0.11854439973831177,0.19502276182174683,0.12114960700273514,0.1994314044713974,0.1245625764131546,0.2049408107995987,0.12541693449020386,0.19446392357349396,0.13106825947761536,0.19845736026763916,0.14011935889720917,0.20223213732242584,0.1462172269821167,0.2020520269870758,0.9938797354698181,0.10305341333150864,0.023647509515285492,p036_neutral_right,16.262145911089352,64.39294951976845,0.15377746751486543
0.33679822087287903,0.3442832827568054,0.20937620103359222,0.2156648188829422,0.13278235495090485,0.13951332867145538,0.10214738547801971,0.10804657638072968,0.0768708884716034,0.0875735655426979,0.04679781571030617,0.062470488250255585,0.05417269840836525,0.07279505580663681,0.05441000312566757,0.0751020535826683,0.05283442139625549,0.07493963092565536,0.05381125211715698,0.07778910547494888,0.05994943901896477,0.08502426743507385,0.06646042317152023,0.09195934236049652,0.06883854418992996,0.09300805628299713,0.06177326291799545,0.08553744852542877,0.05853741616010666,0.08166982978582382,0.06150965765118599,0.08513885736465454,0.06017182394862175,0.08721160143613815,0.06227922439575195,0.08886313438415527,0.056498076766729355,0.08203299343585968,0.06056962162256241,0.08805134892463684,0.07777492702007294,0.11739645898342133,0.08698925375938416,0.13680191338062286,0.09560145437717438,0.1523047685623169,0.10228419303894043,0.1676659733057022,0.10661080479621887,0.1775265783071518,0.10726737976074219,0.1791110783815384,0.11118249595165253,0.18461811542510986,0.11651647835969925,0.18396705389022827,0.11501403152942657,0.17408552765846252,0.13203902542591095,0.19229818880558014,0.13281245529651642,0.1821100115776062,0.994576096534729,0.09422053396701813,0.020068945363163948,p036_smile_front,16.97475449385599,65.1055581025351,0.1416649051923727
0.33663803339004517,0.3454865515232086,0.2112310528755188,0.2197367548942566,0.13493786752223969,0.14463669061660767,0.10624603182077408,0.11609738320112228,0.09338017553091049,0.11025796830654144,0.05994092673063278,0.07741392403841019,0.06907761842012405,0.08954991400241852,0.07128040492534637,0.09442326426506042,0.07241374999284744,0.09836751222610474,0.07746107876300812,0.1048627644777298,0.08227942138910294,0.11188551783561707,0.08881939202547073,0.1207345649600029,0.09219375997781754,0.12388571351766586,0.08912836760282516,0.12041204422712326,0.08738770335912704,0.11739350110292435,0.09576427936553955,0.12902989983558655,0.09125417470932007,0.12435992807149887,0.09174805134534836,0.12436528503894806,0.08488345891237259,0.11459816992282867,0.09313950687646866,0.1277257204055786,0.1143917590379715,0.1620079129934311,0.1227797344326973,0.17688991129398346,0.13428746163845062,0.19622802734375,0.14092175662517548,0.20995274186134338,0.14664487540721893,0.22135457396507263,0.14108216762542725,0.2128552496433258,0.14747054874897003,0.2229367196559906,0.14884500205516815,0.22048571705818176,0.14508773386478424,0.2055649757385254,0.159303680062294,0.22353596985340118,0.16383500397205353,0.2167069911956787,0.9348648190498352,0.11916132271289825,0.028314661234617233,p036_smile_left,15.479886300401542,63.61068990908065,0.16826960876705346
0.33749619126319885,0.34477755427360535,0.20990508794784546,0.21572346985340118,0.13519474864006042,0.1418798863887787,0.10519006848335266,0.1117866039276123,0.07660278677940369,0.08762605488300323,0.049142107367515564,0.06667564064264297,0.056405484676361084,0.0774768739938736,0.05706539750099182,0.08038131147623062,0.056514620780944824,0.08075316250324249,0.05769098550081253,0.08495157212018967,0.06516949832439423,0.09468097984790802,0.07236320525407791,0.10316996276378632,0.07563197612762451,0.10560384392738342,0.06980752944946289,0.09737756103277206,0.06809195876121521,0.09457080811262131,0.06852850317955017,0.0944238007068634,0.07065987586975098,0.10063918679952621,0.0717746913433075,0.10062867403030396,0.06824944168329239,0.0974239781498909,0.07148430496454239,0.10302188992500305,0.08708509057760239,0.12977086007595062,0.09714375436306,0.15037207305431366,0.10561686009168625,0.16707025468349457,0.11097969859838486,0.17940929532051086,0.11385273933410645,0.18735423684120178,0.11609954386949539,0.19157156348228455,0.11932548135519028,0.196701779961586,0.12042045593261719,0.18687815964221954,0.12594740092754364,0.1901542842388153,0.1352478414773941,0.19451715052127838,0.14157210290431976,0.1941053420305252,0.994800865650177,0.100533626973629,0.0223341416567564,p036_smile_right,16.5103073362856,64.64111094496471,0.14944611623175894
0.33592626452445984,0.343131959438324,0.20855720341205597,0.21436947584152222,0.13341331481933594,0.14004720747470856,0.10472036898136139,0.11083778738975525,0.0855659693479538,0.09861006587743759,0.050910357385873795,0.06678348034620285,0.05788090080022812,0.07661110162734985,0.058092761784791946,0.07892065495252609,0.05734647810459137,0.07946870476007462,0.060925211757421494,0.0853394865989685,0.06591649353504181,0.09228602051734924,0.07190998643636703,0.09975472837686539,0.07650422304868698,0.10445015132427216,0.0745462104678154,0.10207312554121017,0.07538235932588577,0.10321661829948425,0.08343075960874557,0.11583969742059708,0.07967965304851532,0.11157170683145523,0.08128715306520462,0.11307836323976517,0.07794833183288574,0.10959175229072571,0.08106184750795364,0.11443711817264557,0.09298498183488846,0.1351717710494995,0.09994558244943619,0.14970718324184418,0.10770765691995621,0.16387152671813965,0.11289984732866287,0.17557267844676971,0.11647714674472809,0.18331049382686615,0.11695580929517746,0.1845005601644516,0.11974526941776276,0.18858714401721954,0.12442877143621445,0.18720902502536774,0.12264473736286163,0.17866456508636475,0.1402081400156021,0.1970692276954651,0.1432092785835266,0.1908959597349167,0.9924142360687256,0.1038220077753067,0.022390849888324738,p037_neutral_front,16.49929421615048,64.63009782482958,0.1496357239709981
0.34038788080215454,0.34871822595596313,0.21602381765842438,0.22384466230869293,0.14030015468597412,0.14911611378192902,0.11318373680114746,0.12197934091091156,0.10498160868883133,0.1206405982375145,0.0630708634853363,0.08212064206600189,0.07132997363805771,0.0932575911283493,0.0727970153093338,0.09710313379764557,0.0738021656870842,0.1010092943906784,0.07942347973585129,0.10725592076778412,0.08413273841142654,0.11415164917707443,0.0915498360991478,0.12435223162174225,0.09713961184024811,0.13017746806144714,0.09738798439502716,0.13122069835662842,0.09862031042575836,0.1320945769548416,0.1095026358962059,0.14534272253513336,0.1041499525308609,0.14090967178344727,0.10510632395744324,0.14196474850177765,0.09915448725223541,0.13343772292137146,0.1061272844672203,0.144784614443779,0.12268226593732834,0.1719665378332138,0.12729133665561676,0.17987264692783356,0.13813255727291107,0.1968892514705658,0.14459817111492157,0.20994146168231964,0.1505996733903885,0.2215900719165802,0.1441263109445572,0.21199344098567963,0.15107880532741547,0.2241816371679306,0.1504470705986023,0.22136139869689941,0.14726102352142334,0.2103756219148636,0.1627863049507141,0.22956152260303497,0.16952238976955414,0.2275332808494568,0.9803650379180908,0.12505997717380524,0.030227329581975937,p037_neutral_left,15.196002186521326,63.326805795200436,0.1738600862244579
0.3404991924762726,0.347896546125412,0.21157298982143402,0.21816100180149078,0.1338483989238739,0.14165924489498138,0.1030157133936882,0.11152315139770508,0.0771685242652893,0.09159200638532639,0.04866428300738335,0.07029134780168533,0.05669378489255905,0.08144483715295792,0.05768503621220589,0.08376047760248184,0.05813216790556908,0.08442825078964233,0.06189245358109474,0.0906311646103859,0.06981761753559113,0.10105876624584198,0.07780105620622635,0.11055358499288559,0.08261214196681976,0.11529907584190369,0.07837876677513123,0.10986926406621933,0.07876741141080856,0.11021943390369415,0.08340239524841309,0.1149774119257927,0.08275905251502991,0.11762681603431702,0.0838593915104866,0.11756023019552231,0.082998126745224,0.11880385130643845,0.08516965061426163,0.12211392819881439,0.09662462770938873,0.14019890129566193,0.10539890080690384,0.15632617473602295,0.1170446053147316,0.17540422081947327,0.12348391115665436,0.18783991038799286,0.1284874975681305,0.1970568597316742,0.13271035254001617,0.2031393200159073,0.13749362528324127,0.21116195619106293,0.1364918351173401,0.1999848335981369,0.14362207055091858,0.20817233622074127,0.15178745985031128,0.2121788114309311,0.15727382898330688,0.21374361217021942,0.991046130657196,0.10921962559223175,0.025262024253606796,p037_neutral_right,15.975318522387917,64.10612213106702,0.15894031663994757
0.33495986461639404,0.3420814275741577,0.2075471729040146,0.21329519152641296,0.13262119889259338,0.13925717771053314,0.10376080870628357,0.10996954888105392,0.0834151953458786,0.09644880890846252,0.049505479633808136,0.06557624787092209,0.056306105107069016,0.0752769336104393,0.056458886712789536,0.07662337273359299,0.05567274987697601,0.07684876024723053,0.059264425188302994,0.08269809186458588,0.06430122256278992,0.08914665877819061,0.06998738646507263,0.09589127451181412,0.07399260997772217,0.09971199929714203,0.07055845856666565,0.09614638239145279,0.07098053395748138,0.09709012508392334,0.08067180216312408,0.11088015139102936,0.07485751062631607,0.10482283681631088,0.07614006847143173,0.1055329293012619,0.07316815108060837,0.10302674770355225,0.07626651972532272,0.10741725564002991,0.08743120729923248,0.12594294548034668,0.09470507502555847,0.14091548323631287,0.10381579399108887,0.15651322901248932,0.1081538200378418,0.16735154390335083,0.11118659377098083,0.1745794415473938,0.11249677836894989,0.17752952873706818,0.11520877480506897,0.18166178464889526,0.1190209612250328,0.17891567945480347,0.11930108070373535,0.17367057502269745,0.13504277169704437,0.18901239335536957,0.13899929821491241,0.184019073843956,0.9919559359550476,0.10051988810300827,0.020959146320819855,p037_smile_front,16.786264104148163,64.91706771282726,0.1447727402545792
0.3415217697620392,0.34983062744140625,0.21696534752845764,0.2247779369354248,0.1408781111240387,0.14984148740768433,0.11337630450725555,0.12241264432668686,0.10521902143955231,0.12160202115774155,0.0638871118426323,0.08317547291517258,0.07254558056592941,0.09468941390514374,0.07446208596229553,0.09873808175325394,0.07601668685674667,0.10273738950490952,0.08187926560640335,0.10933376103639603,0.08681271225214005,0.1163068637251854,0.09422478824853897,0.12650839984416962,0.09983688592910767,0.13236334919929504,0.1002444177865982,0.1333862841129303,0.1014641597867012,0.1341438740491867,0.11253809928894043,0.1474267542362213,0.10702777653932571,0.14280669391155243,0.10769414901733398,0.14360833168029785,0.10173354297876358,0.13505281507968903,0.10878469049930573,0.14626820385456085,0.1254865527153015,0.17338989675045013,0.1304851770401001,0.1816953867673874,0.14166875183582306,0.19896084070205688,0.14811278879642487,0.21188855171203613,0.15409205853939056,0.223372220993042,0.1472860872745514,0.21337923407554626,0.15425290167331696,0.22536249458789825,0.153091698884964,0.22179202735424042,0.14976203441619873,0.2109004110097885,0.16486138105392456,0.22936241328716278,0.1720157414674759,0.2280072718858719,0.9684842228889465,0.12736795842647552,0.030670294538140297,p037_smile_left,15.132820533075432,63.26362414175453,0.17512936515085156
0.34202030301094055,0.3492484986782074,0.21318936347961426,0.2193644642829895,0.13528519868850708,0.1425819844007492,0.10456328839063644,0.11229787766933441,0.07848382741212845,0.09158894419670105,0.04877615347504616,0.06914839893579483,0.05644188076257706,0.07955422252416611,0.056935302913188934,0.08153419941663742,0.05667414143681526,0.08141583204269409,0.05994931235909462,0.08719085156917572,0.06751476228237152,0.0967150405049324,0.07513464987277985,0.10563921183347702,0.07949525862932205,0.10985418409109116,0.07470453530550003,0.10366559773683548,0.07473151385784149,0.10373057425022125,0.0794081762433052,0.10896645486354828,0.07868224382400513,0.11083799600601196,0.0798618346452713,0.11099494993686676,0.0787442997097969,0.1116010844707489,0.08098451048135757,0.11494380235671997,0.09298282116651535,0.13343341648578644,0.10199853777885437,0.1497223824262619,0.11365604400634766,0.1690482199192047,0.12006064504384995,0.1813371330499649,0.12497350573539734,0.1904575228691101,0.12918217480182648,0.1966044157743454,0.1339026838541031,0.2046925276517868,0.13290327787399292,0.19367508590221405,0.13977761566638947,0.2013292908668518,0.14786817133426666,0.20534275472164154,0.15294332802295685,0.20621705055236816,0.9922776818275452,0.1068485677242279,0.02392897754907608,p037_smile_right,16.210758577710525,64.34156218638962,0.15468994003837508
0.33277618885040283,0.3398483097553253,0.20761901140213013,0.21248097717761993,0.13717696070671082,0.14260366559028625,0.11014818400144577,0.11473730206489563,0.0866663008928299,0.09631092846393585,0.04896073788404465,0.05964619293808937,0.05211285501718521,0.06429985165596008,0.0497654490172863,0.06299076229333878,0.04614730924367905,0.06013048440217972,0.04600124806165695,0.06249029561877251,0.048919353634119034,0.06550776958465576,0.0528060607612133,0.06921109557151794,0.05557221174240112,0.0716220960021019,0.05083812028169632,0.06750669330358505,0.05138469114899635,0.0686424970626831,0.0616985522210598,0.08299022167921066,0.053168885409832,0.07383449375629425,0.05504621937870979,0.07566451281309128,0.052716996520757675,0.0738610327243805,0.05551163852214813,0.07723944634199142,0.06156786158680916,0.08893519639968872,0.0641302838921547,0.09737501293420792,0.07070542126893997,0.10802335292100906,0.07155541330575943,0.11549413204193115,0.07198141515254974,0.12129656970500946,0.07191253453493118,0.12385548651218414,0.07487036287784576,0.12860047817230225,0.0794910117983818,0.12824800610542297,0.08246780186891556,0.12542298436164856,0.0973171666264534,0.13995756208896637,0.10453108698129654,0.13923057913780212,0.9966381788253784,0.08083043992519379,0.014062118716537952,p038_neutral_front,18.51949239943567,66.65029600811478,0.11858380461318464
0.33026179671287537,0.33780714869499207,0.20774604380130768,0.21300151944160461,0.13798359036445618,0.14418897032737732,0.11272428929805756,0.11836722493171692,0.10169191658496857,0.11613500863313675,0.05491100996732712,0.06652723252773285,0.05959038436412811,0.07234116643667221,0.057537466287612915,0.0710192397236824,0.05414482206106186,0.0682791918516159,0.058592308312654495,0.07505394518375397,0.059887174516916275,0.07604257017374039,0.06170324981212616,0.07798469066619873,0.06428007781505585,0.08044733107089996,0.0593174509704113,0.07682279497385025,0.0602387860417366,0.07820066064596176,0.08286642283201218,0.1068025529384613,0.06233295425772667,0.08318113535642624,0.06271485239267349,0.08364786207675934,0.059568747878074646,0.08003556728363037,0.065022312104702,0.08685480058193207,0.070831298828125,0.09922568500041962,0.07163741439580917,0.10468091070652008,0.08125980198383331,0.11727375537157059,0.08027445524930954,0.12332908809185028,0.08058729022741318,0.12965233623981476,0.07704926282167435,0.12662824988365173,0.0805572047829628,0.13293783366680145,0.08143682032823563,0.1331424117088318,0.0817338228225708,0.12430780380964279,0.09527327120304108,0.14081425964832306,0.10479024052619934,0.13856039941310883,0.9883110523223877,0.08769980072975159,0.0153230931609869,p038_neutral_left,18.146535579962524,66.27733918864163,0.12378648214157675
0.3323115110397339,0.339327871799469,0.2057114541530609,0.21022823452949524,0.13516685366630554,0.14024072885513306,0.10788509994745255,0.11199435591697693,0.07975883781909943,0.08613003045320511,0.04587678238749504,0.057081982493400574,0.04920261725783348,0.06282699108123779,0.04727284610271454,0.062429409474134445,0.04467612877488136,0.060838986188173294,0.043872132897377014,0.06233251839876175,0.048609863966703415,0.06853899359703064,0.054006703197956085,0.07481587678194046,0.057573381811380386,0.0783599466085434,0.053783539682626724,0.07470067590475082,0.054524775594472885,0.0760180652141571,0.05884402245283127,0.08047723770141602,0.05676015466451645,0.08240941166877747,0.05868811905384064,0.0839524045586586,0.057196687906980515,0.0841999426484108,0.059039484709501266,0.08720021694898605,0.06549075990915298,0.10016348212957382,0.06917323917150497,0.11094950139522552,0.07529573887586594,0.12296856939792633,0.0775480642914772,0.1316344439983368,0.07886148244142532,0.13833487033843994,0.08017042279243469,0.1429002732038498,0.08331865072250366,0.14890441298484802,0.08548808842897415,0.14242085814476013,0.09202522784471512,0.1474638432264328,0.10208424925804138,0.15233565866947174,0.11132565885782242,0.15585246682167053,0.9948010444641113,0.08296287804841995,0.015706079080700874,p038_neutral_right,18.039322201890858,66.17012581056996,0.12532389668654928
0.33257248997688293,0.3396454155445099,0.20760619640350342,0.21243077516555786,0.13713711500167847,0.14258135855197906,0.1100737452507019,0.11477918177843094,0.08758445084095001,0.0979292169213295,0.04901697114109993,0.05974361672997475,0.05217849463224411,0.06444713473320007,0.049766506999731064,0.06308348476886749,0.04629451408982277,0.060358189046382904,0.04668518528342247,0.06329863518476486,0.04948614165186882,0.06612863391637802,0.05321088805794716,0.06961661577224731,0.05603901669383049,0.0721273124217987,0.05133556202054024,0.06801190227270126,0.05181395262479782,0.0690087229013443,0.06318428367376328,0.08510211855173111,0.053743306547403336,0.07439952343702316,0.055280670523643494,0.07581782341003418,0.05256393551826477,0.07321009784936905,0.05576545372605324,0.0771150216460228,0.06239652633666992,0.08978565782308578,0.06518828868865967,0.09856794029474258,0.07212037593126297,0.10946453362703323,0.07279574871063232,0.11669982969760895,0.07321064174175262,0.12244801968336105,0.07301277667284012,0.1244945153594017,0.07597620785236359,0.12892262637615204,0.08079858869314194,0.12864796817302704,0.08340831845998764,0.12461459636688232,0.09854484349489212,0.13944770395755768,0.10599148273468018,0.13834643363952637,0.9964597225189209,0.08145036548376083,0.01412732619792223,p038_smile_front,18.499400269249588,66.6302038779287,0.11885842922536975
0.3326760232448578,0.3399767279624939,0.20899468660354614,0.21390283107757568,0.13892115652561188,0.1447141319513321,0.11280631273984909,0.11806768923997879,0.09847203642129898,0.11248563975095749,0.053299322724342346,0.06450120359659195,0.0575590580701828,0.07002738863229752,0.05553353205323219,0.06883502751588821,0.05217602103948593,0.06607114523649216,0.05573003739118576,0.07239746302366257,0.05745058134198189,0.0738692581653595,0.05979296937584877,0.07613455504179001,0.062497545033693314,0.078706294298172,0.05763925984501839,0.07485911250114441,0.058305222541093826,0.07593553513288498,0.07804896682500839,0.1023569107055664,0.060448456555604935,0.08116630464792252,0.06077516824007034,0.08147386461496353,0.057461611926555634,0.077599436044693,0.06249329075217247,0.08401733636856079,0.0687713474035263,0.09693785756826401,0.07017884403467178,0.10339055955410004,0.07925666123628616,0.11572772264480591,0.07865135371685028,0.12177388370037079,0.07900603860616684,0.12765133380889893,0.07615017890930176,0.12534408271312714,0.07973254472017288,0.13084085285663605,0.08164308220148087,0.13029950857162476,0.08216207474470139,0.12227898836135864,0.09606167674064636,0.1379120945930481,0.10516627877950668,0.1361808031797409,0.9874817132949829,0.08638755232095718,0.014999332837760448,p038_smile_left,18.239280576991803,66.3700841856709,0.12247176343043505
0.33287888765335083,0.339828759431839,0.2059730440378189,0.21042191982269287,0.1355341523885727,0.14045915007591248,0.10797746479511261,0.11182551831007004,0.07954348623752594,0.08545036613941193,0.04585644602775574,0.05619730427861214,0.04895785450935364,0.061664700508117676,0.04672680422663689,0.06101098284125328,0.04364215210080147,0.059211838990449905,0.04239548370242119,0.06023361161351204,0.04704613611102104,0.06610727310180664,0.052478816360235214,0.0723126232624054,0.05584431439638138,0.07563108205795288,0.05158071592450142,0.07167235016822815,0.05201048031449318,0.07263878732919693,0.055715370923280716,0.07636039704084396,0.053980130702257156,0.07873265445232391,0.05603758990764618,0.08037082105875015,0.054180290549993515,0.07985635101795197,0.05607914924621582,0.08249711990356445,0.063283272087574,0.09586357325315475,0.06728246808052063,0.10668317973613739,0.07321397960186005,0.11812537163496017,0.07557334005832672,0.12682084739208221,0.07686813920736313,0.1334022879600525,0.07816092669963837,0.1376773715019226,0.08147913217544556,0.14347755908966064,0.08420069515705109,0.13734164834022522,0.09073691070079803,0.14168047904968262,0.10121419280767441,0.1471651941537857,0.11020176112651825,0.15027791261672974,0.9967520833015442,0.08151528239250183,0.015032416209578514,p038_smile_right,18.229712082254604,66.36051569093371,0.12260675433914117
0.3395630121231079,0.34686344861984253,0.21319596469402313,0.21883757412433624,0.13773754239082336,0.14380836486816406,0.10803218185901642,0.1132388636469841,0.08508651703596115,0.09536252170801163,0.049999434500932693,0.06275947391986847,0.055959902703762054,0.07100625336170197,0.0551438145339489,0.07159116119146347,0.05286159738898277,0.07005646824836731,0.05454767495393753,0.0735386461019516,0.059143874794244766,0.07874714583158493,0.0644383653998375,0.0842951312661171,0.06694356352090836,0.08575233817100525,0.0598415806889534,0.07782548666000366,0.05750571936368942,0.07476642727851868,0.06652985513210297,0.08518455922603607,0.059429656714200974,0.07980895787477493,0.06096615269780159,0.08117243647575378,0.055948738008737564,0.07550711184740067,0.06028508394956589,0.0813184455037117,0.07432983070611954,0.10620938241481781,0.08154422789812088,0.12318465858697891,0.09117409586906433,0.13872554898262024,0.09606786072254181,0.15215997397899628,0.09949734807014465,0.16149432957172394,0.09984621405601501,0.16458946466445923,0.10388743132352829,0.17082668840885162,0.1065567135810852,0.17054657638072968,0.10641606897115707,0.16337798535823822,0.12301594018936157,0.1811441332101822,0.12717893719673157,0.17446772754192352,0.9936501979827881,0.09267383813858032,0.01840929687023163,p039_neutral_front,17.3496279874259,65.480431596105,0.13568086405323201
0.3375319838523865,0.3456641435623169,0.2133786529302597,0.22030673921108246,0.13918741047382355,0.1469060480594635,0.11172135919332504,0.11913464218378067,0.09986462444067001,0.1152205690741539,0.0582667775452137,0.07278469949960709,0.06511884182691574,0.08170811086893082,0.06508683413267136,0.08337094634771347,0.06374198943376541,0.08400730043649673,0.06925877183675766,0.09066596627235413,0.07233952730894089,0.09512060880661011,0.076193667948246,0.10134827345609665,0.07910817116498947,0.10426734387874603,0.07437790930271149,0.09978503733873367,0.07308994233608246,0.09744004905223846,0.09052851796150208,0.11614704877138138,0.07634319365024567,0.10394300520420074,0.0766403079032898,0.10404346138238907,0.07064187526702881,0.09576765447854996,0.07788068801164627,0.10689468681812286,0.09375420957803726,0.13510169088840485,0.09951181709766388,0.1477663218975067,0.11053242534399033,0.16509118676185608,0.11487890779972076,0.17803838849067688,0.11906082183122635,0.18918071687221527,0.11467809975147247,0.1837027370929718,0.11997488141059875,0.1933770477771759,0.12087120115756989,0.1924297958612442,0.11780129373073578,0.1791032999753952,0.13199858367443085,0.19719217717647552,0.13749711215496063,0.19039075076580048,0.979628324508667,0.10551701486110687,0.022811152040958405,p039_neutral_left,16.418527808173064,64.54933141685217,0.1510336122886505
0.33882009983062744,0.3460520803928375,0.21187371015548706,0.21721994876861572,0.13827422261238098,0.14442457258701324,0.10932396352291107,0.11515328288078308,0.08043019473552704,0.08979672938585281,0.050004106014966965,0.06560201197862625,0.05565396696329117,0.07449959218502045,0.05558723211288452,0.07653055340051651,0.054839614778757095,0.07713396102190018,0.055795591324567795,0.08088122308254242,0.06248481944203377,0.08963636308908463,0.06961653381586075,0.09827936440706253,0.0738857090473175,0.10239715129137039,0.0694442018866539,0.09635627269744873,0.06892073154449463,0.09499826282262802,0.07035131752490997,0.09567553550004959,0.07233714312314987,0.10197675228118896,0.07357191294431686,0.10249462723731995,0.07044656574726105,0.09981201589107513,0.07294853031635284,0.1048455759882927,0.08605360984802246,0.12856559455394745,0.0937977284193039,0.14584384858608246,0.10101030766963959,0.16069874167442322,0.10546097159385681,0.17180243134498596,0.10773991048336029,0.1791149377822876,0.10913268476724625,0.18333059549331665,0.11171606183052063,0.18860989809036255,0.11139881610870361,0.17911143600940704,0.11649638414382935,0.18256695568561554,0.12508364021778107,0.18620556592941284,0.13279059529304504,0.18747982382774353,0.9940652847290039,0.0985698476433754,0.02146289125084877,p039_neutral_right,16.68311774927781,64.81392135795691,0.1465021885531024
0.33787205815315247,0.3449726700782776,0.2109018713235855,0.21614216268062592,0.1356964111328125,0.14146588742733002,0.10593629628419876,0.11077915877103806,0.0802784338593483,0.08924549072980881,0.046757571399211884,0.059628672897815704,0.05245000869035721,0.06766010820865631,0.051679328083992004,0.06835871934890747,0.049619000405073166,0.06726272404193878,0.05038856714963913,0.06998355686664581,0.055561911314725876,0.07589147239923477,0.06152038276195526,0.0818956196308136,0.06436634808778763,0.08363042771816254,0.05722198262810707,0.07558557391166687,0.05480474978685379,0.07236918807029724,0.061162177473306656,0.07943116873502731,0.05612494423985481,0.07684504240751266,0.05747189372777939,0.07759491354227066,0.05220073461532593,0.07187519967556,0.055493053048849106,0.07644852995872498,0.06855932623147964,0.10010964423418045,0.07535450160503387,0.11729272454977036,0.08399767428636551,0.13177134096622467,0.08835884928703308,0.14448273181915283,0.09111814200878143,0.15296711027622223,0.09164627641439438,0.1564675122499466,0.09500094503164291,0.16150778532028198,0.09701228886842728,0.15949653089046478,0.09811533242464066,0.1539212465286255,0.11356368660926819,0.1686987578868866,0.11885537952184677,0.163176491856575,0.9934107065200806,0.08771872520446777,0.017045803368091583,p039_smile_front,17.683825256696338,65.81462886537544,0.13055957784893296
0.3396153748035431,0.34755322337150574,0.21452155709266663,0.2211742401123047,0.13936622440814972,0.1468012034893036,0.1107320711016655,0.11770131438970566,0.09341643750667572,0.10774494707584381,0.0552908331155777,0.06987506151199341,0.06200619041919708,0.07880755513906479,0.062028903514146805,0.08045961707830429,0.060641635209321976,0.08066131919622421,0.06432124972343445,0.08582722395658493,0.06829366087913513,0.09075707942247391,0.07316572219133377,0.09701701998710632,0.07616598159074783,0.09948627650737762,0.07070062309503555,0.09408344328403473,0.06891077011823654,0.09156272560358047,0.081601582467556,0.10622163861989975,0.07154925912618637,0.09746474027633667,0.0722004696726799,0.09786363691091537,0.06617291271686554,0.09032820910215378,0.07215041667222977,0.09940817952156067,0.0873154029250145,0.1259242594242096,0.09303904324769974,0.13937336206436157,0.1035333201289177,0.15580378472805023,0.10825464874505997,0.16902267932891846,0.11233458667993546,0.1796550750732422,0.10883434116840363,0.17665675282478333,0.11394745856523514,0.18497474491596222,0.11525067687034607,0.18380308151245117,0.11290057748556137,0.17248061299324036,0.1278000921010971,0.18991617858409882,0.1325792819261551,0.18338796496391296,0.914995551109314,0.1012517511844635,0.021312875673174858,p039_smile_left,16.7135794846817,64.8443830933608,0.14598929985849943
0.3404132127761841,0.34764018654823303,0.21305808424949646,0.21848993003368378,0.13870279490947723,0.14485588669776917,0.10936280339956284,0.11512914299964905,0.08048581331968307,0.08995934575796127,0.04993850365281105,0.06555352360010147,0.05578190088272095,0.0747196152806282,0.055709049105644226,0.0768742486834526,0.05484035238623619,0.07733915001153946,0.055915188044309616,0.08137498050928116,0.06265871226787567,0.09016424417495728,0.0698084905743599,0.09880145639181137,0.0739651471376419,0.10272087156772614,0.06928709149360657,0.09629116952419281,0.06859491020441055,0.09472230076789856,0.07071627676486969,0.09633588045835495,0.07186507433652878,0.1017637848854065,0.07300078123807907,0.10208838433027267,0.06968985497951508,0.0991140604019165,0.07249251753091812,0.10439910739660263,0.0858575850725174,0.12876908481121063,0.09388019889593124,0.14676247537136078,0.10171874612569809,0.16281941533088684,0.10611625015735626,0.1742607206106186,0.1084655150771141,0.18192294239997864,0.10982424765825272,0.18625518679618835,0.1127173900604248,0.1918882578611374,0.11265414208173752,0.18196842074394226,0.11806564033031464,0.185772106051445,0.1277485191822052,0.18954399228096008,0.135701522231102,0.1908174753189087,0.995611310005188,0.09901077300310135,0.021845951676368713,p039_smile_right,16.606290313484212,64.73709392216333,0.14780376069765178
0.339721143245697,0.3476540148258209,0.21451282501220703,0.22211097180843353,0.13625094294548035,0.14432686567306519,0.10555856674909592,0.11313532292842865,0.08624333143234253,0.1010063886642456,0.052653320133686066,0.07320220023393631,0.060702767223119736,0.08601731061935425,0.06176129728555679,0.08984016627073288,0.061936549842357635,0.09125107526779175,0.06436485797166824,0.09694851189851761,0.07028539478778839,0.10446891188621521,0.07662460952997208,0.11131921410560608,0.07968717068433762,0.11311125010251999,0.07497728615999222,0.10752934962511063,0.07378312200307846,0.10545078665018082,0.08019907027482986,0.11473453789949417,0.07883700728416443,0.1156531572341919,0.08025729656219482,0.11665669083595276,0.07444459944963455,0.10851874202489853,0.07861295342445374,0.11532364040613174,0.09463455528020859,0.14570951461791992,0.10254035890102386,0.16434034705162048,0.11024796962738037,0.17837442457675934,0.11487596482038498,0.1908091902732849,0.1177094429731369,0.1984381377696991,0.11704742908477783,0.1983010172843933,0.12063763290643692,0.2027558535337448,0.12568646669387817,0.20264998078346252,0.12325675040483475,0.19130945205688477,0.14092938601970673,0.21103160083293915,0.14294826984405518,0.2020989954471588,0.9929824471473694,0.10523034632205963,0.02505171112716198,p040_neutral_front,16.0116260481852,64.1424296568643,0.1582773234773762
0.34279289841651917,0.35177573561668396,0.21960744261741638,0.22885023057460785,0.1410750299692154,0.15125177800655365,0.1115899309515953,0.1218259409070015,0.10391989350318909,0.12106490880250931,0.06348153203725815,0.08620961010456085,0.07359521090984344,0.10096903145313263,0.07724284380674362,0.10727379471063614,0.08068637549877167,0.112510547041893,0.08616112917661667,0.12014111876487732,0.09240379929542542,0.12814322113990784,0.0999179407954216,0.1379319131374359,0.10444297641515732,0.14196869730949402,0.10335103422403336,0.14025312662124634,0.10352403670549393,0.1387581080198288,0.11340783536434174,0.15007872879505157,0.11037569493055344,0.14898036420345306,0.11071477830410004,0.14936533570289612,0.10368246585130692,0.13832612335681915,0.11174308508634567,0.15079347789287567,0.13213379681110382,0.1870875358581543,0.13909494876861572,0.20196861028671265,0.14967910945415497,0.21884536743164062,0.1551448255777359,0.23203222453594208,0.16003616154193878,0.24244588613510132,0.15316864848136902,0.23305337131023407,0.1595851480960846,0.24250216782093048,0.15912674367427826,0.24039842188358307,0.1555834859609604,0.22585363686084747,0.17010068893432617,0.24452902376651764,0.17715927958488464,0.2399720996618271,0.9788477420806885,0.13111861050128937,0.034323204308748245,p040_neutral_left,14.644121745340758,62.774925354019864,0.18526522692817518
0.342516154050827,0.3502463102340698,0.21499766409397125,0.2224159687757492,0.1350933313369751,0.14347314834594727,0.1030464619398117,0.11186289042234421,0.07673835754394531,0.09150877594947815,0.05134554207324982,0.07233518362045288,0.06039363518357277,0.08573104441165924,0.0620599202811718,0.08905040472745895,0.062468454241752625,0.08964871615171432,0.06598055362701416,0.0960836261510849,0.07417016476392746,0.10666654258966446,0.08168333023786545,0.1152523085474968,0.08536091446876526,0.11786264926195145,0.0796973779797554,0.10987947881221771,0.07877552509307861,0.10837734490633011,0.08192869275808334,0.11122119426727295,0.08277429640293121,0.11574296653270721,0.08336065709590912,0.11545611172914505,0.08109205961227417,0.11358469724655151,0.08500004559755325,0.11914017796516418,0.1013575941324234,0.14538976550102234,0.11247479170560837,0.16634288430213928,0.12284425646066666,0.1848761886358261,0.12854567170143127,0.19718505442142487,0.1322801262140274,0.20494674146175385,0.13579989969730377,0.20966355502605438,0.1395604908466339,0.21582040190696716,0.13819923996925354,0.20441816747188568,0.1438656896352768,0.20938141644001007,0.1511162966489792,0.21233394742012024,0.15561646223068237,0.21024592220783234,0.9913983941078186,0.11131419241428375,0.026138802990317345,p040_neutral_right,15.82714304536767,63.95794665404678,0.16167499185191675
0.34033268690109253,0.34811916947364807,0.21421761810779572,0.22165317833423615,0.13593506813049316,0.14392228424549103,0.10473519563674927,0.11207370460033417,0.0815025120973587,0.09533451497554779,0.05062427371740341,0.07075358182191849,0.058615341782569885,0.08326403051614761,0.05906292423605919,0.08607982844114304,0.058198995888233185,0.08619069308042526,0.060134485363960266,0.0910608246922493,0.06591568142175674,0.09812862426042557,0.07163131237030029,0.10363555699586868,0.07385820150375366,0.10385221242904663,0.06681248545646667,0.09500783681869507,0.06456530094146729,0.09153067320585251,0.07113869488239288,0.09946789592504501,0.06861449778079987,0.1000317931175232,0.0700283944606781,0.10081317275762558,0.06500590592622757,0.09414868801832199,0.06890586018562317,0.09992580860853195,0.08423434942960739,0.12827971577644348,0.09368039667606354,0.14958947896957397,0.1030120849609375,0.1658513993024826,0.10777267813682556,0.17824004590511322,0.11046634614467621,0.18565726280212402,0.11124246567487717,0.18821418285369873,0.11489741504192352,0.19290702044963837,0.11821086704730988,0.19053015112876892,0.11844223737716675,0.1842237263917923,0.13364222645759583,0.19985362887382507,0.13554391264915466,0.1919972151517868,0.9904325604438782,0.0993947684764862,0.02252381667494774,p040_smile_front,16.473580161109346,64.60438376978846,0.15007936791893728
0.342618852853775,0.35164210200309753,0.21940283477306366,0.22881768643856049,0.1404520720243454,0.1509864181280136,0.11084682494401932,0.12149764597415924,0.10291007161140442,0.12064588069915771,0.0635126382112503,0.08631711453199387,0.0736386701464653,0.10112959146499634,0.07745140045881271,0.10764095187187195,0.08103390783071518,0.11294998228549957,0.0864710733294487,0.1206119954586029,0.0926542729139328,0.1284928321838379,0.10005705058574677,0.13792115449905396,0.10442813485860825,0.1416429728269577,0.10298365354537964,0.13929198682308197,0.10280841588973999,0.13730189204216003,0.1125759705901146,0.14890015125274658,0.10943674296140671,0.14703331887722015,0.10961662977933884,0.1472162902355194,0.10263637453317642,0.13630804419517517,0.11086958646774292,0.14869700372219086,0.1312755048274994,0.18496836721897125,0.13852038979530334,0.20083214342594147,0.14964380860328674,0.21833547949790955,0.15494684875011444,0.23135992884635925,0.15976738929748535,0.24164257943630219,0.15277378261089325,0.23228049278259277,0.15922994911670685,0.24138182401657104,0.1583351194858551,0.2387804388999939,0.15500473976135254,0.2243848443031311,0.16886316239833832,0.2422845959663391,0.17596179246902466,0.23777523636817932,0.9810910224914551,0.13067284226417542,0.03399696201086044,p040_smile_left,14.685598900420985,62.81640250910009,0.18438265105714377
0.34320515394210815,0.3508678078651428,0.21581320464611053,0.22292102873325348,0.136099711060524,0.1441374123096466,0.10432028770446777,0.1126304641366005,0.07801975309848785,0.09203968197107315,0.051525507122278214,0.07195498794317245,0.0603683702647686,0.0851733386516571,0.06179166957736015,0.08845165371894836,0.061783187091350555,0.08882097899913788,0.06496188789606094,0.09490150213241577,0.0728554055094719,0.10489485412836075,0.07999053597450256,0.11286415904760361,0.08323293924331665,0.11474702507257462,0.07671736925840378,0.10563680529594421,0.07500799000263214,0.10310124605894089,0.07814790308475494,0.10588344931602478,0.07872599363327026,0.10987056791782379,0.07935109734535217,0.10961978137493134,0.07668133080005646,0.10711268335580826,0.08085975795984268,0.11281413584947586,0.09774304181337357,0.13984304666519165,0.10939967632293701,0.1619478315114975,0.12025719881057739,0.1814512014389038,0.12593476474285126,0.19371087849140167,0.12927363812923431,0.20148678123950958,0.13255110383033752,0.20618309080600739,0.1363847404718399,0.21240723133087158,0.1351027488708496,0.201074481010437,0.14083294570446014,0.20591242611408234,0.1483394354581833,0.20908930897712708,0.15300534665584564,0.20711475610733032,0.9925197958946228,0.10931817442178726,0.02532224729657173,p040_smile_right,15.96497754215877,64.09578115083788,0.15912965561632983
0.289659321308136,0.29752978682518005,0.19138666987419128,0.19750860333442688,0.12624098360538483,0.13297775387763977,0.09538699686527252,0.10191509127616882,0.06879507750272751,0.08123668283224106,0.05070645734667778,0.0642009750008583,0.051402051001787186,0.06661052256822586,0.04757315292954445,0.06379976123571396,0.04427357763051987,0.060990478843450546,0.046605098992586136,0.06616026908159256,0.0507182814180851,0.07181036472320557,0.054491061717271805,0.07463444769382477,0.056441210210323334,0.07711632549762726,0.05477967858314514,0.07529599964618683,0.05116821825504303,0.07175662368535995,0.06129176914691925,0.08640719205141068,0.053786750882864,0.07832486927509308,0.053808752447366714,0.07855502516031265,0.052119482308626175,0.07672319561243057,0.05419175326824188,0.08000840991735458,0.06220518797636032,0.0968945249915123,0.06947411596775055,0.11465461552143097,0.07341061532497406,0.12269307672977448,0.07697923481464386,0.13451799750328064,0.07884519547224045,0.14207544922828674,0.08367276936769485,0.15303100645542145,0.0821986198425293,0.1483525037765503,0.09307341277599335,0.16442520916461945,0.0854727178812027,0.14079296588897705,0.10281985998153687,0.16933834552764893,0.09853605926036835,0.1494683027267456,0.990391731262207,0.07941275089979172,0.01490586157888174,p041_neutral_front,18.26642916099661,66.39723276967571,0.12208956375907705
0.29433679580688477,0.3034014105796814,0.19934287667274475,0.20725961029529572,0.1339501440525055,0.14274020493030548,0.10523601621389389,0.11443933844566345,0.09313849359750748,0.11069823056459427,0.06640931218862534,0.08288056403398514,0.06934912502765656,0.08772026002407074,0.06694670766592026,0.08717366307973862,0.06490495800971985,0.08714397996664047,0.07364823669195175,0.0970798060297966,0.07762712240219116,0.10375639796257019,0.07951705902814865,0.10760927200317383,0.08338802307844162,0.11310289800167084,0.08482565730810165,0.11556822061538696,0.08327452093362808,0.11343037337064743,0.10505402833223343,0.135869100689888,0.08897744119167328,0.1226995587348938,0.08848775178194046,0.1231003999710083,0.08499012887477875,0.11786419153213501,0.0905095562338829,0.1269349753856659,0.10323049873113632,0.15107113122940063,0.1115550696849823,0.16719971597194672,0.11834558844566345,0.17747493088245392,0.12237722426652908,0.18903560936450958,0.12571914494037628,0.19803325831890106,0.1266583651304245,0.2015211135149002,0.12460829317569733,0.19854915142059326,0.13453732430934906,0.2152927815914154,0.11923094093799591,0.18425200879573822,0.13921640813350677,0.2156340330839157,0.1358097791671753,0.19703015685081482,0.963699221611023,0.10952841490507126,0.024617867544293404,p041_neutral_left,16.08749569351744,64.21829930219654,0.15690082072536587
0.2921667993068695,0.3000512421131134,0.19224730134010315,0.19820842146873474,0.12656711041927338,0.13307124376296997,0.0953197255730629,0.10171613097190857,0.06445986777544022,0.07437717914581299,0.0515265092253685,0.06601700186729431,0.05370740219950676,0.07058066129684448,0.05176641792058945,0.07028717547655106,0.05069868639111519,0.07035239040851593,0.05370105803012848,0.07600192725658417,0.06091168895363808,0.0864231064915657,0.0672178864479065,0.09340505301952362,0.07166118174791336,0.09953755140304565,0.07162294536828995,0.09972778707742691,0.06935445964336395,0.0981399267911911,0.0748802199959755,0.10471472144126892,0.07445193827152252,0.10700517892837524,0.07500404119491577,0.1077907532453537,0.07448262721300125,0.10804549604654312,0.07598467916250229,0.11142822355031967,0.08670374751091003,0.13053081929683685,0.09685098379850388,0.15046395361423492,0.10137268900871277,0.15967272222042084,0.10662484914064407,0.17103755474090576,0.10983984917402267,0.17851801216602325,0.11671899259090424,0.19124801456928253,0.11406462639570236,0.18604883551597595,0.12370181828737259,0.19939415156841278,0.11482436954975128,0.17755062878131866,0.1317725032567978,0.20361804962158203,0.1277913749217987,0.18722419440746307,0.9933599829673767,0.09607968479394913,0.020578328520059586,p041_neutral_right,16.865899038201956,64.99670264688106,0.14345148490015566
0.2912640869617462,0.2990376353263855,0.19227531552314758,0.1983197033405304,0.1267402470111847,0.133357971906662,0.0954139232635498,0.10188263654708862,0.06783291697502136,0.07984616607427597,0.04991490766406059,0.06357992440462112,0.05059916153550148,0.06594338268041611,0.046709995716810226,0.06317964941263199,0.04339369013905525,0.06030968204140663,0.04530955106019974,0.06492255628108978,0.0494343526661396,0.0705951377749443,0.053454771637916565,0.07357317209243774,0.055327728390693665,0.07586406916379929,0.053449612110853195,0.0738103911280632,0.049560654908418655,0.07001671940088272,0.058806467801332474,0.08322437107563019,0.051859837025403976,0.07626689225435257,0.05184871703386307,0.07653062045574188,0.0500250943005085,0.07450349628925323,0.05185344070196152,0.07748085260391235,0.05993857607245445,0.09473829716444016,0.06710755825042725,0.11294183135032654,0.07089953124523163,0.12106401473283768,0.07437117397785187,0.13302864134311676,0.07617103308439255,0.14057037234306335,0.08107507973909378,0.15165328979492188,0.07979821413755417,0.14698736369609833,0.09076043218374252,0.16303198039531708,0.08401469886302948,0.13995887339115143,0.10126890987157822,0.16840596497058868,0.09764047712087631,0.14901849627494812,0.9933077096939087,0.07801415771245956,0.01470352802425623,p041_smile_front,18.32578446365397,66.45658807233308,0.12125810498377512
0.2937382757663727,0.3025476038455963,0.1980823576450348,0.20569829642772675,0.13247327506542206,0.14097514748573303,0.10343018174171448,0.11248867213726044,0.08849621564149857,0.10643739253282547,0.06456004828214645,0.08078384399414062,0.06742218881845474,0.08550779521465302,0.06532759219408035,0.08510282635688782,0.06347886472940445,0.08492310345172882,0.07119593024253845,0.09434818476438522,0.07539118081331253,0.1012660413980484,0.07764819264411926,0.10521416366100311,0.08136102557182312,0.11043892055749893,0.08264666795730591,0.11252110451459885,0.08103138953447342,0.11038635671138763,0.10064809769392014,0.13158868253231049,0.08681643009185791,0.11999150365591049,0.08626831322908401,0.12006688117980957,0.08288504928350449,0.11514288187026978,0.08825389295816422,0.12410645931959152,0.10036309063434601,0.14666418731212616,0.10820838809013367,0.16162236034870148,0.11469124257564545,0.17161907255649567,0.11867920309305191,0.1826106160879135,0.12195378541946411,0.1911669820547104,0.12262681871652603,0.19410283863544464,0.12105780094861984,0.1920991837978363,0.13013572990894318,0.20679546892642975,0.11580650508403778,0.17810149490833282,0.1346675306558609,0.20718204975128174,0.1310567706823349,0.18983687460422516,0.9860943555831909,0.10679598152637482,0.02333620749413967,p041_smile_left,16.31969722335104,64.45050083203014,0.15276193077511055
0.2944953143596649,0.30225783586502075,0.19485488533973694,0.20076456665992737,0.1290663331747055,0.13530783355236053,0.09739135205745697,0.10327643156051636,0.06631993502378464,0.07545501738786697,0.05139722675085068,0.06545881927013397,0.052418820559978485,0.0686708316206932,0.049226440489292145,0.06697025150060654,0.04695727303624153,0.06540486961603165,0.049162358045578,0.06999366730451584,0.055430393666028976,0.07943706214427948,0.06113321706652641,0.08544088900089264,0.06446626782417297,0.08984977751970291,0.06348460167646408,0.08825358748435974,0.06044050678610802,0.08515997976064682,0.0659254863858223,0.09203022718429565,0.06430589407682419,0.09307125955820084,0.0644507110118866,0.09318510442972183,0.06332284212112427,0.09257249534130096,0.06502305716276169,0.09604658931493759,0.07506071031093597,0.11534960567951202,0.08453502506017685,0.13600754737854004,0.0891442820429802,0.14639513194561005,0.09414742887020111,0.15888504683971405,0.09692097455263138,0.16707150638103485,0.10292819887399673,0.1799972802400589,0.1008974239230156,0.17552967369556427,0.10933130979537964,0.1879502534866333,0.10239594429731369,0.1679152399301529,0.11765645444393158,0.19244690239429474,0.1151173785328865,0.17581045627593994,0.9938309788703918,0.08864054828882217,0.018422629684209824,p041_smile_right,17.346483776230034,65.47728738490915,0.13572998815372314
0.28483447432518005,0.29408419132232666,0.19162270426750183,0.2021104395389557,0.12469055503606796,0.13762716948986053,0.09537964314222336,0.11003643274307251,0.08562222868204117,0.11000366508960724,0.06910789012908936,0.0906139686703682,0.07437126338481903,0.0979895144701004,0.0740722119808197,0.09932387620210648,0.07330194860696793,0.10003376007080078,0.08327572792768478,0.11414278298616409,0.08738870173692703,0.1201544925570488,0.08591382205486298,0.11739210039377213,0.0858553871512413,0.11690067499876022,0.08324089646339417,0.11389105021953583,0.07973744720220566,0.1096518412232399,0.10185330361127853,0.140250101685524,0.08408123254776001,0.11640122532844543,0.08213347941637039,0.11327073723077774,0.07945343106985092,0.10894136875867844,0.08312623202800751,0.11312921345233917,0.09231060743331909,0.12796597182750702,0.10217265784740448,0.14493893086910248,0.10991544276475906,0.15494729578495026,0.11426469683647156,0.16620448231697083,0.11801832169294357,0.17471560835838318,0.12372159957885742,0.18536745011806488,0.12154949456453323,0.1806812733411789,0.13496209681034088,0.20129457116127014,0.11700153350830078,0.16679173707962036,0.14065638184547424,0.20205718278884888,0.12833188474178314,0.17350180447101593,0.9932330250740051,0.10684442520141602,0.022097410634160042,p042_neutral_front,16.556586137891134,64.68738974657023,0.1486519782383001
0.28906258940696716,0.2982964515686035,0.19526268541812897,0.20451803505420685,0.1297331005334854,0.1405971646308899,0.10044633597135544,0.11257245391607285,0.0903228372335434,0.11236906796693802,0.06727347522974014,0.08710797131061554,0.0717846006155014,0.09398975968360901,0.07080095261335373,0.09474905580282211,0.06946441531181335,0.09507786482572556,0.07970983535051346,0.10807669162750244,0.08321534842252731,0.11407967656850815,0.08184824883937836,0.11280704289674759,0.08258383721113205,0.11351919919252396,0.08085363358259201,0.11149045079946518,0.07744359225034714,0.10691752284765244,0.10213635861873627,0.1360204815864563,0.08167710155248642,0.1138022169470787,0.07974497228860855,0.11185140907764435,0.07719045132398605,0.10749258100986481,0.08247538655996323,0.11410237848758698,0.09229495376348495,0.13360653817653656,0.1011165976524353,0.15083324909210205,0.1098477691411972,0.16162480413913727,0.11298783123493195,0.1733875572681427,0.1161283627152443,0.18289704620838165,0.11865932494401932,0.18924987316131592,0.11655905842781067,0.1860467493534088,0.12715445458889008,0.20563599467277527,0.11042848974466324,0.17109999060630798,0.13092954456806183,0.20566326379776,0.12286408245563507,0.181599959731102,0.9573858380317688,0.10490958392620087,0.022610077634453773,p042_neutral_left,16.45697946449112,64.58778307317021,0.15036647776167988
0.2873416841030121,0.29540809988975525,0.18962745368480682,0.19686727225780487,0.12346707284450531,0.1321077048778534,0.0919441506266594,0.10163327306509018,0.06580833345651627,0.0818396806716919,0.05523505434393883,0.07653750479221344,0.060561660677194595,0.08527053892612457,0.06036435812711716,0.08718600869178772,0.06060017645359039,0.08848441392183304,0.06617411971092224,0.09792909026145935,0.07308251410722733,0.1082567498087883,0.07652764022350311,0.11035269498825073,0.07867966592311859,0.11230871081352234,0.07687819749116898,0.1086118221282959,0.0738510936498642,0.10491223633289337,0.08134780079126358,0.11450465768575668,0.07783424109220505,0.11213107407093048,0.0773448497056961,0.11098784953355789,0.07660650461912155,0.110834039747715,0.07782037556171417,0.11321334540843964,0.08760590851306915,0.13103504478931427,0.0986400619149208,0.15283353626728058,0.10375967621803284,0.1633647382259369,0.10868550091981888,0.17439691722393036,0.11147402971982956,0.18153752386569977,0.11844790726900101,0.19467464089393616,0.115630142390728,0.189634308218956,0.12502633035182953,0.20074990391731262,0.1173669844865799,0.18093402683734894,0.13451401889324188,0.20420925319194794,0.1313173621892929,0.18807166814804077,0.9942323565483093,0.09948451071977615,0.021824054419994354,p042_neutral_right,16.61064564074853,64.74144924942763,0.14772966668883522
0.28625842928886414,0.2956060767173767,0.19209274649620056,0.2032211422920227,0.12468229979276657,0.13859336078166962,0.0949370488524437,0.11068810522556305,0.08355424553155899,0.1085645779967308,0.06949333846569061,0.09292737394571304,0.07522261887788773,0.10080812871456146,0.0751800611615181,0.10265559703111649,0.07464966177940369,0.1037779152393341,0.08382828533649445,0.1171814426779747,0.08853757381439209,0.1238253265619278,0.08769315481185913,0.12135697901248932,0.08782186359167099,0.12114544212818146,0.08541777729988098,0.11884305626153946,0.08204389363527298,0.11539451032876968,0.10142020136117935,0.14246736466884613,0.086236372590065,0.12196628004312515,0.08444971591234207,0.1188456192612648,0.08211591094732285,0.11497225612401962,0.08441387861967087,0.11691383272409439,0.09337307512760162,0.13008879125118256,0.10373225063085556,0.1467486023902893,0.11068491637706757,0.15581384301185608,0.11546437442302704,0.16708877682685852,0.11921114474534988,0.17541269958019257,0.12566205859184265,0.1868535578250885,0.12312635034322739,0.1820380985736847,0.13656646013259888,0.202195942401886,0.11935178935527802,0.16929695010185242,0.1431969553232193,0.20396260917186737,0.13139387965202332,0.17635346949100494,0.9914979934692383,0.10813159495592117,0.022784246131777763,p042_smile_front,16.42365336457233,64.55445697325143,0.15094451342058698
0.28805235028266907,0.2972291111946106,0.19414901733398438,0.2033097892999649,0.12869788706302643,0.13936060667037964,0.0996512696146965,0.11146355420351028,0.09009150415658951,0.11161588132381439,0.06733370572328568,0.0874202698469162,0.07216012477874756,0.09492243826389313,0.07107307016849518,0.0957135483622551,0.06963471323251724,0.09585925936698914,0.07987269759178162,0.10902391374111176,0.08350919187068939,0.1155732274055481,0.08215955644845963,0.1141824945807457,0.0827392190694809,0.11472544074058533,0.0810011625289917,0.11280832439661026,0.07780801504850388,0.10843607783317566,0.10265575349330902,0.13780324161052704,0.0823163092136383,0.11627943813800812,0.08037998527288437,0.1142197921872139,0.07773701101541519,0.10965733975172043,0.08258385956287384,0.11547435075044632,0.09248866140842438,0.1351463794708252,0.10178089886903763,0.15341585874557495,0.11017493903636932,0.1637459248304367,0.11360980570316315,0.17593491077423096,0.11679781228303909,0.18521112203598022,0.11964014172554016,0.19264744222164154,0.11717210710048676,0.18811847269535065,0.12841400504112244,0.20848050713539124,0.11073563992977142,0.17192503809928894,0.1325748860836029,0.20834645628929138,0.12394990772008896,0.18254464864730835,0.9655864238739014,0.10519946366548538,0.02298121526837349,p042_smile_left,16.386270091380066,64.51707370005917,0.15159556480442787
0.28885218501091003,0.2972090542316437,0.19122028350830078,0.19935853779315948,0.1238565742969513,0.13335765898227692,0.09161796420812607,0.10229264944791794,0.06572294980287552,0.0816032886505127,0.056635670363903046,0.07824405282735825,0.062435802072286606,0.08741889894008636,0.06280392408370972,0.08946795761585236,0.06319370865821838,0.09067480266094208,0.06886035948991776,0.09946313500404358,0.07578887790441513,0.1097211092710495,0.07878328859806061,0.11143473535776138,0.08054480701684952,0.11288493871688843,0.07857093214988708,0.10946798324584961,0.07515185326337814,0.10586045682430267,0.08291725814342499,0.11450034379959106,0.07929776608943939,0.11300250142812729,0.079229936003685,0.11250259727239609,0.0785161629319191,0.11251789331436157,0.07953623682260513,0.1140672042965889,0.08976852893829346,0.131066232919693,0.1015126183629036,0.15280574560165405,0.10646700114011765,0.16235503554344177,0.11196159571409225,0.17417201399803162,0.11517955362796783,0.18177330493927002,0.12250674515962601,0.1951112598180771,0.11953505128622055,0.189838707447052,0.1303195357322693,0.20396725833415985,0.12057740986347198,0.1811210662126541,0.13981638848781586,0.208499938249588,0.1349318027496338,0.1897660195827484,0.9934111833572388,0.10182565450668335,0.022148124873638153,p042_smile_right,16.546630365516926,64.67743397419602,0.14882246091782703
0.2856907546520233,0.29440435767173767,0.18886184692382812,0.1979837715625763,0.12074373662471771,0.1307581514120102,0.08848351985216141,0.09917103499174118,0.06640724837779999,0.08360057324171066,0.05642062425613403,0.07619248330593109,0.06117633357644081,0.08305266499519348,0.060855358839035034,0.08432405441999435,0.06066345423460007,0.08477350324392319,0.06682109832763672,0.09362820535898209,0.07291524857282639,0.10214527696371078,0.07497094571590424,0.1025572195649147,0.07593589276075363,0.103108249604702,0.07401848584413528,0.10133632272481918,0.07012233883142471,0.09805876761674881,0.08293504267930984,0.11448895931243896,0.07579854130744934,0.10712257772684097,0.07640945166349411,0.10741212218999863,0.07478003203868866,0.10511699318885803,0.07806418836116791,0.10883525013923645,0.08989023417234421,0.127381831407547,0.10156168788671494,0.14727091789245605,0.10819102823734283,0.15766629576683044,0.11526063829660416,0.17207899689674377,0.1202053353190422,0.18219098448753357,0.12707826495170593,0.19560618698596954,0.12435518950223923,0.19102773070335388,0.1387033760547638,0.21406801044940948,0.12099538743495941,0.1794368028640747,0.14601236581802368,0.21793510019779205,0.134192556142807,0.18782460689544678,0.9906473755836487,0.10125277936458588,0.02153775654733181,p043_neutral_front,16.667995364074333,64.79879897275343,0.14675747526900226
0.2850300371646881,0.293708860874176,0.1875346451997757,0.19599424302577972,0.12090373039245605,0.13017557561397552,0.08891836553812027,0.09874986857175827,0.06472139060497284,0.08135749399662018,0.054084718227386475,0.07500595599412918,0.05846276879310608,0.08266406506299973,0.05826247110962868,0.0847790539264679,0.05873700603842735,0.08716073632240295,0.0637020394206047,0.09543287754058838,0.06945215165615082,0.10468778014183044,0.07313092797994614,0.1077580600976944,0.07515601068735123,0.11008363217115402,0.07493773102760315,0.11096455156803131,0.07127383351325989,0.10842504352331161,0.08271607011556625,0.12250163406133652,0.07614998519420624,0.11751584708690643,0.07670409232378006,0.11794525384902954,0.0733926072716713,0.11364807933568954,0.07711983472108841,0.1182003766298294,0.08912385255098343,0.13969656825065613,0.09845820814371109,0.15894486010074615,0.10459853708744049,0.1682138890028,0.11126178503036499,0.1833314299583435,0.1166328638792038,0.1946159452199936,0.12044916301965714,0.20422932505607605,0.11870606243610382,0.19984008371829987,0.1323472410440445,0.22561883926391602,0.11360124498605728,0.1848781406879425,0.13851837813854218,0.2280604988336563,0.13026094436645508,0.19933903217315674,0.9743489623069763,0.0988573431968689,0.023428957909345627,p043_neutral_left,16.30247027847154,64.43327388715065,0.15306520803025628
0.28534552454948425,0.29349789023399353,0.18798981606960297,0.19551976025104523,0.12071465700864792,0.1292223483324051,0.08893907070159912,0.09840936958789825,0.06493440270423889,0.08050532639026642,0.054681919515132904,0.07323947548866272,0.05983326956629753,0.08088508993387222,0.05974363535642624,0.08220325410366058,0.05977553874254227,0.08264773339033127,0.065872922539711,0.09189711511135101,0.07302263379096985,0.10215752571821213,0.07601626217365265,0.10433501750230789,0.07785347104072571,0.1062847375869751,0.07603098452091217,0.10355494171380997,0.07334180176258087,0.1010628417134285,0.0828748345375061,0.11356130987405777,0.07908011972904205,0.11011380702257156,0.07938111573457718,0.11006803065538406,0.07914088666439056,0.11067800223827362,0.08079808950424194,0.1131739467382431,0.09225158393383026,0.13056395947933197,0.10495073348283768,0.15179401636123657,0.11058853566646576,0.16225242614746094,0.11712745577096939,0.1749720722436905,0.12126179039478302,0.18354901671409607,0.12948065996170044,0.19849427044391632,0.12632887065410614,0.19390693306922913,0.1376325786113739,0.20923861861228943,0.1255636364221573,0.18563468754291534,0.14517608284950256,0.21348698437213898,0.13697727024555206,0.19163665175437927,0.9907877445220947,0.1023595929145813,0.021805433556437492,p043_neutral_right,16.614352738473997,64.7451563471531,0.14766662979982137
0.28925567865371704,0.2980539798736572,0.19281400740146637,0.20232327282428741,0.12390510737895966,0.13448980450630188,0.09157571941614151,0.1031259223818779,0.0696142166852951,0.08790493756532669,0.059420906007289886,0.0802905410528183,0.06408485025167465,0.08716460317373276,0.06384173780679703,0.0886346772313118,0.0636206716299057,0.0892026349902153,0.06977172195911407,0.09806007146835327,0.07602730393409729,0.10703321546316147,0.07799812406301498,0.10754511505365372,0.079072967171669,0.10820771008729935,0.07720424234867096,0.10618089139461517,0.0736730769276619,0.10252071171998978,0.08591810613870621,0.11846837401390076,0.07953284680843353,0.11197926849126816,0.07984869927167892,0.11207970231771469,0.07793346047401428,0.10924618691205978,0.08084183931350708,0.11252564191818237,0.09311781823635101,0.1319587081670761,0.10518237948417664,0.15208782255649567,0.11151210218667984,0.1618337333202362,0.11904273182153702,0.17682860791683197,0.12430272996425629,0.1873445361852646,0.13139884173870087,0.2008189857006073,0.12856335937976837,0.196236714720726,0.14285002648830414,0.21878235042095184,0.12441816926002502,0.18388731777668,0.149385005235672,0.22183679044246674,0.13702905178070068,0.1915910691022873,0.9911760091781616,0.10461540520191193,0.022774502635002136,p043_smile_front,16.425510986681434,64.55631459536053,0.15091223487511587
0.28676292300224304,0.29530951380729675,0.1894748955965042,0.19786114990711212,0.12240911275148392,0.13170361518859863,0.09036725014448166,0.10034064948558807,0.06609967350959778,0.08321546763181686,0.05505547672510147,0.07623704522848129,0.0595591776072979,0.084026038646698,0.059230975806713104,0.086063452064991,0.059672385454177856,0.08831273019313812,0.06470926105976105,0.09677524864673615,0.07059454172849655,0.10630712658166885,0.07429461926221848,0.10937235504388809,0.07636289298534393,0.11171813309192657,0.07621879130601883,0.11248722672462463,0.07286350429058075,0.11009052395820618,0.08426956087350845,0.1244305819272995,0.07776440680027008,0.1191992238163948,0.07821766287088394,0.11945925652980804,0.07518847286701202,0.11561556160449982,0.07845443487167358,0.11951401084661484,0.09003696590662003,0.14025437831878662,0.09954755008220673,0.15992726385593414,0.10550837218761444,0.16890905797481537,0.11205536127090454,0.18385547399520874,0.1171988993883133,0.1948343962430954,0.12124050408601761,0.20512908697128296,0.11910196393728256,0.20000144839286804,0.13228897750377655,0.22507816553115845,0.11387404799461365,0.18502087891101837,0.13812415301799774,0.22713112831115723,0.13001501560211182,0.1986011117696762,0.9789991974830627,0.0998968556523323,0.023689545691013336,p043_smile_left,16.254432679297416,64.38523628797653,0.1539140854210989
0.286577969789505,0.2947743535041809,0.18899086117744446,0.19685041904449463,0.1211608499288559,0.1298629492521286,0.08928323537111282,0.09867488592863083,0.06579509377479553,0.08126670867204666,0.05466355383396149,0.07311693578958511,0.05937407910823822,0.08026795834302902,0.05878402665257454,0.08098043501377106,0.05818553641438484,0.08069314062595367,0.06437625735998154,0.08967045694589615,0.07116538286209106,0.09915866702795029,0.07365076243877411,0.10030160844326019,0.07481248676776886,0.10112851113080978,0.07196065783500671,0.09738895297050476,0.06825372576713562,0.09382370859384537,0.07943303883075714,0.10813827067613602,0.07385316491127014,0.10256452858448029,0.07412708550691605,0.10251230001449585,0.07348491251468658,0.10239286720752716,0.07581590861082077,0.10533297061920166,0.08805985748767853,0.12374329566955566,0.1012006476521492,0.1458021104335785,0.10775218904018402,0.15735936164855957,0.11460527032613754,0.17103783786296844,0.11904408037662506,0.1803906410932541,0.1273890733718872,0.1958591192960739,0.12434253096580505,0.19149646162986755,0.13647721707820892,0.20877200365066528,0.12306202948093414,0.1826765537261963,0.14418531954288483,0.21285629272460938,0.13463632762432098,0.18787254393100739,0.99232417345047,0.10015792399644852,0.020995639264583588,p043_smile_right,16.778708976464497,64.9095125851436,0.14489872071410287
0.28601953387260437,0.2933875024318695,0.18879269063472748,0.19397680461406708,0.12701080739498138,0.13252171874046326,0.09795543551445007,0.10291259735822678,0.0713009238243103,0.08077351748943329,0.05219956487417221,0.06368359178304672,0.05244800075888634,0.06574667245149612,0.049043264240026474,0.06400973349809647,0.04686342179775238,0.06371377408504486,0.050246305763721466,0.07062380760908127,0.05304586887359619,0.07517380267381668,0.055961038917303085,0.0773925855755806,0.05757512152194977,0.07967079430818558,0.05771626904606819,0.0810023695230484,0.05631779879331589,0.08071035891771317,0.0705593153834343,0.10339361429214478,0.06097383052110672,0.08882676064968109,0.06138614937663078,0.08837466686964035,0.06020453944802284,0.08608896285295486,0.06347300857305527,0.0905643105506897,0.06918354332447052,0.09972935169935226,0.0737416073679924,0.10802361369132996,0.07891397923231125,0.11631173640489578,0.0808538943529129,0.12201543152332306,0.08249636739492416,0.12729127705097198,0.08471547812223434,0.13307692110538483,0.08321990072727203,0.13156074285507202,0.09145566076040268,0.145882248878479,0.08151410520076752,0.12349409610033035,0.10115087032318115,0.15131403505802155,0.10106387734413147,0.13763746619224548,0.996431827545166,0.08217919617891312,0.013961795717477798,p044_neutral_front,18.550587206786584,66.68139081546569,0.11816004281260988
0.29014748334884644,0.2976246178150177,0.19169756770133972,0.19705809652805328,0.12923094630241394,0.13488656282424927,0.09958814829587936,0.10461650043725967,0.0705416277050972,0.07923668622970581,0.05269201472401619,0.0643690750002861,0.052718549966812134,0.06639832258224487,0.04906238988041878,0.06419608741998672,0.04688950628042221,0.06356628239154816,0.048825837671756744,0.06771067529916763,0.051987383514642715,0.0723564624786377,0.05573476105928421,0.07540968805551529,0.05752423405647278,0.07722324877977371,0.05814138054847717,0.07857527583837509,0.05624720826745033,0.07705249637365341,0.06586703658103943,0.0906950831413269,0.059956975281238556,0.0838908925652504,0.06085604056715965,0.0852092057466507,0.05933995917439461,0.08272209018468857,0.06248612701892853,0.08697907626628876,0.06948967278003693,0.10006970167160034,0.07386597990989685,0.11020797491073608,0.07834631949663162,0.1174657866358757,0.08202779293060303,0.1267423927783966,0.08525711297988892,0.13474011421203613,0.08677651733160019,0.14054284989833832,0.08647593855857849,0.14006677269935608,0.09491153061389923,0.15615710616111755,0.08490178734064102,0.1322987973690033,0.10339491814374924,0.16075192391872406,0.10375326871871948,0.14619839191436768,0.976188600063324,0.08286380022764206,0.014479275792837143,p044_neutral_left,18.3925315961954,66.5233352048745,0.120329862431722
0.2917977273464203,0.29903995990753174,0.1944008767604828,0.19998778402805328,0.1307074874639511,0.13682851195335388,0.10075311362743378,0.10681141912937164,0.07283720374107361,0.08469350636005402,0.05489731952548027,0.06869631260633469,0.05624936521053314,0.07218161225318909,0.05353351682424545,0.07152704149484634,0.05155345797538757,0.0718887522816658,0.055621299892663956,0.08123055845499039,0.05996353179216385,0.08743776381015778,0.06346172839403152,0.08931528776884079,0.06565893441438675,0.09242745488882065,0.06546945124864578,0.0936373919248581,0.06413544714450836,0.0943947285413742,0.07675708085298538,0.11882176995277405,0.06906093657016754,0.10301919281482697,0.06921148300170898,0.1024211123585701,0.06881127506494522,0.10247582197189331,0.0692531019449234,0.1031317263841629,0.0745663121342659,0.11033724993467331,0.08053342998027802,0.1205737367272377,0.08467160910367966,0.12795469164848328,0.08806732296943665,0.13390757143497467,0.09043504297733307,0.13931269943714142,0.0958084836602211,0.14971724152565002,0.09397201240062714,0.14722628891468048,0.10277336835861206,0.15985311567783356,0.09542500227689743,0.14172299206256866,0.11349484324455261,0.16675253212451935,0.11210165172815323,0.15352889895439148,0.9973990321159363,0.0892305001616478,0.016573989763855934,p044_neutral_right,17.805729337137652,65.93653294581675,0.12874000840397648
0.28843945264816284,0.2957321107387543,0.19077841937541962,0.19595684111118317,0.1281644105911255,0.1336771547794342,0.09852587431669235,0.10347531735897064,0.07153528183698654,0.08130160719156265,0.05258353054523468,0.06406640261411667,0.053268298506736755,0.06638239324092865,0.0501091368496418,0.0649227499961853,0.04794679582118988,0.06483067572116852,0.051626212894916534,0.07283588498830795,0.05483262613415718,0.0780755952000618,0.05795515701174736,0.08022403717041016,0.05964503064751625,0.08286735415458679,0.05960249900817871,0.08448736369609833,0.05816514790058136,0.08468697965145111,0.07278286665678024,0.10854790359735489,0.06300301849842072,0.09321951121091843,0.06324583292007446,0.09243500977754593,0.06221209093928337,0.09050043672323227,0.06462711840867996,0.09367649257183075,0.06967408210039139,0.10135888308286667,0.07437041401863098,0.10961557924747467,0.07945659756660461,0.11778932809829712,0.08148957043886185,0.12316776067018509,0.08307934552431107,0.12803712487220764,0.08622617274522781,0.13534758985042572,0.08444634079933167,0.13339293003082275,0.09230431169271469,0.1462823450565338,0.08359551429748535,0.12627340853214264,0.10267198830842972,0.1521051973104477,0.1025058925151825,0.139120414853096,0.995197057723999,0.08351588249206543,0.014417033642530441,p044_smile_front,18.411240881051267,66.54204448973037,0.12007095253445123
0.2919086217880249,0.29940032958984375,0.19313201308250427,0.1984603852033615,0.13031962513923645,0.13592848181724548,0.1004779264330864,0.10546527802944183,0.07136985659599304,0.0802144855260849,0.05314259976148605,0.06477675586938858,0.05314655229449272,0.06682109087705612,0.049578599631786346,0.06490767002105713,0.04755173996090889,0.06469542533159256,0.04962579160928726,0.0691886842250824,0.05269881337881088,0.07369090616703033,0.05635553225874901,0.07681930810213089,0.058231327682733536,0.07888898998498917,0.05886784568428993,0.08036338537931442,0.05709525942802429,0.07897669076919556,0.06722661107778549,0.09360011667013168,0.06095997616648674,0.0860377624630928,0.06179306283593178,0.08718038350343704,0.06011286377906799,0.08425268530845642,0.06377318501472473,0.08930975198745728,0.07098793983459473,0.10284122824668884,0.07523638010025024,0.11249914020299911,0.08000481873750687,0.120268315076828,0.08321646600961685,0.12883546948432922,0.0861072689294815,0.13640044629573822,0.08707767724990845,0.1411740928888321,0.08674787729978561,0.1407986879348755,0.09502525627613068,0.1565730720758438,0.08508094400167465,0.13185173273086548,0.10369560122489929,0.16052056849002838,0.10438993573188782,0.14586010575294495,0.9247449040412903,0.08370929956436157,0.014765780419111252,p044_smile_left,18.307435942284243,66.43823955096335,0.12151452760518494
0.29090142250061035,0.29811784625053406,0.1932714283466339,0.19856670498847961,0.13012927770614624,0.13575975596904755,0.1004260927438736,0.10565482825040817,0.0733347162604332,0.08367094397544861,0.05447506159543991,0.06668071448802948,0.05540246143937111,0.06955400854349136,0.05238999426364899,0.06846047937870026,0.05023154243826866,0.06850019842386246,0.054147589951753616,0.07719435542821884,0.0579894557595253,0.0829942375421524,0.061296574771404266,0.08511961996555328,0.06309699267148972,0.08777929097414017,0.06267215311527252,0.08887647092342377,0.0611727200448513,0.08919356763362885,0.0752396285533905,0.11331441253423691,0.06619692593812943,0.09799803048372269,0.0662737786769867,0.09728600084781647,0.06555890291929245,0.09612924605607986,0.06711889058351517,0.09810260683298111,0.07251930981874466,0.10598253458738327,0.07813706994056702,0.11571457237005234,0.08324721455574036,0.12411291152238846,0.08599193394184113,0.12993693351745605,0.08803881704807281,0.13529160618782043,0.09251292794942856,0.14475980401039124,0.09076128154993057,0.14278644323349,0.09860102087259293,0.15510280430316925,0.09094714373350143,0.13706746697425842,0.10876470804214478,0.16189348697662354,0.10804682970046997,0.14915995299816132,0.9835382699966431,0.08706668764352798,0.01568649895489216,p044_smile_right,18.044739751024128,66.17554335970323,0.1252457542389847
0.2930333614349365,0.300518661737442,0.1953478753566742,0.20119820535182953,0.13162650167942047,0.1379726380109787,0.10124342888593674,0.10724925994873047,0.0720851793885231,0.08176927268505096,0.05536773055791855,0.06913022696971893,0.05584941431879997,0.071366086602211,0.0516953282058239,0.0684099942445755,0.04824882745742798,0.06585077941417694,0.049735911190509796,0.0690881535410881,0.053146786987781525,0.07412024587392807,0.0565035454928875,0.07617546617984772,0.05760016292333603,0.07706659287214279,0.05639224871993065,0.07580133527517319,0.05337654426693916,0.07306166738271713,0.0633423775434494,0.08487184345722198,0.058031678199768066,0.08159077167510986,0.05927130952477455,0.0832919105887413,0.05835016444325447,0.0825190544128418,0.06060361862182617,0.08589234203100204,0.06885489821434021,0.10183805227279663,0.07648760825395584,0.11921411752700806,0.0820026844739914,0.1287534236907959,0.08702071756124496,0.1405746042728424,0.09044265747070312,0.14898325502872467,0.09482347220182419,0.16115546226501465,0.09250542521476746,0.15781788527965546,0.10125797986984253,0.1752345710992813,0.08837063610553741,0.15075531601905823,0.10980040580034256,0.1827453374862671,0.10641937702894211,0.16460897028446198,0.9973111748695374,0.08480854332447052,0.01623760722577572,p045_neutral_front,17.894779680261394,66.0255832889405,0.12742687010899906
0.2945423722267151,0.3027973175048828,0.19634714722633362,0.203532412648201,0.13155655562877655,0.13922563195228577,0.10076674818992615,0.1082644909620285,0.07184640318155289,0.08417516201734543,0.05527251958847046,0.07187557965517044,0.05622551590204239,0.07486581057310104,0.05337592586874962,0.07344143092632294,0.05203048884868622,0.07313956320285797,0.05437813326716423,0.07692465931177139,0.05810508504509926,0.08218729496002197,0.06198233366012573,0.08550915122032166,0.06407476216554642,0.08772432804107666,0.0647609755396843,0.08924432843923569,0.06256630271673203,0.08739963173866272,0.07315149158239365,0.09996093064546585,0.06850596517324448,0.09740635007619858,0.07027868181467056,0.0999050959944725,0.06832214444875717,0.09666632115840912,0.07292938977479935,0.10373790562152863,0.08431005477905273,0.12488143891096115,0.09213419258594513,0.1408139318227768,0.09860684722661972,0.15073943138122559,0.10440000146627426,0.16342277824878693,0.10924705117940903,0.17344163358211517,0.1114838644862175,0.17995786666870117,0.11072880774736404,0.1785363107919693,0.12104624509811401,0.19963820278644562,0.10402967035770416,0.1664251834154129,0.12651169300079346,0.20401999354362488,0.12258340418338776,0.18284443020820618,0.9872311353683472,0.09406890720129013,0.01960490643978119,p045_neutral_left,17.076352259362668,65.20715586804177,0.14001752190272898
0.29281705617904663,0.299929678440094,0.19492743909358978,0.19978681206703186,0.13188597559928894,0.1372392326593399,0.1022140234708786,0.10736255347728729,0.07245729863643646,0.0804646834731102,0.05612422898411751,0.06864547729492188,0.05650673806667328,0.07146980613470078,0.052389126271009445,0.06910429894924164,0.049235422164201736,0.06681345403194427,0.05091625824570656,0.07090787589550018,0.05530963093042374,0.07766237109899521,0.05930943414568901,0.0812583714723587,0.061314936727285385,0.08367423713207245,0.060578811913728714,0.08237006515264511,0.05880070477724075,0.08089128136634827,0.06650594621896744,0.08935520797967911,0.06453371047973633,0.09102686494588852,0.06584769487380981,0.0930699035525322,0.06662058085203171,0.09522911161184311,0.06891004741191864,0.09923112392425537,0.07814185321331024,0.116485595703125,0.08758652955293655,0.134962260723114,0.0937669575214386,0.14611071348190308,0.09879788011312485,0.15691177546977997,0.10197285562753677,0.16454839706420898,0.10819092392921448,0.17770391702651978,0.10597523301839828,0.17533299326896667,0.1123201847076416,0.18534591794013977,0.1060820072889328,0.1705435961484909,0.12151550501585007,0.1914592683315277,0.12048489600419998,0.17950811982154846,0.9948639273643494,0.0910453051328659,0.018324002623558044,p045_neutral_right,17.369796547153875,65.50060015583297,0.13536617976273854
0.29380616545677185,0.3012937307357788,0.19636419415473938,0.2022588700056076,0.13210250437259674,0.13861754536628723,0.10155214369297028,0.10810143500566483,0.07340113818645477,0.08503782004117966,0.056502845138311386,0.071031853556633,0.05712699145078659,0.073282390832901,0.05287514626979828,0.07017121464014053,0.04930635541677475,0.06731753051280975,0.0509331151843071,0.07140146195888519,0.054227519780397415,0.0758337527513504,0.05726388841867447,0.07691552489995956,0.058179911226034164,0.07753586769104004,0.05660690367221832,0.07588734477758408,0.05345528572797775,0.07312751561403275,0.0645548403263092,0.08800283074378967,0.05819237604737282,0.08173537999391556,0.059486448764801025,0.08328822255134583,0.058619748800992966,0.08243769407272339,0.06085551902651787,0.0855673998594284,0.0695117861032486,0.10174670070409775,0.07781989127397537,0.11923076212406158,0.08363383263349533,0.12883944809436798,0.08868163079023361,0.14055609703063965,0.09200136363506317,0.14889022707939148,0.0969812422990799,0.1610226333141327,0.09440106898546219,0.1577637642621994,0.10378453135490417,0.17617204785346985,0.09074505418539047,0.15101207792758942,0.11292632669210434,0.18457399308681488,0.10930901765823364,0.1658007651567459,0.9959856867790222,0.08598262816667557,0.016413714736700058,p045_smile_front,17.847931186984198,65.9787347956633,0.128116020609056
0.2947814464569092,0.3028925061225891,0.1969146579504013,0.20413875579833984,0.13247016072273254,0.14046522974967957,0.10179696977138519,0.10993779450654984,0.07319117337465286,0.08641579002141953,0.05699445679783821,0.07463754713535309,0.057984888553619385,0.07769802957773209,0.055147990584373474,0.07638781517744064,0.0537232868373394,0.07611653953790665,0.05598956719040871,0.07983210682868958,0.0596986822783947,0.08504510670900345,0.06345211714506149,0.0880763828754425,0.0654887706041336,0.09020556509494781,0.06612163037061691,0.09171217679977417,0.0639864057302475,0.0900736004114151,0.074534110724926,0.1024155542254448,0.06996118277311325,0.10018794238567352,0.07166165113449097,0.10260116308927536,0.06968826800584793,0.09949390590190887,0.07383513450622559,0.10559415072202682,0.08503960818052292,0.12616686522960663,0.09290733933448792,0.14197756350040436,0.09918516129255295,0.1515304148197174,0.10496291518211365,0.1641559898853302,0.1097044125199318,0.1740490347146988,0.11217977851629257,0.1809711456298828,0.11106950789690018,0.17920543253421783,0.12153889238834381,0.20019708573818207,0.10439000278711319,0.16723297536373138,0.12734845280647278,0.20469652116298676,0.12289777398109436,0.1834471970796585,0.9927330017089844,0.09511999040842056,0.019972017034888268,p045_smile_left,16.9957807219059,65.126584330585,0.14132238688505183
0.2924342751502991,0.29969552159309387,0.1944676786661148,0.19975407421588898,0.13101865351200104,0.1366729885339737,0.10108518600463867,0.10610385239124298,0.07143518328666687,0.07924311608076096,0.05464392527937889,0.06687115132808685,0.05480922758579254,0.06924090534448624,0.05016199126839638,0.06611872464418411,0.04623759537935257,0.06322348117828369,0.04732285812497139,0.06606598198413849,0.050820477306842804,0.0714903473854065,0.054479822516441345,0.07415425032377243,0.05566493794322014,0.07538102567195892,0.05427233502268791,0.07372254133224487,0.05180118978023529,0.0716249868273735,0.06082916632294655,0.08085780590772629,0.05682208389043808,0.08073478192090988,0.05828623101115227,0.08281249552965164,0.05852551758289337,0.08376277983188629,0.060660962015390396,0.08673897385597229,0.06919878721237183,0.1029544249176979,0.07803521305322647,0.12118419259786606,0.08380475640296936,0.13055045902729034,0.08858636021614075,0.1417938470840454,0.09151630848646164,0.14946259558200836,0.09724624454975128,0.16206194460391998,0.09486909210681915,0.15906240046024323,0.10232365876436234,0.1723879873752594,0.09387380629777908,0.15389564633369446,0.11161654442548752,0.17984159290790558,0.10998252034187317,0.16561128199100494,0.997244656085968,0.08474395424127579,0.01610870286822319,p045_smile_right,17.92939429155788,66.06019790023699,0.1269200648763748
0.3453054130077362,0.35287192463874817,0.22468045353889465,0.23083940148353577,0.14830321073532104,0.15506380796432495,0.10882141441106796,0.11537158489227295,0.08095048367977142,0.09297113120555878,0.0650835856795311,0.0790620669722557,0.059000443667173386,0.07470764219760895,0.05604862421751022,0.07198501378297806,0.054923415184020996,0.07136734575033188,0.056649383157491684,0.07474345713853836,0.058592088520526886,0.07718179374933243,0.06305833905935287,0.08240213245153427,0.06371108442544937,0.08275294303894043,0.061742980033159256,0.08037052303552628,0.05847761407494545,0.0766616016626358,0.06741295009851456,0.08683428168296814,0.06188780069351196,0.08249446749687195,0.05618005618453026,0.07547882944345474,0.052974261343479156,0.07092881947755814,0.05300329998135567,0.07050054520368576,0.07020903378725052,0.09615694731473923,0.06945351511240005,0.0980881080031395,0.0794464722275734,0.11328162997961044,0.08595846593379974,0.12714584171772003,0.07885601371526718,0.11988305300474167,0.08615703135728836,0.132884219288826,0.08540122210979462,0.13029810786247253,0.08767679333686829,0.12880288064479828,0.08656619489192963,0.12032369524240494,0.09973537176847458,0.1329495757818222,0.09925440698862076,0.12250884622335434,0.9974001049995422,0.08792751282453537,0.015301438048481941,p046_neutral_front,18.152677517201703,66.28348112588081,0.12369898159840259
0.337235689163208,0.34564799070358276,0.21482565999031067,0.22219674289226532,0.14088070392608643,0.1490837186574936,0.10212454199790955,0.11040393263101578,0.07058224081993103,0.08437865972518921,0.05937807634472847,0.07706326246261597,0.05450664833188057,0.07464974373579025,0.05308552831411362,0.07382654398679733,0.053613074123859406,0.07532899081707001,0.0537969246506691,0.07796424627304077,0.057245030999183655,0.08179526776075363,0.06317641586065292,0.08879764378070831,0.06484440714120865,0.0901881605386734,0.06442021578550339,0.08955010026693344,0.06130580976605415,0.08616886287927628,0.06449124962091446,0.08950593322515488,0.0641646608710289,0.0920325443148613,0.059975773096084595,0.08642219752073288,0.05661269649863243,0.08162879943847656,0.057653024792671204,0.08369848132133484,0.07490690052509308,0.111885204911232,0.07493077218532562,0.11548309028148651,0.08360588550567627,0.13089005649089813,0.0908174216747284,0.14653442800045013,0.08604780584573746,0.14181755483150482,0.09149618446826935,0.15316645801067352,0.09225837141275406,0.15238066017627716,0.09656115621328354,0.15235497057437897,0.09739159047603607,0.14180469512939453,0.11167848110198975,0.15483202040195465,0.11604999005794525,0.145284503698349,0.893755316734314,0.0893474668264389,0.017248595133423805,p046_neutral_left,17.632462716427646,65.76326632510674,0.13133390702108808
0.3392274081707001,0.34626537561416626,0.21764618158340454,0.22265279293060303,0.1440204381942749,0.14957566559314728,0.10620026290416718,0.11140700429677963,0.07533377408981323,0.08445371687412262,0.06183658540248871,0.0745440125465393,0.05539288371801376,0.07082008570432663,0.05262074992060661,0.0686628445982933,0.0513625405728817,0.06778828799724579,0.05195672810077667,0.07055601477622986,0.05497805029153824,0.0743265226483345,0.059467922896146774,0.07980179786682129,0.0602404959499836,0.0803808718919754,0.05801320821046829,0.07685510814189911,0.055260904133319855,0.07348569482564926,0.060031209141016006,0.0794358178973198,0.05906050652265549,0.0798039510846138,0.054735876619815826,0.07384607195854187,0.05310194939374924,0.07185082882642746,0.05312776938080788,0.0716722160577774,0.0702863484621048,0.09729428589344025,0.07309488952159882,0.10281761735677719,0.08273901790380478,0.11926639080047607,0.08991487324237823,0.13236980140209198,0.08382075279951096,0.12516099214553833,0.09262274950742722,0.14003483951091766,0.0923767015337944,0.1375379115343094,0.09476488828659058,0.1324940323829651,0.09732355177402496,0.13004812598228455,0.10831985622644424,0.13703271746635437,0.10995207726955414,0.13012434542179108,0.7840514183044434,0.08771313726902008,0.015188334509730339,p046_neutral_right,18.184898464723094,66.31570207340219,0.12324096116847814
0.3492128551006317,0.35670337080955505,0.2280278354883194,0.2343464493751526,0.1505805402994156,0.15779058635234833,0.1104828491806984,0.11776617169380188,0.08242368698120117,0.09563835710287094,0.06649971008300781,0.08175253868103027,0.06089983135461807,0.07793207466602325,0.05837518721818924,0.07569799572229385,0.05770585313439369,0.07559923827648163,0.059862591326236725,0.07923301309347153,0.061912622302770615,0.08183252811431885,0.06633087992668152,0.08708690106868744,0.06705760210752487,0.08756501227617264,0.06504639238119125,0.08526547253131866,0.06182913854718208,0.08168043941259384,0.07064798474311829,0.09123162925243378,0.06485388427972794,0.0869784951210022,0.05890442430973053,0.07980372756719589,0.05565270408987999,0.0752052515745163,0.055565595626831055,0.07458405196666718,0.07296475023031235,0.10032323002815247,0.07313431054353714,0.10340283811092377,0.0835251584649086,0.11890316009521484,0.09022156894207001,0.1328931450843811,0.0830966979265213,0.12576612830162048,0.08981646597385406,0.13766707479953766,0.08856254070997238,0.1345902383327484,0.09060646593570709,0.13263343274593353,0.08883677423000336,0.12283791601657867,0.10175624489784241,0.13517197966575623,0.10121006518602371,0.12490241229534149,0.9992167949676514,0.09083309024572372,0.01619855873286724,p046_smile_front,17.90523625099847,66.03603985967757,0.12727355865562667
0.3373173773288727,0.34608668088912964,0.21464736759662628,0.2228074073791504,0.13987819850444794,0.1492571383714676,0.10065425932407379,0.1106967031955719,0.06955304741859436,0.0853467732667923,0.059382714331150055,0.07902923971414566,0.05557764694094658,0.07757141441106796,0.05456238612532616,0.07729688286781311,0.05556103587150574,0.07948609441518784,0.05604863166809082,0.08236771821975708,0.059383708983659744,0.08599240332841873,0.06520542502403259,0.09298098832368851,0.06698232144117355,0.09447748959064484,0.0667237937450409,0.09411773830652237,0.0637393370270729,0.09085413813591003,0.06656240671873093,0.09365541487932205,0.06623200327157974,0.09614533931016922,0.06210349500179291,0.09043099731206894,0.05874401703476906,0.08552122116088867,0.05989298224449158,0.0878918245434761,0.07669653743505478,0.11546667665243149,0.0771990567445755,0.11889468878507614,0.08593703806400299,0.13462164998054504,0.0930938795208931,0.14987878501415253,0.0888458713889122,0.14531290531158447,0.0940718948841095,0.15525342524051666,0.09520907700061798,0.15518273413181305,0.09980367124080658,0.15447910130023956,0.10106144845485687,0.14496451616287231,0.11560536175966263,0.15712867677211761,0.12110685557126999,0.1499825268983841,0.822744607925415,0.09120989590883255,0.017919443547725677,p046_smile_left,17.466754806060553,65.59755841473967,0.13386352583032346
0.34472233057022095,0.3520366847515106,0.2230391800403595,0.22878988087177277,0.14819210767745972,0.15453369915485382,0.10948392748832703,0.11553114652633667,0.07834769785404205,0.08891760557889938,0.06431680917739868,0.07783554494380951,0.05789387971162796,0.07368497550487518,0.055164095014333725,0.07132099568843842,0.05384160205721855,0.07064638286828995,0.0539950355887413,0.07264544069766998,0.05636731535196304,0.075210340321064,0.06079902872443199,0.08016163110733032,0.06128518655896187,0.08035169541835785,0.059019964188337326,0.07747571170330048,0.05578218400478363,0.07382922619581223,0.0611155740916729,0.0805051326751709,0.05914641544222832,0.07948967069387436,0.05418055132031441,0.07311542332172394,0.05147404596209526,0.06955080479383469,0.05110954865813255,0.06854166835546494,0.06835900247097015,0.09344587475061417,0.07009328901767731,0.09796310216188431,0.07979875802993774,0.1133810430765152,0.08681298792362213,0.12653180956840515,0.08017407357692719,0.11938866972923279,0.08767163753509521,0.13269385695457458,0.08677098900079727,0.12983356416225433,0.0884200856089592,0.12630851566791534,0.08860664814710617,0.12072761356830597,0.10017824918031693,0.1304061859846115,0.10046989470720291,0.12212062627077103,0.9989053606987,0.08699540793895721,0.014985942281782627,p046_smile_right,18.24315944415856,66.37396305283767,0.1224170832922539
0.33818677067756653,0.34617772698402405,0.2146577537059784,0.22106455266475677,0.13868564367294312,0.14519083499908447,0.09829241037368774,0.10386928170919418,0.06523954123258591,0.07506486028432846,0.052686356008052826,0.06755092740058899,0.04656345024704933,0.06485681980848312,0.044005148112773895,0.06275475770235062,0.04333171248435974,0.06223463639616966,0.04299085959792137,0.06521427631378174,0.04705750569701195,0.06933923065662384,0.052944011986255646,0.07536919414997101,0.054255884140729904,0.07623681426048279,0.05216263607144356,0.07333926111459732,0.04850706830620766,0.0696190670132637,0.05333247780799866,0.07557570189237595,0.05117039382457733,0.07521853595972061,0.04752665385603905,0.07005364447832108,0.04595257714390755,0.06819064915180206,0.04504085332155228,0.06691652536392212,0.05973045527935028,0.09221895784139633,0.05979243293404579,0.09708794206380844,0.06930580735206604,0.11446504294872284,0.07654908299446106,0.13069789111614227,0.07037340104579926,0.12461595237255096,0.07818114012479782,0.14149604737758636,0.07711274921894073,0.13943535089492798,0.07968464493751526,0.13861335813999176,0.08066216111183167,0.1311676800251007,0.09460326284170151,0.14368966221809387,0.0971064567565918,0.13082566857337952,0.9949455261230469,0.07825613021850586,0.014730296097695827,p047_neutral_front,18.317885231979023,66.44868884065812,0.12136843122367458
0.33326950669288635,0.34094759821891785,0.20857499539852142,0.21425585448741913,0.13411898910999298,0.1402129977941513,0.09438559412956238,0.09980890899896622,0.06037253513932228,0.0697501003742218,0.04582499712705612,0.05960651859641075,0.03968459367752075,0.05633438006043434,0.03738591820001602,0.054303545504808426,0.036975353956222534,0.054015133529901505,0.03652724623680115,0.05656970292329788,0.0398254431784153,0.06099792569875717,0.04520250856876373,0.06709235161542892,0.046966586261987686,0.0685473382472992,0.04614224657416344,0.06686489284038544,0.043650127947330475,0.0643659457564354,0.04818227142095566,0.06951692700386047,0.045817889273166656,0.06891193240880966,0.04277492314577103,0.06433176249265671,0.04156976938247681,0.06319129467010498,0.04161825776100159,0.06263714283704758,0.05253739655017853,0.08207745850086212,0.05249075964093208,0.08658511191606522,0.06011651083827019,0.10062015056610107,0.0658886581659317,0.11412255465984344,0.06254898756742477,0.10985024273395538,0.06864617019891739,0.1239275112748146,0.06930964440107346,0.12236136198043823,0.071907639503479,0.1218947023153305,0.07371322065591812,0.11590051651000977,0.08433017879724503,0.1262471079826355,0.08889593183994293,0.11896015703678131,0.9881811738014221,0.07159266620874405,0.012706945650279522,p047_neutral_left,18.959588276237668,67.09039188491677,0.11272508882356014
0.33934393525123596,0.3469756543636322,0.21563437581062317,0.2213822454214096,0.13936291635036469,0.14523428678512573,0.09881710261106491,0.10373367369174957,0.06523104757070541,0.07376334071159363,0.052406709641218185,0.06611001491546631,0.04635891318321228,0.06355837732553482,0.043826624751091,0.061382707208395004,0.04301038384437561,0.06066298112273216,0.04288958013057709,0.06378337740898132,0.047029707580804825,0.06850478798151016,0.052811216562986374,0.07453276962041855,0.054105501621961594,0.07534530013799667,0.05184184014797211,0.0716739147901535,0.04843419790267944,0.06805077940225601,0.05317100137472153,0.07297011464834213,0.051601842045784,0.07370666414499283,0.04801247641444206,0.06838872283697128,0.04718417674303055,0.06796658039093018,0.0460054948925972,0.06627900898456573,0.06073739007115364,0.09036534279584885,0.061514999717473984,0.09551794081926346,0.07111456245183945,0.11266377568244934,0.07825807482004166,0.12783242762088776,0.0723608210682869,0.12140773236751556,0.08142297714948654,0.13862116634845734,0.08106227964162827,0.13680332899093628,0.0838482677936554,0.13418735563755035,0.08607763051986694,0.13045968115329742,0.09801573306322098,0.14023034274578094,0.09984133392572403,0.12980906665325165,0.9430328607559204,0.07940673828125,0.014441560953855515,p047_neutral_right,18.403858623752715,66.53466223243183,0.12017304587075886
0.33901360630989075,0.34712231159210205,0.21476851403713226,0.22129765152931213,0.13847124576568604,0.14521892368793488,0.0979093387722969,0.10389381647109985,0.06444979459047318,0.07470918446779251,0.05230886489152908,0.067400723695755,0.04649583250284195,0.06487482041120529,0.04413563385605812,0.06319034099578857,0.043647635728120804,0.06305912882089615,0.04335241764783859,0.06593790650367737,0.0472421757876873,0.07001657038927078,0.053196489810943604,0.07616109400987625,0.054574839770793915,0.07714865356683731,0.05275693163275719,0.07472961395978928,0.04918358474969864,0.07109776139259338,0.05355162173509598,0.07639925926923752,0.051834769546985626,0.07665491849184036,0.048229653388261795,0.07163529098033905,0.046323224902153015,0.06921752542257309,0.04575486108660698,0.0684497132897377,0.06055203080177307,0.09366442263126373,0.0607169046998024,0.09852846711874008,0.07002900540828705,0.11514762043952942,0.0773688405752182,0.13126623630523682,0.0716511458158493,0.1254790872335434,0.07902522385120392,0.14130723476409912,0.0783885046839714,0.13914704322814941,0.0812784731388092,0.13878333568572998,0.08166103810071945,0.12996570765972137,0.09559053927659988,0.1430196613073349,0.09763734042644501,0.13017672300338745,0.7955917119979858,0.07875219732522964,0.014824502170085907,p047_smile_front,18.290198820051717,66.42100242873082,0.12175591225926528
0.33261802792549133,0.3406308591365814,0.20801492035388947,0.21450434625148773,0.1330462545156479,0.1401904672384262,0.09300807863473892,0.09976572543382645,0.060372404754161835,0.07224725931882858,0.046857040375471115,0.06291642785072327,0.041679441928863525,0.06077668070793152,0.03976816684007645,0.059310540556907654,0.03975262865424156,0.05978108569979668,0.039746738970279694,0.0628776028752327,0.04302682355046272,0.06656726449728012,0.0484740249812603,0.07239821553230286,0.05027360841631889,0.07374460995197296,0.04970197379589081,0.07310663163661957,0.04695882648229599,0.07083436846733093,0.05242786183953285,0.07774525135755539,0.04909685626626015,0.07549075782299042,0.045963115990161896,0.07100145518779755,0.044265348464250565,0.06894175708293915,0.04431771859526634,0.06847843527793884,0.05645184591412544,0.0894959568977356,0.05664879083633423,0.09436987340450287,0.06473890691995621,0.10865316540002823,0.07077818363904953,0.12295669317245483,0.06712540239095688,0.11852746456861496,0.07323133200407028,0.1323113888502121,0.07350721210241318,0.12998981773853302,0.07764193415641785,0.13255290687084198,0.07844551652669907,0.12177061289548874,0.09144214540719986,0.13682180643081665,0.09589304029941559,0.12654133141040802,0.9800996780395508,0.07469068467617035,0.013771654106676579,p047_smile_left,18.610138937112033,66.74094254579114,0.11735269109260588
0.34219664335250854,0.3499629497528076,0.21775971353054047,0.22379395365715027,0.1405612975358963,0.14662672579288483,0.09944704920053482,0.10441067814826965,0.06563927978277206,0.07449981570243835,0.05270852521061897,0.066714808344841,0.04666127637028694,0.06425806134939194,0.044087719172239304,0.062020208686590195,0.043255534023046494,0.061298977583646774,0.04326358437538147,0.06480596959590912,0.04751032963395119,0.06941438466310501,0.05335406959056854,0.07546461373567581,0.05462881177663803,0.07620219886302948,0.052351899445056915,0.07250131666660309,0.04879068583250046,0.06871302425861359,0.05393010005354881,0.07486999034881592,0.05196084454655647,0.07450512796640396,0.04836055263876915,0.0691579058766365,0.04744848981499672,0.06844091415405273,0.04646308347582817,0.06693702936172485,0.06159772723913193,0.09193063527345657,0.06242269277572632,0.09743022173643112,0.0725339725613594,0.11547916382551193,0.07995650917291641,0.1313399225473404,0.07374150305986404,0.12468800693750381,0.0831022709608078,0.1423100084066391,0.08243092894554138,0.14021891355514526,0.08518371731042862,0.1383972465991974,0.08660959452390671,0.1329224556684494,0.09936221688985825,0.14442230761051178,0.10059931874275208,0.1322081834077835,0.9963786005973816,0.08026464283466339,0.014897787943482399,p047_smile_right,18.26878211806381,66.39958572674291,0.12205649488446897
0.3329664468765259,0.3402594327926636,0.20924170315265656,0.21484160423278809,0.13390685617923737,0.1400831788778305,0.09447506070137024,0.10048908740282059,0.064721018075943,0.07751535624265671,0.05066809430718422,0.06689969450235367,0.045596037060022354,0.06516986340284348,0.043822336941957474,0.06397946178913116,0.04352300986647606,0.06393974274396896,0.04477251321077347,0.06887476146221161,0.04791028052568436,0.07198520749807358,0.05253232643008232,0.07642246037721634,0.053588300943374634,0.07669857889413834,0.0521366223692894,0.07441272586584091,0.04938520863652229,0.0718512088060379,0.05715369060635567,0.08266186714172363,0.051380712538957596,0.07667891681194305,0.04778632894158363,0.0714043378829956,0.04651616886258125,0.0697123259305954,0.04707523435354233,0.0697968602180481,0.05975118651986122,0.09133791923522949,0.05970434471964836,0.09519167244434357,0.06836500763893127,0.11038117110729218,0.07253468781709671,0.12194496393203735,0.06601215898990631,0.11439822614192963,0.07225227355957031,0.126988023519516,0.0715777724981308,0.12292343378067017,0.07764775305986404,0.12229157984256744,0.0795036181807518,0.11330241709947586,0.09431008249521255,0.1255025714635849,0.09820973873138428,0.11678559333086014,0.9962964057922363,0.07707037031650543,0.013568228110671043,p048_neutral_front,18.674768636153,66.8055722448321,0.11648273739344832
0.3353665769100189,0.34398147463798523,0.210961252450943,0.21845269203186035,0.13408692181110382,0.1421741098165512,0.09360451996326447,0.10156462341547012,0.06426738947629929,0.07801196724176407,0.05208908021450043,0.07050771266222,0.047238994389772415,0.06908496469259262,0.04610183835029602,0.0690024122595787,0.04684987664222717,0.07152392715215683,0.047638099640607834,0.0756433755159378,0.05103433132171631,0.07831157743930817,0.05707039311528206,0.08495807647705078,0.05840789154171944,0.08562739938497543,0.05722302943468094,0.0846078023314476,0.052897803485393524,0.07983026653528214,0.05875483900308609,0.08624812215566635,0.0543985478579998,0.08367025852203369,0.05073751136660576,0.07855264097452164,0.047609198838472366,0.07327467203140259,0.05019966512918472,0.07835595309734344,0.06686532497406006,0.10768383741378784,0.06452000141143799,0.10738623887300491,0.07526747137308121,0.12605716288089752,0.08138954639434814,0.14065082371234894,0.07688244432210922,0.1361016482114792,0.08088134974241257,0.14326657354831696,0.08371226489543915,0.14621631801128387,0.08767588436603546,0.14541272819042206,0.08844351023435593,0.13397905230522156,0.10124441981315613,0.14591702818870544,0.10569695383310318,0.13619254529476166,0.9925711750984192,0.0815870612859726,0.015891408547759056,p048_neutral_left,17.98837607046358,66.11917967914269,0.12606113020181542
0.3365406095981598,0.34442874789237976,0.21180950105190277,0.218625009059906,0.13594675064086914,0.1441868394613266,0.09614832699298859,0.1054564118385315,0.06584937125444412,0.08078783005475998,0.05588109418749809,0.07625164836645126,0.05291089788079262,0.07702308148145676,0.05200652778148651,0.07695677131414413,0.05238531902432442,0.07776365429162979,0.054284755140542984,0.08381015062332153,0.05881417542695999,0.08942678570747375,0.06429462879896164,0.09583061933517456,0.06628584861755371,0.0976187139749527,0.0653194859623909,0.09524929523468018,0.06352842599153519,0.09364604949951172,0.06798627227544785,0.09886156767606735,0.06652854382991791,0.09952650964260101,0.0626472681760788,0.0936160534620285,0.062331706285476685,0.09412561357021332,0.0625191479921341,0.09400857985019684,0.07610233128070831,0.11653701215982437,0.07750093936920166,0.12129949033260345,0.08633869141340256,0.13745050132274628,0.09126351028680801,0.14881712198257446,0.08514750748872757,0.14129739999771118,0.0930427834391594,0.15532241761684418,0.0931529775261879,0.15256306529045105,0.09508297592401505,0.1456247866153717,0.09997433423995972,0.1446576863527298,0.10855712741613388,0.14760617911815643,0.11387813836336136,0.14272454380989075,0.9153752326965332,0.08949541300535202,0.01767140068113804,p048_neutral_right,17.52729025819751,65.65809386687661,0.13293382068208992
0.33416202664375305,0.34134364128112793,0.21029438078403473,0.21559228003025055,0.1349264681339264,0.14084534347057343,0.09559493511915207,0.1012122854590416,0.06542574614286423,0.07718907296657562,0.05095863714814186,0.06640572100877762,0.04548901319503784,0.06428902596235275,0.04360784962773323,0.06306489557027817,0.04328957200050354,0.06303220987319946,0.04437575489282608,0.06763540208339691,0.04756904020905495,0.07083375751972198,0.052178893238306046,0.07527390867471695,0.053198281675577164,0.07548115402460098,0.05152304470539093,0.07283499091863632,0.04853902757167816,0.06984393298625946,0.056074220687150955,0.0797148272395134,0.05056459456682205,0.07478455454111099,0.04683823883533478,0.06946457177400589,0.045278239995241165,0.0672474279999733,0.046212051063776016,0.06768669933080673,0.059507377445697784,0.09000730514526367,0.05997369810938835,0.09480413049459457,0.06863406300544739,0.10977537930011749,0.07248029857873917,0.12102600187063217,0.06568856537342072,0.11338642239570618,0.07168014347553253,0.12564003467559814,0.07083798199892044,0.1211451068520546,0.07697977125644684,0.11999132484197617,0.07919013500213623,0.11096403747797012,0.09391580522060394,0.12256287038326263,0.0984315276145935,0.11474289000034332,0.9931201338768005,0.07689027488231659,0.013378339819610119,p048_smile_front,18.73597776845999,66.86678137713909,0.1156647734602464
0.3344888687133789,0.34275805950164795,0.2099321484565735,0.21695469319820404,0.13391534984111786,0.14169447124004364,0.09396585822105408,0.10176284611225128,0.06442829221487045,0.07771782577037811,0.05206605792045593,0.07019564509391785,0.046956613659858704,0.06854884326457977,0.04580555111169815,0.06862277537584305,0.046323325484991074,0.0708213821053505,0.046724263578653336,0.0743010938167572,0.049867190420627594,0.0767134428024292,0.05533495917916298,0.08255215734243393,0.05650760605931282,0.08292321860790253,0.05544852092862129,0.0818796381354332,0.05159110948443413,0.07751994580030441,0.057253289967775345,0.08364050090312958,0.05335813760757446,0.08209831267595291,0.04982719197869301,0.07706974446773529,0.04691033065319061,0.07166676223278046,0.0493382066488266,0.07631118595600128,0.06484875082969666,0.10395202040672302,0.0632653757929802,0.10427974909543991,0.07290971279144287,0.12082712352275848,0.07819619029760361,0.13376198709011078,0.07330144196748734,0.12855179607868195,0.07688307017087936,0.13495051860809326,0.07885375618934631,0.13613761961460114,0.08363033086061478,0.13593024015426636,0.08423173427581787,0.12392270565032959,0.09835207462310791,0.13723814487457275,0.10360754281282425,0.12921744585037231,0.9328210949897766,0.07994244247674942,0.015025164932012558,p048_smile_left,18.23180752026068,66.36261112893978,0.12257717949117837
0.33597034215927124,0.34365764260292053,0.21166889369487762,0.21814310550689697,0.1362532675266266,0.14411623775959015,0.09662560373544693,0.10542993992567062,0.066048264503479,0.08083075284957886,0.05508149042725563,0.07542680203914642,0.051823876798152924,0.0758562758564949,0.050928790122270584,0.07585171610116959,0.05123726651072502,0.07654314488172531,0.05318647250533104,0.08260499686002731,0.05763065442442894,0.08805181086063385,0.0628712922334671,0.09409622848033905,0.06471773236989975,0.09561873972415924,0.06355135142803192,0.09279850125312805,0.06158357858657837,0.09071482717990875,0.06632059812545776,0.09634585678577423,0.06435820460319519,0.09633965790271759,0.06046747788786888,0.09031429141759872,0.05997655168175697,0.09033478796482086,0.06058209761977196,0.09073229879140854,0.07417484372854233,0.113511823117733,0.07595035433769226,0.11905591934919357,0.08509857207536697,0.13577240705490112,0.08965666592121124,0.14690707623958588,0.08338874578475952,0.13950252532958984,0.09090499579906464,0.15321007370948792,0.09100445359945297,0.15041813254356384,0.09303971379995346,0.14330430328845978,0.09848308563232422,0.1425476372241974,0.1072632372379303,0.1453639268875122,0.11351092159748077,0.14126268029212952,0.9981828331947327,0.08818084746599197,0.017250297591090202,p048_smile_right,17.632034083557198,65.7628376922363,0.13134038827066943
0.32000526785850525,0.3264548182487488,0.2054644078016281,0.2103653997182846,0.14149320125579834,0.14637333154678345,0.10909100621938705,0.11276394873857498,0.06998144835233688,0.0759698748588562,0.05489911884069443,0.06404546648263931,0.04982523247599602,0.06200284883379936,0.05012747272849083,0.0630536898970604,0.04670296609401703,0.06106089800596237,0.04508988931775093,0.060296256095170975,0.04538300260901451,0.06212526932358742,0.051946863532066345,0.06895239651203156,0.052890315651893616,0.06949732452630997,0.0500466451048851,0.06673705577850342,0.05009825527667999,0.06669214367866516,0.051176995038986206,0.06661012768745422,0.0511658750474453,0.07082224637269974,0.04945013299584389,0.06822771579027176,0.047865916043519974,0.06674723327159882,0.05158786103129387,0.07267075777053833,0.059838905930519104,0.09042124450206757,0.05934198200702667,0.09640279412269592,0.06661953032016754,0.11024796217679977,0.06506892293691635,0.11401280015707016,0.06734049320220947,0.12441611289978027,0.06557684391736984,0.12442923337221146,0.06714794039726257,0.1263778954744339,0.07619769871234894,0.13578449189662933,0.07917042821645737,0.13080717623233795,0.09328504651784897,0.13994723558425903,0.104121632874012,0.141995370388031,0.9948993921279907,0.07736058533191681,0.013590432703495026,p049_neutral_front,18.66766715618604,66.79847076486514,0.11657801123494527
0.31856951117515564,0.32536178827285767,0.2036571055650711,0.20923416316509247,0.14016638696193695,0.14588992297649384,0.10840260982513428,0.11310891062021255,0.06909804791212082,0.07714388519525528,0.055950045585632324,0.06760363280773163,0.05182940512895584,0.06665658205747604,0.05253622308373451,0.06848358362913132,0.05027341842651367,0.0678044855594635,0.04900723695755005,0.0673152357339859,0.050000980496406555,0.07013576477766037,0.056876566261053085,0.07794633507728577,0.05841750279068947,0.07932382822036743,0.056767504662275314,0.07783142477273941,0.057182248681783676,0.07818575203418732,0.05745585262775421,0.07718460261821747,0.058988604694604874,0.08284450322389603,0.05703573301434517,0.07974138110876083,0.05525264889001846,0.07805115729570389,0.06037788465619087,0.08611757308244705,0.07062192261219025,0.10538081079721451,0.07045318186283112,0.1102316677570343,0.07899859547615051,0.12560738623142242,0.07841701060533524,0.12919288873672485,0.08253779262304306,0.14044316112995148,0.07911644130945206,0.13794244825839996,0.08146969974040985,0.14152169227600098,0.08789089322090149,0.14896996319293976,0.08965584635734558,0.14381110668182373,0.1006195917725563,0.14955826103687286,0.11172137409448624,0.1525299996137619,0.9886244535446167,0.08385217934846878,0.015415758825838566,p049_neutral_left,18.120350926849078,66.25115453552817,0.12416021434355921
0.32129591703414917,0.3278237581253052,0.20673438906669617,0.21154877543449402,0.1428690254688263,0.14762911200523376,0.1104845181107521,0.1140327975153923,0.07059849053621292,0.07640661299228668,0.05639476701617241,0.0651586577296257,0.05123397335410118,0.06285978853702545,0.051194749772548676,0.06355706602334976,0.04743453115224838,0.061248429119586945,0.04560372605919838,0.06054063141345978,0.046403177082538605,0.0630253478884697,0.053334228694438934,0.07039393484592438,0.054311271756887436,0.07115393877029419,0.0510212741792202,0.0674687996506691,0.05088970437645912,0.06713981926441193,0.05082918331027031,0.06573644280433655,0.052092842757701874,0.07124433666467667,0.050052329897880554,0.06806136667728424,0.04899997636675835,0.06766509264707565,0.052461519837379456,0.0733412578701973,0.06094959005713463,0.0908738523721695,0.06107852980494499,0.09697356820106506,0.06878986209630966,0.11186956614255905,0.06783951818943024,0.11561362445354462,0.07090853154659271,0.1264660805463791,0.07003386318683624,0.12748120725154877,0.07205347716808319,0.13035675883293152,0.07979805022478104,0.13741286098957062,0.08464748412370682,0.1360531449317932,0.09556297957897186,0.1413414180278778,0.10667571425437927,0.1447785198688507,0.7881456017494202,0.07912489771842957,0.013903839513659477,p049_neutral_right,18.568652537502963,66.69945614618206,0.1179145432661276
0.32028624415397644,0.32680583000183105,0.20556172728538513,0.21060553193092346,0.14115269482135773,0.14621852338314056,0.10839062929153442,0.11225616931915283,0.06892996281385422,0.07530593127012253,0.05390143021941185,0.06356460601091385,0.0487397164106369,0.061455462127923965,0.04899386316537857,0.062452610582113266,0.04559851437807083,0.060551971197128296,0.04397351294755936,0.05972464382648468,0.044428639113903046,0.06169431656599045,0.05113283172249794,0.06858323514461517,0.05217759683728218,0.06917393952608109,0.049390677362680435,0.0665498599410057,0.04939868673682213,0.06647802889347076,0.050273794680833817,0.06616439670324326,0.05042608454823494,0.070639468729496,0.048712071031332016,0.06801539659500122,0.047033898532390594,0.0664040744304657,0.05063951015472412,0.07209045439958572,0.058735378086566925,0.08953548222780228,0.05802677571773529,0.09513118863105774,0.06497437506914139,0.10859404504299164,0.06346287578344345,0.11233963072299957,0.06583615392446518,0.1227373480796814,0.06431836634874344,0.1226721778512001,0.06608272343873978,0.12470104545354843,0.07550264894962311,0.13421937823295593,0.07872680574655533,0.12917999923229218,0.09298895299434662,0.1385921984910965,0.10396832227706909,0.14083871245384216,0.9951114654541016,0.07651315629482269,0.013439532369375229,p049_smile_front,18.716158423635278,66.84696203231438,0.11592899710329262
0.3212200701236725,0.32776421308517456,0.20685704052448273,0.21178941428661346,0.1421022266149521,0.14695455133914948,0.10915395617485046,0.11271712929010391,0.06932103633880615,0.07523032277822495,0.05447974056005478,0.06343782693147659,0.04932186380028725,0.061311401426792145,0.049358103424310684,0.061982933431863785,0.04559401795268059,0.05961962416768074,0.044022805988788605,0.058967527002096176,0.04486827179789543,0.061469949781894684,0.051830291748046875,0.06870612502098083,0.05288777872920036,0.0691552683711052,0.04952133446931839,0.06526815891265869,0.04940385743975639,0.06494985520839691,0.04973922297358513,0.06382869184017181,0.05042552947998047,0.06894119083881378,0.048446983098983765,0.06581417471170425,0.047349896281957626,0.06540633738040924,0.05068645998835564,0.07088153809309006,0.05875754356384277,0.08818624168634415,0.05852439999580383,0.09441320598125458,0.06619696319103241,0.1096160039305687,0.06490816175937653,0.11348724365234375,0.0678684413433075,0.12482424825429916,0.06725545972585678,0.12628614902496338,0.06950058788061142,0.12935489416122437,0.07829949259757996,0.1372164785861969,0.08372590690851212,0.1365552395582199,0.0956779196858406,0.14259406924247742,0.10745717585086823,0.14678992331027985,0.994304358959198,0.07758081704378128,0.013697812333703041,p049_smile_left,18.633487881184934,66.76429148986404,0.11703765348682893
0.31967926025390625,0.32648369669914246,0.20468249917030334,0.21018381416797638,0.1406443864107132,0.14625224471092224,0.10851848870515823,0.11307728290557861,0.06907294690608978,0.07688693702220917,0.05565189942717552,0.06696318835020065,0.05129147320985794,0.0657619833946228,0.05194050073623657,0.06744645535945892,0.04951462894678116,0.06671185791492462,0.04819437116384506,0.06613739579916,0.04907441511750221,0.06880196183919907,0.05602592974901199,0.07662207633256912,0.05747164040803909,0.07789869606494904,0.055765580385923386,0.07641119509935379,0.0561201274394989,0.07668737322092056,0.05660184845328331,0.0758390873670578,0.05796505883336067,0.0815659835934639,0.056032855063676834,0.0784851461648941,0.05400555208325386,0.07635311782360077,0.059091512113809586,0.08442588895559311,0.06925126165151596,0.10391823947429657,0.06860921531915665,0.1082075983285904,0.07713232189416885,0.1234593391418457,0.07637713104486465,0.12701959908008575,0.08042113482952118,0.13844189047813416,0.07685025781393051,0.13561290502548218,0.07930637151002884,0.13951699435710907,0.08577802032232285,0.14743950963020325,0.08735936880111694,0.14170491695404053,0.0987572968006134,0.14819249510765076,0.10981562733650208,0.1508340686559677,0.756514847278595,0.08280947804450989,0.015180566348135471,p049_smile_right,18.18712025721045,66.31792386588955,0.12320944098621449
0.3144969344139099,0.32101479172706604,0.19906936585903168,0.20451487600803375,0.13431867957115173,0.1400272250175476,0.10159794241189957,0.10630998760461807,0.06445107609033585,0.07396431267261505,0.04999566450715065,0.0632525235414505,0.04668215289711952,0.0638342946767807,0.047697894275188446,0.06576298922300339,0.04532642662525177,0.06489498913288116,0.0459035225212574,0.06683850288391113,0.04634283855557442,0.06854605674743652,0.05214514583349228,0.07400866597890854,0.053112030029296875,0.07404652237892151,0.050568871200084686,0.07117075473070145,0.05099339038133621,0.07171054184436798,0.05634940043091774,0.07725086808204651,0.05255479738116264,0.07633525133132935,0.05062359198927879,0.07280675321817398,0.04977542906999588,0.07210169732570648,0.054544802755117416,0.07858186215162277,0.06253773719072342,0.09561415761709213,0.06269898265600204,0.10230006277561188,0.07220984995365143,0.11889438331127167,0.06956283748149872,0.12049183994531631,0.07187961786985397,0.12996028363704681,0.0705145075917244,0.13009293377399445,0.07157978415489197,0.1311093270778656,0.08111728727817535,0.14069867134094238,0.0837230235338211,0.1338089257478714,0.09817822277545929,0.14281396567821503,0.1087505966424942,0.14300118386745453,0.9945951700210571,0.07804878056049347,0.014024118892848492,p050_neutral_front,18.531244150624953,66.66204775930406,0.1184234727275319
0.31458136439323425,0.3216649889945984,0.19952377676963806,0.20634126663208008,0.1340610682964325,0.14153006672859192,0.1007852628827095,0.10781563073396683,0.06464792788028717,0.07818780094385147,0.051795750856399536,0.06914805620908737,0.0496327206492424,0.07098501175642014,0.051747363060712814,0.07444803416728973,0.0510706789791584,0.07661280781030655,0.05167606845498085,0.07836846262216568,0.05233827233314514,0.07975303381681442,0.058791469782590866,0.08632413297891617,0.060175709426403046,0.08690054714679718,0.058835744857788086,0.08674562722444534,0.05888399854302406,0.08666041493415833,0.06333950906991959,0.09121810644865036,0.06071476638317108,0.09165250509977341,0.058525390923023224,0.08762058615684509,0.05592133104801178,0.08334285765886307,0.0620291531085968,0.09297327697277069,0.07279268652200699,0.11526315659284592,0.07190277427434921,0.11890527606010437,0.08214071393013,0.13618801534175873,0.0805816650390625,0.13891419768333435,0.08499251306056976,0.15138918161392212,0.08087475597858429,0.1457727551460266,0.0834929347038269,0.15004749596118927,0.09293711185455322,0.16313236951828003,0.0915236845612526,0.14856423437595367,0.10668186098337173,0.16243015229701996,0.11625292897224426,0.16067275404930115,0.9416733384132385,0.08462563902139664,0.016795411705970764,p050_neutral_left,17.748093458300712,65.87889706697982,0.12959711303100377
0.31576573848724365,0.3223714828491211,0.20012494921684265,0.20570282638072968,0.13537271320819855,0.14191442728042603,0.10278337448835373,0.10901056975126266,0.0648457407951355,0.076539047062397,0.052111197263002396,0.06850852072238922,0.05002325400710106,0.07053879648447037,0.05162392556667328,0.07349380105733871,0.050080958753824234,0.07350481301546097,0.051458101719617844,0.07672629505395889,0.05364251136779785,0.08115746825933456,0.06000106781721115,0.08819936960935593,0.06197584047913551,0.08968031406402588,0.06015250086784363,0.08659353852272034,0.06105516850948334,0.08715301007032394,0.06405432522296906,0.08886215090751648,0.06371521949768066,0.09332340955734253,0.06129149720072746,0.08872105926275253,0.06105055287480354,0.08903166651725769,0.06570149958133698,0.09614821523427963,0.07493158429861069,0.11567927896976471,0.07697639614343643,0.12459488213062286,0.08659849315881729,0.14237786829471588,0.0848361998796463,0.14442244172096252,0.08757606148719788,0.15425431728363037,0.0870739221572876,0.15541785955429077,0.0884842798113823,0.15736660361289978,0.09435402601957321,0.1596376895904541,0.10055995732545853,0.1612868309020996,0.1080595925450325,0.1590624302625656,0.1206553652882576,0.1646166890859604,0.9949432015419006,0.08700704574584961,0.017313383519649506,p050_neutral_right,17.61618050534854,65.74698411402765,0.13158033105160324
0.313713937997818,0.32022809982299805,0.19856607913970947,0.20390723645687103,0.1334584653377533,0.1392318606376648,0.10048991441726685,0.10535350441932678,0.06353293359279633,0.0732477456331253,0.04925994575023651,0.06296169012784958,0.04654017835855484,0.06411334872245789,0.04762924462556839,0.06613130122423172,0.04562320560216904,0.06553777307271957,0.04661474749445915,0.06794637441635132,0.04751863330602646,0.07020129263401031,0.053464364260435104,0.0759262889623642,0.05456974357366562,0.07613891363143921,0.05203203484416008,0.07319629192352295,0.05246754735708237,0.07367168366909027,0.05786210298538208,0.07894937694072723,0.054159827530384064,0.07849113643169403,0.05204804241657257,0.07470261305570602,0.051244404166936874,0.07408175617456436,0.056083109229803085,0.08038482815027237,0.06428409367799759,0.09749317914247513,0.064972884953022,0.10490039736032486,0.07487542927265167,0.1219325065612793,0.07222019881010056,0.12349384278059006,0.07467009872198105,0.13285617530345917,0.0734957903623581,0.13328686356544495,0.07448387891054153,0.13418817520141602,0.08365420997142792,0.14230649173259735,0.08696072548627853,0.13655103743076324,0.10064060240983963,0.14348778128623962,0.11171656101942062,0.1444082260131836,0.9952302575111389,0.07932504266500473,0.014296595007181168,p050_smile_front,18.447673853094855,66.57847746177396,0.1195683695932213
0.3184290826320648,0.32542943954467773,0.2032402604818344,0.20991308987140656,0.1369035691022873,0.1442997306585312,0.10309536010026932,0.11012633889913559,0.06648833304643631,0.08098438382148743,0.052879929542541504,0.0705375075340271,0.05073000118136406,0.07219377905130386,0.0526079386472702,0.07541511207818985,0.051732346415519714,0.07698898017406464,0.0524190329015255,0.07929116487503052,0.05294879898428917,0.08060657232999802,0.059238139539957047,0.0867299810051918,0.06052738428115845,0.08716171234846115,0.058913037180900574,0.0862608477473259,0.05899476259946823,0.0862388014793396,0.06392268091440201,0.0930711105465889,0.060998108237981796,0.09148998558521271,0.05866295099258423,0.08721909672021866,0.056109920144081116,0.08331156522035599,0.06191438436508179,0.09232825040817261,0.07289985567331314,0.11474433541297913,0.07270123809576035,0.12012386322021484,0.08307156711816788,0.13814979791641235,0.0815887451171875,0.14072920382022858,0.08593768626451492,0.15291059017181396,0.082346111536026,0.148683562874794,0.08462715148925781,0.15176290273666382,0.09461875259876251,0.16510707139968872,0.09300830960273743,0.15027469396591187,0.10857543349266052,0.16420821845531464,0.11782041937112808,0.1615932732820511,0.9922339916229248,0.08574578911066055,0.01717311516404152,p050_smile_left,17.65150917661467,65.78231278529377,0.13104623292579423
0.3180323541164398,0.32470300793647766,0.20214679837226868,0.20784315466880798,0.13626481592655182,0.1430511772632599,0.10279228538274765,0.10948823392391205,0.06560523808002472,0.07849946618080139,0.05331915616989136,0.0705680176615715,0.052297405898571014,0.07352332025766373,0.054012421518564224,0.07667087763547897,0.052943792194128036,0.0769384428858757,0.05501757189631462,0.08116967231035233,0.057555317878723145,0.08592408895492554,0.06389666348695755,0.09298062324523926,0.06586971133947372,0.09457927197217941,0.06389537453651428,0.09141585975885391,0.06492016464471817,0.09230069816112518,0.06901529431343079,0.09590266644954681,0.0679144561290741,0.09876060485839844,0.0651608407497406,0.09360571205615997,0.0653214305639267,0.09465470910072327,0.07050477713346481,0.10234982520341873,0.08018193393945694,0.12171953916549683,0.0824805200099945,0.130327045917511,0.09371351450681686,0.15077397227287292,0.09180805832147598,0.15224064886569977,0.09529785811901093,0.16286270320415497,0.09513735771179199,0.16434887051582336,0.09701253473758698,0.16717855632305145,0.1030387207865715,0.1693090945482254,0.10976933687925339,0.17262081801891327,0.11685290187597275,0.16935062408447266,0.12971702218055725,0.17585502564907074,0.9922571778297424,0.09167103469371796,0.018798721954226494,p050_smile_right,17.258716755817627,65.38952036449673,0.13710843137541356
0.32284101843833923,0.32945528626441956,0.20567084848880768,0.21131744980812073,0.13831207156181335,0.14438948035240173,0.10537252575159073,0.11062290519475937,0.0687987357378006,0.07929258793592453,0.05482886731624603,0.06857765465974808,0.05193454027175903,0.06915684044361115,0.05296128988265991,0.07118484377861023,0.05043140426278114,0.07013285905122757,0.05044395104050636,0.07128927111625671,0.05109076574444771,0.07312779128551483,0.05719896778464317,0.07928992807865143,0.058097127825021744,0.0794786661863327,0.055193983018398285,0.0762176513671875,0.05519016832113266,0.07602966576814651,0.05895752087235451,0.08018188178539276,0.05563956871628761,0.07890112698078156,0.05292113125324249,0.07460567355155945,0.05155419185757637,0.07292819023132324,0.05631214380264282,0.07925375550985336,0.06543654948472977,0.09672550112009048,0.06587564200162888,0.10259487479925156,0.07513945549726486,0.118509940803051,0.07275500148534775,0.11992400139570236,0.07544420659542084,0.12900415062904358,0.07405304163694382,0.12772637605667114,0.07599987834692001,0.1286526620388031,0.08611825853586197,0.13662077486515045,0.08863751590251923,0.1300833374261856,0.10148371011018753,0.13759677112102509,0.11115311831235886,0.13886839151382446,0.9943230748176575,0.0821293443441391,0.014463124796748161,p051_neutral_front,18.39737866420904,66.52818227288815,0.1202627323685445
0.32516369223594666,0.332587867975235,0.2076711505651474,0.2153719812631607,0.13871915638446808,0.14733754098415375,0.10435108095407486,0.11304028332233429,0.06753507256507874,0.08298835903406143,0.05668172240257263,0.07628662139177322,0.055513765662908554,0.0789632648229599,0.057997461408376694,0.08335717767477036,0.057690948247909546,0.0861264318227768,0.05752589553594589,0.08647949993610382,0.05878092721104622,0.08865348249673843,0.06603800505399704,0.09688177704811096,0.0677734836935997,0.09822283685207367,0.06654787808656693,0.09780780225992203,0.06638609617948532,0.097442127764225,0.0676339790225029,0.09642110019922256,0.06741824746131897,0.10065879672765732,0.0648188665509224,0.09620098024606705,0.06207041069865227,0.09183171391487122,0.06829541176557541,0.10172191262245178,0.08018999546766281,0.12429258227348328,0.0793377161026001,0.12628215551376343,0.08905737102031708,0.14302802085876465,0.08772262930870056,0.14486102759838104,0.09254743903875351,0.15656213462352753,0.08815792202949524,0.14851613342761993,0.09184559434652328,0.15355569124221802,0.10136860609054565,0.1621873527765274,0.10222095251083374,0.15304696559906006,0.11467278748750687,0.16012802720069885,0.12594668567180634,0.16302117705345154,0.9919700026512146,0.0915423333644867,0.01841362565755844,p051_neutral_left,17.348606901466955,65.47941051014605,0.1356968152078686
0.3282333314418793,0.33482399582862854,0.21119706332683563,0.21705935895442963,0.14340725541114807,0.15023989975452423,0.10996770858764648,0.11710488796234131,0.07204623520374298,0.08525748550891876,0.060719478875398636,0.07880949974060059,0.06012854725122452,0.08206772059202194,0.06198906898498535,0.08557195216417313,0.06093621999025345,0.08595649898052216,0.06204713508486748,0.0890592485666275,0.06516832858324051,0.09412162005901337,0.07215716689825058,0.10231821238994598,0.07420381158590317,0.10417675226926804,0.07211191207170486,0.1007305309176445,0.0728096067905426,0.10140885412693024,0.0728326290845871,0.10083875060081482,0.07449694722890854,0.10554186254739761,0.07094646990299225,0.09987790882587433,0.07089036703109741,0.10125623643398285,0.07477225363254547,0.10732601583003998,0.08568181097507477,0.1257634311914444,0.08877228200435638,0.13311700522899628,0.09850981831550598,0.1515328288078308,0.09737708419561386,0.1520339548587799,0.1012529581785202,0.1613989919424057,0.10137975960969925,0.1616184264421463,0.10342884808778763,0.16321872174739838,0.11013896018266678,0.1647695004940033,0.1159282922744751,0.1666078120470047,0.12165531516075134,0.1631670743227005,0.13292402029037476,0.16844713687896729,0.9765536785125732,0.09833741188049316,0.019707495346665382,p051_neutral_right,17.053685673106973,65.18448928178609,0.14038338700382386
0.32353219389915466,0.3301023244857788,0.2061290740966797,0.2116493135690689,0.13837040960788727,0.14436979591846466,0.105397067964077,0.11053093522787094,0.06914330273866653,0.0795355811715126,0.05507127195596695,0.06867285072803497,0.05232253670692444,0.06944452971220016,0.053252674639225006,0.07120872288942337,0.05046439543366432,0.06978212296962738,0.050718553364276886,0.07125694304704666,0.05144290626049042,0.073089100420475,0.05759047344326973,0.07912629842758179,0.05832735449075699,0.07912604510784149,0.05516131967306137,0.07557924836874008,0.055095572024583817,0.0755966380238533,0.059116180986166,0.08028784394264221,0.0553835853934288,0.07803597301244736,0.052542880177497864,0.07368572801351547,0.051594607532024384,0.07290437072515488,0.05631910637021065,0.07879391312599182,0.06522795557975769,0.09471411257982254,0.06598469614982605,0.10072717815637589,0.07564489543437958,0.11709490418434143,0.07309902459383011,0.11807511001825333,0.07574363052845001,0.1267974078655243,0.07472420483827591,0.12609432637691498,0.07651009410619736,0.12671110033988953,0.08640757948160172,0.1338791698217392,0.08950634300708771,0.12846426665782928,0.10186836868524551,0.13502560555934906,0.1117003858089447,0.1367846131324768,0.994056224822998,0.08237379789352417,0.014287231490015984,p051_smile_front,18.450519185214336,66.58132279389343,0.11952920768588732
0.3265444338321686,0.33385735750198364,0.2090923935174942,0.21599705517292023,0.140339657664299,0.14788052439689636,0.10624267160892487,0.11357349902391434,0.06906966120004654,0.08297380059957504,0.05730348825454712,0.07517828047275543,0.0559307225048542,0.07749137282371521,0.05823122709989548,0.08147828280925751,0.05769018828868866,0.0838644728064537,0.05779151991009712,0.08469074219465256,0.058869920670986176,0.08690190315246582,0.06598304212093353,0.0951709970831871,0.06762582063674927,0.09643597900867462,0.06643594801425934,0.09603112190961838,0.06634398549795151,0.09549141675233841,0.0686107650399208,0.09628846496343613,0.067302405834198,0.09884369373321533,0.06453756242990494,0.09422224014997482,0.061916008591651917,0.08983038365840912,0.06863371282815933,0.10073890537023544,0.08020935952663422,0.12311720103025436,0.07922478765249252,0.12492429465055466,0.08962800353765488,0.14258037507534027,0.08798755705356598,0.14422594010829926,0.09269934147596359,0.15593422949314117,0.08780691772699356,0.14727787673473358,0.09150639921426773,0.15271002054214478,0.1001080647110939,0.1608259677886963,0.10074423998594284,0.15106217563152313,0.11276096105575562,0.15818996727466583,0.12393520027399063,0.16059879958629608,0.9922629594802856,0.09165255725383759,0.018179649487137794,p051_smile_left,17.40414494451201,65.53494855319111,0.13483193051772935
0.32916101813316345,0.33574530482292175,0.21212130784988403,0.21798895299434662,0.14331068098545074,0.15010586380958557,0.10942482203245163,0.11627176403999329,0.07163617014884949,0.08439026772975922,0.05955192446708679,0.07696155458688736,0.05875375494360924,0.07981758564710617,0.06035947427153587,0.08301737904548645,0.059119436889886856,0.08300559222698212,0.06053364276885986,0.08635015785694122,0.06347113847732544,0.09115629643201828,0.0701213851571083,0.09912851452827454,0.07194095104932785,0.10068346560001373,0.06971865147352219,0.09700636565685272,0.07032492756843567,0.09747365117073059,0.07166936993598938,0.09853087365627289,0.07193034142255783,0.1014220118522644,0.06841682642698288,0.0956684947013855,0.06836658716201782,0.09662266075611115,0.07302388548851013,0.10331927984952927,0.08431989699602127,0.12201134115457535,0.08763068169355392,0.12952442467212677,0.09828256815671921,0.14891287684440613,0.09690246731042862,0.1494111269712448,0.10088279098272324,0.15880386531352997,0.10095533728599548,0.1589098423719406,0.10335199534893036,0.16067373752593994,0.11034931987524033,0.1624198704957962,0.11606604605913162,0.16403314471244812,0.12281766533851624,0.16140146553516388,0.13443905115127563,0.16704213619232178,0.9920637607574463,0.09739354252815247,0.01914295181632042,p051_smile_right,17.179910937955157,65.31071454663426,0.13835805656455435
